{
	"start":	{
		"connected":	[{
				"socket":	5,
				"local_host":	"172.26.184.25",
				"local_port":	58574,
				"remote_host":	"195.148.124.36",
				"remote_port":	5210
			}],
		"version":	"iperf 3.9",
		"system_info":	"Linux A-Tower 5.15.90.1-microsoft-standard-WSL2 #1 SMP Fri Jan 27 02:56:13 UTC 2023 x86_64",
		"timestamp":	{
			"time":	"Sun, 01 Oct 2023 20:59:01 GMT",
			"timesecs":	1696193941
		},
		"connecting_to":	{
			"host":	"ok1.iperf.comnet-student.eu",
			"port":	5210
		},
		"cookie":	"myctci5mblprb52lso5unasg3v37hsndh3uh",
		"tcp_mss_default":	1448,
		"sock_bufsize":	0,
		"sndbuf_actual":	16384,
		"rcvbuf_actual":	131072,
		"test_start":	{
			"protocol":	"TCP",
			"num_streams":	1,
			"blksize":	131072,
			"omit":	0,
			"duration":	10,
			"bytes":	0,
			"blocks":	0,
			"reverse":	0,
			"tos":	0
		}
	},
	"intervals":	[{
			"streams":	[{
					"socket":	5,
					"start":	0,
					"end":	1.000186,
					"seconds":	1.0001859664916992,
					"bytes":	11911248,
					"bits_per_second":	95272266.5508333,
					"retransmits":	512,
					"snd_cwnd":	39096,
					"rtt":	2865,
					"rttvar":	446,
					"pmtu":	1500,
					"omitted":	false,
					"sender":	true
				}],
			"sum":	{
				"start":	0,
				"end":	1.000186,
				"seconds":	1.0001859664916992,
				"bytes":	11911248,
				"bits_per_second":	95272266.5508333,
				"retransmits":	512,
				"omitted":	false,
				"sender":	true
			}
		}, {
			"streams":	[{
					"socket":	5,
					"start":	1.000186,
					"end":	2.000126,
					"seconds":	0.99993997812271118,
					"bytes":	12515064,
					"bits_per_second":	100126521.78180374,
					"retransmits":	659,
					"snd_cwnd":	33304,
					"rtt":	2445,
					"rttvar":	339,
					"pmtu":	1500,
					"omitted":	false,
					"sender":	true
				}],
			"sum":	{
				"start":	1.000186,
				"end":	2.000126,
				"seconds":	0.99993997812271118,
				"bytes":	12515064,
				"bits_per_second":	100126521.78180374,
				"retransmits":	659,
				"omitted":	false,
				"sender":	true
			}
		}, {
			"streams":	[{
					"socket":	5,
					"start":	2.000126,
					"end":	3.000092,
					"seconds":	0.999966025352478,
					"bytes":	12141480,
					"bits_per_second":	97135140.132148,
					"retransmits":	491,
					"snd_cwnd":	27512,
					"rtt":	2446,
					"rttvar":	237,
					"pmtu":	1500,
					"omitted":	false,
					"sender":	true
				}],
			"sum":	{
				"start":	2.000126,
				"end":	3.000092,
				"seconds":	0.999966025352478,
				"bytes":	12141480,
				"bits_per_second":	97135140.132148,
				"retransmits":	491,
				"omitted":	false,
				"sender":	true
			}
		}, {
			"streams":	[{
					"socket":	5,
					"start":	3.000092,
					"end":	4.000117,
					"seconds":	1.0000250339508057,
					"bytes":	11207520,
					"bits_per_second":	89657915.508153826,
					"retransmits":	660,
					"snd_cwnd":	36200,
					"rtt":	2781,
					"rttvar":	488,
					"pmtu":	1500,
					"omitted":	false,
					"sender":	true
				}],
			"sum":	{
				"start":	3.000092,
				"end":	4.000117,
				"seconds":	1.0000250339508057,
				"bytes":	11207520,
				"bits_per_second":	89657915.508153826,
				"retransmits":	660,
				"omitted":	false,
				"sender":	true
			}
		}, {
			"streams":	[{
					"socket":	5,
					"start":	4.000117,
					"end":	5.00021,
					"seconds":	1.0000929832458496,
					"bytes":	11207520,
					"bits_per_second":	89651823.8824191,
					"retransmits":	534,
					"snd_cwnd":	46336,
					"rtt":	4274,
					"rttvar":	620,
					"pmtu":	1500,
					"omitted":	false,
					"sender":	true
				}],
			"sum":	{
				"start":	4.000117,
				"end":	5.00021,
				"seconds":	1.0000929832458496,
				"bytes":	11207520,
				"bits_per_second":	89651823.8824191,
				"retransmits":	534,
				"omitted":	false,
				"sender":	true
			}
		}, {
			"streams":	[{
					"socket":	5,
					"start":	5.00021,
					"end":	6.00016,
					"seconds":	0.99994999170303345,
					"bytes":	11892424,
					"bits_per_second":	95144149.9969077,
					"retransmits":	617,
					"snd_cwnd":	24616,
					"rtt":	2366,
					"rttvar":	432,
					"pmtu":	1500,
					"omitted":	false,
					"sender":	true
				}],
			"sum":	{
				"start":	5.00021,
				"end":	6.00016,
				"seconds":	0.99994999170303345,
				"bytes":	11892424,
				"bits_per_second":	95144149.9969077,
				"retransmits":	617,
				"omitted":	false,
				"sender":	true
			}
		}, {
			"streams":	[{
					"socket":	5,
					"start":	6.00016,
					"end":	7.000178,
					"seconds":	1.0000180006027222,
					"bytes":	11581104,
					"bits_per_second":	92647164.2952022,
					"retransmits":	852,
					"snd_cwnd":	26064,
					"rtt":	2279,
					"rttvar":	120,
					"pmtu":	1500,
					"omitted":	false,
					"sender":	true
				}],
			"sum":	{
				"start":	6.00016,
				"end":	7.000178,
				"seconds":	1.0000180006027222,
				"bytes":	11581104,
				"bits_per_second":	92647164.2952022,
				"retransmits":	852,
				"omitted":	false,
				"sender":	true
			}
		}, {
			"streams":	[{
					"socket":	5,
					"start":	7.000178,
					"end":	8.000105,
					"seconds":	0.99992698431015,
					"bytes":	11830160,
					"bits_per_second":	94648190.8029445,
					"retransmits":	799,
					"snd_cwnd":	20272,
					"rtt":	2102,
					"rttvar":	88,
					"pmtu":	1500,
					"omitted":	false,
					"sender":	true
				}],
			"sum":	{
				"start":	7.000178,
				"end":	8.000105,
				"seconds":	0.99992698431015,
				"bytes":	11830160,
				"bits_per_second":	94648190.8029445,
				"retransmits":	799,
				"omitted":	false,
				"sender":	true
			}
		}, {
			"streams":	[{
					"socket":	5,
					"start":	8.000105,
					"end":	9.000091,
					"seconds":	0.99998599290847778,
					"bytes":	11581104,
					"bits_per_second":	92650129.758847073,
					"retransmits":	671,
					"snd_cwnd":	33304,
					"rtt":	2297,
					"rttvar":	264,
					"pmtu":	1500,
					"omitted":	false,
					"sender":	true
				}],
			"sum":	{
				"start":	8.000105,
				"end":	9.000091,
				"seconds":	0.99998599290847778,
				"bytes":	11581104,
				"bits_per_second":	92650129.758847073,
				"retransmits":	671,
				"omitted":	false,
				"sender":	true
			}
		}, {
			"streams":	[{
					"socket":	5,
					"start":	9.000091,
					"end":	10.000145,
					"seconds":	1.0000540018081665,
					"bytes":	11581104,
					"bits_per_second":	92643829.065715,
					"retransmits":	777,
					"snd_cwnd":	24616,
					"rtt":	2192,
					"rttvar":	173,
					"pmtu":	1500,
					"omitted":	false,
					"sender":	true
				}],
			"sum":	{
				"start":	9.000091,
				"end":	10.000145,
				"seconds":	1.0000540018081665,
				"bytes":	11581104,
				"bits_per_second":	92643829.065715,
				"retransmits":	777,
				"omitted":	false,
				"sender":	true
			}
		}],
	"end":	{
		"streams":	[{
				"sender":	{
					"socket":	5,
					"start":	0,
					"end":	10.000145,
					"seconds":	10.000145,
					"bytes":	117448728,
					"bits_per_second":	93957620.0145098,
					"retransmits":	6572,
					"max_snd_cwnd":	46336,
					"max_rtt":	4274,
					"min_rtt":	2102,
					"mean_rtt":	2604,
					"sender":	true
				},
				"receiver":	{
					"socket":	5,
					"start":	0,
					"end":	10.042179999989457,
					"seconds":	10.000145,
					"bytes":	116843464,
					"bits_per_second":	93082150.688494071,
					"sender":	true
				}
			}],
		"sum_sent":	{
			"start":	0,
			"end":	10.000145,
			"seconds":	10.000145,
			"bytes":	117448728,
			"bits_per_second":	93957620.0145098,
			"retransmits":	6572,
			"sender":	true
		},
		"sum_received":	{
			"start":	0,
			"end":	10.042179999989457,
			"seconds":	10.042179999989457,
			"bytes":	116843464,
			"bits_per_second":	93082150.688494071,
			"sender":	true
		},
		"cpu_utilization_percent":	{
			"host_total":	0.77681557875532137,
			"host_user":	0.511819316338942,
			"host_system":	0.26500616067808636,
			"remote_total":	0.52068150849361472,
			"remote_user":	0.062036469983331864,
			"remote_system":	0.45864460331322654
		},
		"sender_tcp_congestion":	"cubic",
		"receiver_tcp_congestion":	"cubic"
	}
}
