{
	"start":	{
		"connected":	[{
				"socket":	5,
				"local_host":	"172.26.184.25",
				"local_port":	37448,
				"remote_host":	"195.148.124.36",
				"remote_port":	5208
			}],
		"version":	"iperf 3.9",
		"system_info":	"Linux A-Tower 5.15.90.1-microsoft-standard-WSL2 #1 SMP Fri Jan 27 02:56:13 UTC 2023 x86_64",
		"timestamp":	{
			"time":	"Mon, 02 Oct 2023 03:59:01 GMT",
			"timesecs":	1696219141
		},
		"connecting_to":	{
			"host":	"ok1.iperf.comnet-student.eu",
			"port":	5208
		},
		"cookie":	"qwyxexnn7y62mj7ntgbj76yerfnppyildz5i",
		"tcp_mss_default":	1448,
		"sock_bufsize":	0,
		"sndbuf_actual":	16384,
		"rcvbuf_actual":	131072,
		"test_start":	{
			"protocol":	"TCP",
			"num_streams":	1,
			"blksize":	131072,
			"omit":	0,
			"duration":	10,
			"bytes":	0,
			"blocks":	0,
			"reverse":	0,
			"tos":	0
		}
	},
	"intervals":	[{
			"streams":	[{
					"socket":	5,
					"start":	0,
					"end":	1.000124,
					"seconds":	1.0001239776611328,
					"bytes":	11669432,
					"bits_per_second":	93343883.4436496,
					"retransmits":	166,
					"snd_cwnd":	34752,
					"rtt":	2890,
					"rttvar":	398,
					"pmtu":	1500,
					"omitted":	false,
					"sender":	true
				}],
			"sum":	{
				"start":	0,
				"end":	1.000124,
				"seconds":	1.0001239776611328,
				"bytes":	11669432,
				"bits_per_second":	93343883.4436496,
				"retransmits":	166,
				"omitted":	false,
				"sender":	true
			}
		}, {
			"streams":	[{
					"socket":	5,
					"start":	1.000124,
					"end":	2.000137,
					"seconds":	1.000012993812561,
					"bytes":	9215072,
					"bits_per_second":	73719618.101100326,
					"retransmits":	259,
					"snd_cwnd":	40544,
					"rtt":	3596,
					"rttvar":	498,
					"pmtu":	1500,
					"omitted":	false,
					"sender":	true
				}],
			"sum":	{
				"start":	1.000124,
				"end":	2.000137,
				"seconds":	1.000012993812561,
				"bytes":	9215072,
				"bits_per_second":	73719618.101100326,
				"retransmits":	259,
				"omitted":	false,
				"sender":	true
			}
		}, {
			"streams":	[{
					"socket":	5,
					"start":	2.000137,
					"end":	3.000088,
					"seconds":	0.99995100498199463,
					"bytes":	12390536,
					"bits_per_second":	99129144.834236,
					"retransmits":	271,
					"snd_cwnd":	37648,
					"rtt":	2960,
					"rttvar":	272,
					"pmtu":	1500,
					"omitted":	false,
					"sender":	true
				}],
			"sum":	{
				"start":	2.000137,
				"end":	3.000088,
				"seconds":	0.99995100498199463,
				"bytes":	12390536,
				"bits_per_second":	99129144.834236,
				"retransmits":	271,
				"omitted":	false,
				"sender":	true
			}
		}, {
			"streams":	[{
					"socket":	5,
					"start":	3.000088,
					"end":	4.000144,
					"seconds":	1.0000560283660889,
					"bytes":	12639592,
					"bits_per_second":	101111070.91190331,
					"retransmits":	368,
					"snd_cwnd":	31856,
					"rtt":	2861,
					"rttvar":	417,
					"pmtu":	1500,
					"omitted":	false,
					"sender":	true
				}],
			"sum":	{
				"start":	3.000088,
				"end":	4.000144,
				"seconds":	1.0000560283660889,
				"bytes":	12639592,
				"bits_per_second":	101111070.91190331,
				"retransmits":	368,
				"omitted":	false,
				"sender":	true
			}
		}, {
			"streams":	[{
					"socket":	5,
					"start":	4.000144,
					"end":	5.000137,
					"seconds":	0.99999302625656128,
					"bytes":	12515064,
					"bits_per_second":	100121210.21963285,
					"retransmits":	300,
					"snd_cwnd":	31856,
					"rtt":	3048,
					"rttvar":	489,
					"pmtu":	1500,
					"omitted":	false,
					"sender":	true
				}],
			"sum":	{
				"start":	4.000144,
				"end":	5.000137,
				"seconds":	0.99999302625656128,
				"bytes":	12515064,
				"bits_per_second":	100121210.21963285,
				"retransmits":	300,
				"omitted":	false,
				"sender":	true
			}
		}, {
			"streams":	[{
					"socket":	5,
					"start":	5.000137,
					"end":	6.000086,
					"seconds":	0.99994897842407227,
					"bytes":	11830160,
					"bits_per_second":	94646108.9936363,
					"retransmits":	523,
					"snd_cwnd":	46336,
					"rtt":	3865,
					"rttvar":	413,
					"pmtu":	1500,
					"omitted":	false,
					"sender":	true
				}],
			"sum":	{
				"start":	5.000137,
				"end":	6.000086,
				"seconds":	0.99994897842407227,
				"bytes":	11830160,
				"bits_per_second":	94646108.9936363,
				"retransmits":	523,
				"omitted":	false,
				"sender":	true
			}
		}, {
			"streams":	[{
					"socket":	5,
					"start":	6.000086,
					"end":	7.000185,
					"seconds":	1.0000989437103271,
					"bytes":	11456576,
					"bits_per_second":	91643540.448080555,
					"retransmits":	458,
					"snd_cwnd":	28960,
					"rtt":	2809,
					"rttvar":	394,
					"pmtu":	1500,
					"omitted":	false,
					"sender":	true
				}],
			"sum":	{
				"start":	6.000086,
				"end":	7.000185,
				"seconds":	1.0000989437103271,
				"bytes":	11456576,
				"bits_per_second":	91643540.448080555,
				"retransmits":	458,
				"omitted":	false,
				"sender":	true
			}
		}, {
			"streams":	[{
					"socket":	5,
					"start":	7.000185,
					"end":	8.000127,
					"seconds":	0.99994200468063354,
					"bytes":	11643368,
					"bits_per_second":	93152346.4000792,
					"retransmits":	448,
					"snd_cwnd":	31856,
					"rtt":	2650,
					"rttvar":	345,
					"pmtu":	1500,
					"omitted":	false,
					"sender":	true
				}],
			"sum":	{
				"start":	7.000185,
				"end":	8.000127,
				"seconds":	0.99994200468063354,
				"bytes":	11643368,
				"bits_per_second":	93152346.4000792,
				"retransmits":	448,
				"omitted":	false,
				"sender":	true
			}
		}, {
			"streams":	[{
					"socket":	5,
					"start":	8.000127,
					"end":	9.000143,
					"seconds":	1.0000159740448,
					"bytes":	11456576,
					"bits_per_second":	91651143.9605204,
					"retransmits":	381,
					"snd_cwnd":	41992,
					"rtt":	2979,
					"rttvar":	404,
					"pmtu":	1500,
					"omitted":	false,
					"sender":	true
				}],
			"sum":	{
				"start":	8.000127,
				"end":	9.000143,
				"seconds":	1.0000159740448,
				"bytes":	11456576,
				"bits_per_second":	91651143.9605204,
				"retransmits":	381,
				"omitted":	false,
				"sender":	true
			}
		}, {
			"streams":	[{
					"socket":	5,
					"start":	9.000143,
					"end":	10.000094,
					"seconds":	0.99995100498199463,
					"bytes":	12016952,
					"bits_per_second":	96140326.397022858,
					"retransmits":	517,
					"snd_cwnd":	44888,
					"rtt":	3114,
					"rttvar":	532,
					"pmtu":	1500,
					"omitted":	false,
					"sender":	true
				}],
			"sum":	{
				"start":	9.000143,
				"end":	10.000094,
				"seconds":	0.99995100498199463,
				"bytes":	12016952,
				"bits_per_second":	96140326.397022858,
				"retransmits":	517,
				"omitted":	false,
				"sender":	true
			}
		}],
	"end":	{
		"streams":	[{
				"sender":	{
					"socket":	5,
					"start":	0,
					"end":	10.000094,
					"seconds":	10.000094,
					"bytes":	116833328,
					"bits_per_second":	93465783.821632072,
					"retransmits":	3691,
					"max_snd_cwnd":	46336,
					"max_rtt":	3865,
					"min_rtt":	2650,
					"mean_rtt":	3077,
					"sender":	true
				},
				"receiver":	{
					"socket":	5,
					"start":	0,
					"end":	10.051788000040688,
					"seconds":	10.000094,
					"bytes":	116242544,
					"bits_per_second":	92514918.9374304,
					"sender":	true
				}
			}],
		"sum_sent":	{
			"start":	0,
			"end":	10.000094,
			"seconds":	10.000094,
			"bytes":	116833328,
			"bits_per_second":	93465783.821632072,
			"retransmits":	3691,
			"sender":	true
		},
		"sum_received":	{
			"start":	0,
			"end":	10.051788000040688,
			"seconds":	10.051788000040688,
			"bytes":	116242544,
			"bits_per_second":	92514918.9374304,
			"sender":	true
		},
		"cpu_utilization_percent":	{
			"host_total":	0.9036428224930223,
			"host_user":	0.46067464189423923,
			"host_system":	0.442968180598783,
			"remote_total":	0.10830222492734409,
			"remote_user":	0.0098602995143680355,
			"remote_system":	0.0984432529107566
		},
		"sender_tcp_congestion":	"cubic",
		"receiver_tcp_congestion":	"cubic"
	}
}
