{
	"start":	{
		"connected":	[{
				"socket":	5,
				"local_host":	"172.26.184.25",
				"local_port":	52104,
				"remote_host":	"195.148.124.36",
				"remote_port":	5203
			}],
		"version":	"iperf 3.9",
		"system_info":	"Linux A-Tower 5.15.90.1-microsoft-standard-WSL2 #1 SMP Fri Jan 27 02:56:13 UTC 2023 x86_64",
		"timestamp":	{
			"time":	"Mon, 02 Oct 2023 07:59:01 GMT",
			"timesecs":	1696233541
		},
		"connecting_to":	{
			"host":	"ok1.iperf.comnet-student.eu",
			"port":	5203
		},
		"cookie":	"3yv2ltw2lbcwped4qbflwevu3u7t5gw3zdr6",
		"tcp_mss_default":	1448,
		"sock_bufsize":	0,
		"sndbuf_actual":	16384,
		"rcvbuf_actual":	131072,
		"test_start":	{
			"protocol":	"TCP",
			"num_streams":	1,
			"blksize":	131072,
			"omit":	0,
			"duration":	10,
			"bytes":	0,
			"blocks":	0,
			"reverse":	0,
			"tos":	0
		}
	},
	"intervals":	[{
			"streams":	[{
					"socket":	5,
					"start":	0,
					"end":	1.000124,
					"seconds":	1.0001239776611328,
					"bytes":	11223448,
					"bits_per_second":	89776453.725242347,
					"retransmits":	459,
					"snd_cwnd":	55024,
					"rtt":	2567,
					"rttvar":	215,
					"pmtu":	1500,
					"omitted":	false,
					"sender":	true
				}],
			"sum":	{
				"start":	0,
				"end":	1.000124,
				"seconds":	1.0001239776611328,
				"bytes":	11223448,
				"bits_per_second":	89776453.725242347,
				"retransmits":	459,
				"omitted":	false,
				"sender":	true
			}
		}, {
			"streams":	[{
					"socket":	5,
					"start":	1.000124,
					"end":	2.000123,
					"seconds":	0.99999898672103882,
					"bytes":	12639592,
					"bits_per_second":	101116838.45956503,
					"retransmits":	556,
					"snd_cwnd":	31856,
					"rtt":	2448,
					"rttvar":	94,
					"pmtu":	1500,
					"omitted":	false,
					"sender":	true
				}],
			"sum":	{
				"start":	1.000124,
				"end":	2.000123,
				"seconds":	0.99999898672103882,
				"bytes":	12639592,
				"bits_per_second":	101116838.45956503,
				"retransmits":	556,
				"omitted":	false,
				"sender":	true
			}
		}, {
			"streams":	[{
					"socket":	5,
					"start":	2.000123,
					"end":	3.000149,
					"seconds":	1.0000259876251221,
					"bytes":	12266008,
					"bits_per_second":	98125513.950928539,
					"retransmits":	501,
					"snd_cwnd":	26064,
					"rtt":	2710,
					"rttvar":	277,
					"pmtu":	1500,
					"omitted":	false,
					"sender":	true
				}],
			"sum":	{
				"start":	2.000123,
				"end":	3.000149,
				"seconds":	1.0000259876251221,
				"bytes":	12266008,
				"bits_per_second":	98125513.950928539,
				"retransmits":	501,
				"omitted":	false,
				"sender":	true
			}
		}, {
			"streams":	[{
					"socket":	5,
					"start":	3.000149,
					"end":	4.000121,
					"seconds":	0.99997198581695557,
					"bytes":	11269784,
					"bits_per_second":	90160797.781092465,
					"retransmits":	399,
					"snd_cwnd":	52128,
					"rtt":	2895,
					"rttvar":	217,
					"pmtu":	1500,
					"omitted":	false,
					"sender":	true
				}],
			"sum":	{
				"start":	3.000149,
				"end":	4.000121,
				"seconds":	0.99997198581695557,
				"bytes":	11269784,
				"bits_per_second":	90160797.781092465,
				"retransmits":	399,
				"omitted":	false,
				"sender":	true
			}
		}, {
			"streams":	[{
					"socket":	5,
					"start":	4.000121,
					"end":	5.000146,
					"seconds":	1.0000250339508057,
					"bytes":	11892424,
					"bits_per_second":	95137010.344763234,
					"retransmits":	541,
					"snd_cwnd":	34752,
					"rtt":	2387,
					"rttvar":	300,
					"pmtu":	1500,
					"omitted":	false,
					"sender":	true
				}],
			"sum":	{
				"start":	4.000121,
				"end":	5.000146,
				"seconds":	1.0000250339508057,
				"bytes":	11892424,
				"bits_per_second":	95137010.344763234,
				"retransmits":	541,
				"omitted":	false,
				"sender":	true
			}
		}, {
			"streams":	[{
					"socket":	5,
					"start":	5.000146,
					"end":	6.00012,
					"seconds":	0.999974012374878,
					"bytes":	11705632,
					"bits_per_second":	93647489.675855324,
					"retransmits":	712,
					"snd_cwnd":	27512,
					"rtt":	2608,
					"rttvar":	397,
					"pmtu":	1500,
					"omitted":	false,
					"sender":	true
				}],
			"sum":	{
				"start":	5.000146,
				"end":	6.00012,
				"seconds":	0.999974012374878,
				"bytes":	11705632,
				"bits_per_second":	93647489.675855324,
				"retransmits":	712,
				"omitted":	false,
				"sender":	true
			}
		}, {
			"streams":	[{
					"socket":	5,
					"start":	6.00012,
					"end":	7.000136,
					"seconds":	1.0000159740448,
					"bytes":	11332048,
					"bits_per_second":	90654935.873993024,
					"retransmits":	685,
					"snd_cwnd":	27512,
					"rtt":	2606,
					"rttvar":	262,
					"pmtu":	1500,
					"omitted":	false,
					"sender":	true
				}],
			"sum":	{
				"start":	6.00012,
				"end":	7.000136,
				"seconds":	1.0000159740448,
				"bytes":	11332048,
				"bits_per_second":	90654935.873993024,
				"retransmits":	685,
				"omitted":	false,
				"sender":	true
			}
		}, {
			"streams":	[{
					"socket":	5,
					"start":	7.000136,
					"end":	8.000139,
					"seconds":	1.0000029802322388,
					"bytes":	11830160,
					"bits_per_second":	94640997.9478468,
					"retransmits":	686,
					"snd_cwnd":	27512,
					"rtt":	2656,
					"rttvar":	275,
					"pmtu":	1500,
					"omitted":	false,
					"sender":	true
				}],
			"sum":	{
				"start":	7.000136,
				"end":	8.000139,
				"seconds":	1.0000029802322388,
				"bytes":	11830160,
				"bits_per_second":	94640997.9478468,
				"retransmits":	686,
				"omitted":	false,
				"sender":	true
			}
		}, {
			"streams":	[{
					"socket":	5,
					"start":	8.000139,
					"end":	9.000158,
					"seconds":	1.0000189542770386,
					"bytes":	11581104,
					"bits_per_second":	92647075.9416558,
					"retransmits":	699,
					"snd_cwnd":	21720,
					"rtt":	2347,
					"rttvar":	369,
					"pmtu":	1500,
					"omitted":	false,
					"sender":	true
				}],
			"sum":	{
				"start":	8.000139,
				"end":	9.000158,
				"seconds":	1.0000189542770386,
				"bytes":	11581104,
				"bits_per_second":	92647075.9416558,
				"retransmits":	699,
				"omitted":	false,
				"sender":	true
			}
		}, {
			"streams":	[{
					"socket":	5,
					"start":	9.000158,
					"end":	10.000096,
					"seconds":	0.99993801116943359,
					"bytes":	11830160,
					"bits_per_second":	94647147.06596306,
					"retransmits":	551,
					"snd_cwnd":	23168,
					"rtt":	2188,
					"rttvar":	119,
					"pmtu":	1500,
					"omitted":	false,
					"sender":	true
				}],
			"sum":	{
				"start":	9.000158,
				"end":	10.000096,
				"seconds":	0.99993801116943359,
				"bytes":	11830160,
				"bits_per_second":	94647147.06596306,
				"retransmits":	551,
				"omitted":	false,
				"sender":	true
			}
		}],
	"end":	{
		"streams":	[{
				"sender":	{
					"socket":	5,
					"start":	0,
					"end":	10.000096,
					"seconds":	10.000096,
					"bytes":	117570360,
					"bits_per_second":	94055385.068303347,
					"retransmits":	5789,
					"max_snd_cwnd":	55024,
					"max_rtt":	2895,
					"min_rtt":	2188,
					"mean_rtt":	2541,
					"sender":	true
				},
				"receiver":	{
					"socket":	5,
					"start":	0,
					"end":	10.037397000007331,
					"seconds":	10.000096,
					"bytes":	116755136,
					"bits_per_second":	93056106.8770437,
					"sender":	true
				}
			}],
		"sum_sent":	{
			"start":	0,
			"end":	10.000096,
			"seconds":	10.000096,
			"bytes":	117570360,
			"bits_per_second":	94055385.068303347,
			"retransmits":	5789,
			"sender":	true
		},
		"sum_received":	{
			"start":	0,
			"end":	10.037397000007331,
			"seconds":	10.037397000007331,
			"bytes":	116755136,
			"bits_per_second":	93056106.8770437,
			"sender":	true
		},
		"cpu_utilization_percent":	{
			"host_total":	0.7281601227417297,
			"host_user":	0.19363074278689835,
			"host_system":	0.53451947759506935,
			"remote_total":	0.341797750803343,
			"remote_user":	0.0337646102850538,
			"remote_system":	0.30803687608192337
		},
		"sender_tcp_congestion":	"cubic",
		"receiver_tcp_congestion":	"cubic"
	}
}
