{
	"start":	{
		"connected":	[{
				"socket":	5,
				"local_host":	"172.26.184.25",
				"local_port":	52576,
				"remote_host":	"195.148.124.36",
				"remote_port":	5205
			}],
		"version":	"iperf 3.9",
		"system_info":	"Linux A-Tower 5.15.90.1-microsoft-standard-WSL2 #1 SMP Fri Jan 27 02:56:13 UTC 2023 x86_64",
		"timestamp":	{
			"time":	"Sun, 01 Oct 2023 15:59:01 GMT",
			"timesecs":	1696175941
		},
		"connecting_to":	{
			"host":	"ok1.iperf.comnet-student.eu",
			"port":	5205
		},
		"cookie":	"6f7mliigbr3uwraxdxqrga6lp3mgoqeddllu",
		"tcp_mss_default":	1448,
		"sock_bufsize":	0,
		"sndbuf_actual":	16384,
		"rcvbuf_actual":	131072,
		"test_start":	{
			"protocol":	"TCP",
			"num_streams":	1,
			"blksize":	131072,
			"omit":	0,
			"duration":	10,
			"bytes":	0,
			"blocks":	0,
			"reverse":	0,
			"tos":	0
		}
	},
	"intervals":	[{
			"streams":	[{
					"socket":	5,
					"start":	0,
					"end":	1.000168,
					"seconds":	1.0001679658889771,
					"bytes":	11743280,
					"bits_per_second":	93930462.8862993,
					"retransmits":	374,
					"snd_cwnd":	34752,
					"rtt":	2680,
					"rttvar":	273,
					"pmtu":	1500,
					"omitted":	false,
					"sender":	true
				}],
			"sum":	{
				"start":	0,
				"end":	1.000168,
				"seconds":	1.0001679658889771,
				"bytes":	11743280,
				"bits_per_second":	93930462.8862993,
				"retransmits":	374,
				"omitted":	false,
				"sender":	true
			}
		}, {
			"streams":	[{
					"socket":	5,
					"start":	1.000168,
					"end":	2.0001,
					"seconds":	0.99993199110031128,
					"bytes":	12079216,
					"bits_per_second":	96640300.400495827,
					"retransmits":	367,
					"snd_cwnd":	46336,
					"rtt":	2360,
					"rttvar":	270,
					"pmtu":	1500,
					"omitted":	false,
					"sender":	true
				}],
			"sum":	{
				"start":	1.000168,
				"end":	2.0001,
				"seconds":	0.99993199110031128,
				"bytes":	12079216,
				"bits_per_second":	96640300.400495827,
				"retransmits":	367,
				"omitted":	false,
				"sender":	true
			}
		}, {
			"streams":	[{
					"socket":	5,
					"start":	2.0001,
					"end":	3.000104,
					"seconds":	1.0000040531158447,
					"bytes":	12764120,
					"bits_per_second":	102112546.12602136,
					"retransmits":	370,
					"snd_cwnd":	37648,
					"rtt":	2610,
					"rttvar":	159,
					"pmtu":	1500,
					"omitted":	false,
					"sender":	true
				}],
			"sum":	{
				"start":	2.0001,
				"end":	3.000104,
				"seconds":	1.0000040531158447,
				"bytes":	12764120,
				"bits_per_second":	102112546.12602136,
				"retransmits":	370,
				"omitted":	false,
				"sender":	true
			}
		}, {
			"streams":	[{
					"socket":	5,
					"start":	3.000104,
					"end":	4.000134,
					"seconds":	1.0000300407409668,
					"bytes":	10709408,
					"bits_per_second":	85672690.3289019,
					"retransmits":	337,
					"snd_cwnd":	34752,
					"rtt":	3591,
					"rttvar":	816,
					"pmtu":	1500,
					"omitted":	false,
					"sender":	true
				}],
			"sum":	{
				"start":	3.000104,
				"end":	4.000134,
				"seconds":	1.0000300407409668,
				"bytes":	10709408,
				"bits_per_second":	85672690.3289019,
				"retransmits":	337,
				"omitted":	false,
				"sender":	true
			}
		}, {
			"streams":	[{
					"socket":	5,
					"start":	4.000134,
					"end":	5.000115,
					"seconds":	0.99998098611831665,
					"bytes":	12016952,
					"bits_per_second":	96137443.945984527,
					"retransmits":	233,
					"snd_cwnd":	34752,
					"rtt":	2812,
					"rttvar":	601,
					"pmtu":	1500,
					"omitted":	false,
					"sender":	true
				}],
			"sum":	{
				"start":	4.000134,
				"end":	5.000115,
				"seconds":	0.99998098611831665,
				"bytes":	12016952,
				"bits_per_second":	96137443.945984527,
				"retransmits":	233,
				"omitted":	false,
				"sender":	true
			}
		}, {
			"streams":	[{
					"socket":	5,
					"start":	5.000115,
					"end":	6.000156,
					"seconds":	1.0000410079956055,
					"bytes":	12577328,
					"bits_per_second":	100614498.00110812,
					"retransmits":	287,
					"snd_cwnd":	46336,
					"rtt":	3551,
					"rttvar":	926,
					"pmtu":	1500,
					"omitted":	false,
					"sender":	true
				}],
			"sum":	{
				"start":	5.000115,
				"end":	6.000156,
				"seconds":	1.0000410079956055,
				"bytes":	12577328,
				"bits_per_second":	100614498.00110812,
				"retransmits":	287,
				"omitted":	false,
				"sender":	true
			}
		}, {
			"streams":	[{
					"socket":	5,
					"start":	6.000156,
					"end":	7.000141,
					"seconds":	0.9999849796295166,
					"bytes":	11456576,
					"bits_per_second":	91653984.6768061,
					"retransmits":	581,
					"snd_cwnd":	36200,
					"rtt":	3130,
					"rttvar":	526,
					"pmtu":	1500,
					"omitted":	false,
					"sender":	true
				}],
			"sum":	{
				"start":	6.000156,
				"end":	7.000141,
				"seconds":	0.9999849796295166,
				"bytes":	11456576,
				"bits_per_second":	91653984.6768061,
				"retransmits":	581,
				"omitted":	false,
				"sender":	true
			}
		}, {
			"streams":	[{
					"socket":	5,
					"start":	7.000141,
					"end":	8.000139,
					"seconds":	0.99999797344207764,
					"bytes":	12079216,
					"bits_per_second":	96633923.8342439,
					"retransmits":	447,
					"snd_cwnd":	36200,
					"rtt":	2647,
					"rttvar":	321,
					"pmtu":	1500,
					"omitted":	false,
					"sender":	true
				}],
			"sum":	{
				"start":	7.000141,
				"end":	8.000139,
				"seconds":	0.99999797344207764,
				"bytes":	12079216,
				"bits_per_second":	96633923.8342439,
				"retransmits":	447,
				"omitted":	false,
				"sender":	true
			}
		}, {
			"streams":	[{
					"socket":	5,
					"start":	8.000139,
					"end":	9.000115,
					"seconds":	0.99997597932815552,
					"bytes":	11394312,
					"bits_per_second":	91156685.6448323,
					"retransmits":	361,
					"snd_cwnd":	34752,
					"rtt":	2882,
					"rttvar":	280,
					"pmtu":	1500,
					"omitted":	false,
					"sender":	true
				}],
			"sum":	{
				"start":	8.000139,
				"end":	9.000115,
				"seconds":	0.99997597932815552,
				"bytes":	11394312,
				"bits_per_second":	91156685.6448323,
				"retransmits":	361,
				"omitted":	false,
				"sender":	true
			}
		}, {
			"streams":	[{
					"socket":	5,
					"start":	9.000115,
					"end":	10.000167,
					"seconds":	1.0000519752502441,
					"bytes":	11269784,
					"bits_per_second":	90153586.2447945,
					"retransmits":	418,
					"snd_cwnd":	24616,
					"rtt":	2396,
					"rttvar":	335,
					"pmtu":	1500,
					"omitted":	false,
					"sender":	true
				}],
			"sum":	{
				"start":	9.000115,
				"end":	10.000167,
				"seconds":	1.0000519752502441,
				"bytes":	11269784,
				"bits_per_second":	90153586.2447945,
				"retransmits":	418,
				"omitted":	false,
				"sender":	true
			}
		}],
	"end":	{
		"streams":	[{
				"sender":	{
					"socket":	5,
					"start":	0,
					"end":	10.000167,
					"seconds":	10.000167,
					"bytes":	118090192,
					"bits_per_second":	94470575.9413818,
					"retransmits":	3775,
					"max_snd_cwnd":	46336,
					"max_rtt":	3591,
					"min_rtt":	2360,
					"mean_rtt":	2865,
					"sender":	true
				},
				"receiver":	{
					"socket":	5,
					"start":	0,
					"end":	10.055744999903254,
					"seconds":	10.000167,
					"bytes":	116731968,
					"bits_per_second":	92867882.390512541,
					"sender":	true
				}
			}],
		"sum_sent":	{
			"start":	0,
			"end":	10.000167,
			"seconds":	10.000167,
			"bytes":	118090192,
			"bits_per_second":	94470575.9413818,
			"retransmits":	3775,
			"sender":	true
		},
		"sum_received":	{
			"start":	0,
			"end":	10.055744999903254,
			"seconds":	10.055744999903254,
			"bytes":	116731968,
			"bits_per_second":	92867882.390512541,
			"sender":	true
		},
		"cpu_utilization_percent":	{
			"host_total":	0.801933253667663,
			"host_user":	0.14483978242294243,
			"host_system":	0.657103358594193,
			"remote_total":	0.35901666283427219,
			"remote_user":	0.03544886144962784,
			"remote_system":	0.32356837393928028
		},
		"sender_tcp_congestion":	"cubic",
		"receiver_tcp_congestion":	"cubic"
	}
}
