{
	"start":	{
		"connected":	[{
				"socket":	5,
				"local_host":	"172.26.184.25",
				"local_port":	35928,
				"remote_host":	"195.148.124.36",
				"remote_port":	5207
			}],
		"version":	"iperf 3.9",
		"system_info":	"Linux A-Tower 5.15.90.1-microsoft-standard-WSL2 #1 SMP Fri Jan 27 02:56:13 UTC 2023 x86_64",
		"timestamp":	{
			"time":	"Sun, 01 Oct 2023 19:59:01 GMT",
			"timesecs":	1696190341
		},
		"connecting_to":	{
			"host":	"ok1.iperf.comnet-student.eu",
			"port":	5207
		},
		"cookie":	"iljzar7fjyc4qioow7kn2pjr267kcdcn5z34",
		"tcp_mss_default":	1448,
		"sock_bufsize":	0,
		"sndbuf_actual":	16384,
		"rcvbuf_actual":	131072,
		"test_start":	{
			"protocol":	"TCP",
			"num_streams":	1,
			"blksize":	131072,
			"omit":	0,
			"duration":	10,
			"bytes":	0,
			"blocks":	0,
			"reverse":	0,
			"tos":	0
		}
	},
	"intervals":	[{
			"streams":	[{
					"socket":	5,
					"start":	0,
					"end":	1.000091,
					"seconds":	1.0000909566879272,
					"bytes":	12617872,
					"bits_per_second":	100933795.39627083,
					"retransmits":	497,
					"snd_cwnd":	36200,
					"rtt":	2575,
					"rttvar":	181,
					"pmtu":	1500,
					"omitted":	false,
					"sender":	true
				}],
			"sum":	{
				"start":	0,
				"end":	1.000091,
				"seconds":	1.0000909566879272,
				"bytes":	12617872,
				"bits_per_second":	100933795.39627083,
				"retransmits":	497,
				"omitted":	false,
				"sender":	true
			}
		}, {
			"streams":	[{
					"socket":	5,
					"start":	1.000091,
					"end":	2.000252,
					"seconds":	1.0001610517501831,
					"bytes":	12452800,
					"bits_per_second":	99606358.221679032,
					"retransmits":	368,
					"snd_cwnd":	37648,
					"rtt":	3894,
					"rttvar":	138,
					"pmtu":	1500,
					"omitted":	false,
					"sender":	true
				}],
			"sum":	{
				"start":	1.000091,
				"end":	2.000252,
				"seconds":	1.0001610517501831,
				"bytes":	12452800,
				"bits_per_second":	99606358.221679032,
				"retransmits":	368,
				"omitted":	false,
				"sender":	true
			}
		}, {
			"streams":	[{
					"socket":	5,
					"start":	2.000252,
					"end":	3.000209,
					"seconds":	0.999957025051117,
					"bytes":	11830160,
					"bits_per_second":	94645347.378965631,
					"retransmits":	298,
					"snd_cwnd":	27512,
					"rtt":	3802,
					"rttvar":	668,
					"pmtu":	1500,
					"omitted":	false,
					"sender":	true
				}],
			"sum":	{
				"start":	2.000252,
				"end":	3.000209,
				"seconds":	0.999957025051117,
				"bytes":	11830160,
				"bits_per_second":	94645347.378965631,
				"retransmits":	298,
				"omitted":	false,
				"sender":	true
			}
		}, {
			"streams":	[{
					"socket":	5,
					"start":	3.000209,
					"end":	4.000145,
					"seconds":	0.99993598461151123,
					"bytes":	11830160,
					"bits_per_second":	94647338.886168227,
					"retransmits":	326,
					"snd_cwnd":	46336,
					"rtt":	3560,
					"rttvar":	1026,
					"pmtu":	1500,
					"omitted":	false,
					"sender":	true
				}],
			"sum":	{
				"start":	3.000209,
				"end":	4.000145,
				"seconds":	0.99993598461151123,
				"bytes":	11830160,
				"bits_per_second":	94647338.886168227,
				"retransmits":	326,
				"omitted":	false,
				"sender":	true
			}
		}, {
			"streams":	[{
					"socket":	5,
					"start":	4.000145,
					"end":	5.000097,
					"seconds":	0.99995201826095581,
					"bytes":	11830160,
					"bits_per_second":	94645821.271097854,
					"retransmits":	383,
					"snd_cwnd":	40544,
					"rtt":	2671,
					"rttvar":	239,
					"pmtu":	1500,
					"omitted":	false,
					"sender":	true
				}],
			"sum":	{
				"start":	4.000145,
				"end":	5.000097,
				"seconds":	0.99995201826095581,
				"bytes":	11830160,
				"bits_per_second":	94645821.271097854,
				"retransmits":	383,
				"omitted":	false,
				"sender":	true
			}
		}, {
			"streams":	[{
					"socket":	5,
					"start":	5.000097,
					"end":	6.000249,
					"seconds":	1.0001519918441772,
					"bytes":	11830160,
					"bits_per_second":	94626897.483342737,
					"retransmits":	417,
					"snd_cwnd":	52128,
					"rtt":	3691,
					"rttvar":	405,
					"pmtu":	1500,
					"omitted":	false,
					"sender":	true
				}],
			"sum":	{
				"start":	5.000097,
				"end":	6.000249,
				"seconds":	1.0001519918441772,
				"bytes":	11830160,
				"bits_per_second":	94626897.483342737,
				"retransmits":	417,
				"omitted":	false,
				"sender":	true
			}
		}, {
			"streams":	[{
					"socket":	5,
					"start":	6.000249,
					"end":	7.000092,
					"seconds":	0.99984300136566162,
					"bytes":	11207520,
					"bits_per_second":	89674238.7330164,
					"retransmits":	453,
					"snd_cwnd":	28960,
					"rtt":	2612,
					"rttvar":	319,
					"pmtu":	1500,
					"omitted":	false,
					"sender":	true
				}],
			"sum":	{
				"start":	6.000249,
				"end":	7.000092,
				"seconds":	0.99984300136566162,
				"bytes":	11207520,
				"bits_per_second":	89674238.7330164,
				"retransmits":	453,
				"omitted":	false,
				"sender":	true
			}
		}, {
			"streams":	[{
					"socket":	5,
					"start":	7.000092,
					"end":	8.000267,
					"seconds":	1.0001749992370605,
					"bytes":	11830160,
					"bits_per_second":	94624720.746062368,
					"retransmits":	473,
					"snd_cwnd":	26064,
					"rtt":	3983,
					"rttvar":	1109,
					"pmtu":	1500,
					"omitted":	false,
					"sender":	true
				}],
			"sum":	{
				"start":	7.000092,
				"end":	8.000267,
				"seconds":	1.0001749992370605,
				"bytes":	11830160,
				"bits_per_second":	94624720.746062368,
				"retransmits":	473,
				"omitted":	false,
				"sender":	true
			}
		}, {
			"streams":	[{
					"socket":	5,
					"start":	8.000267,
					"end":	9.000477,
					"seconds":	1.0002100467681885,
					"bytes":	11830160,
					"bits_per_second":	94621405.079661563,
					"retransmits":	502,
					"snd_cwnd":	24616,
					"rtt":	3240,
					"rttvar":	587,
					"pmtu":	1500,
					"omitted":	false,
					"sender":	true
				}],
			"sum":	{
				"start":	8.000267,
				"end":	9.000477,
				"seconds":	1.0002100467681885,
				"bytes":	11830160,
				"bits_per_second":	94621405.079661563,
				"retransmits":	502,
				"omitted":	false,
				"sender":	true
			}
		}, {
			"streams":	[{
					"socket":	5,
					"start":	9.000477,
					"end":	10.000128,
					"seconds":	0.99965101480484,
					"bytes":	11269784,
					"bits_per_second":	90189746.8864186,
					"retransmits":	583,
					"snd_cwnd":	37648,
					"rtt":	2712,
					"rttvar":	215,
					"pmtu":	1500,
					"omitted":	false,
					"sender":	true
				}],
			"sum":	{
				"start":	9.000477,
				"end":	10.000128,
				"seconds":	0.99965101480484,
				"bytes":	11269784,
				"bits_per_second":	90189746.8864186,
				"retransmits":	583,
				"omitted":	false,
				"sender":	true
			}
		}],
	"end":	{
		"streams":	[{
				"sender":	{
					"socket":	5,
					"start":	0,
					"end":	10.000128,
					"seconds":	10.000128,
					"bytes":	118528936,
					"bits_per_second":	94821935.079231,
					"retransmits":	4300,
					"max_snd_cwnd":	52128,
					"max_rtt":	3983,
					"min_rtt":	2575,
					"mean_rtt":	3274,
					"sender":	true
				},
				"receiver":	{
					"socket":	5,
					"start":	0,
					"end":	10.051387000014074,
					"seconds":	10.000128,
					"bytes":	117408184,
					"bits_per_second":	93446354.418418556,
					"sender":	true
				}
			}],
		"sum_sent":	{
			"start":	0,
			"end":	10.000128,
			"seconds":	10.000128,
			"bytes":	118528936,
			"bits_per_second":	94821935.079231,
			"retransmits":	4300,
			"sender":	true
		},
		"sum_received":	{
			"start":	0,
			"end":	10.051387000014074,
			"seconds":	10.051387000014074,
			"bytes":	117408184,
			"bits_per_second":	93446354.418418556,
			"sender":	true
		},
		"cpu_utilization_percent":	{
			"host_total":	0.77315939826674862,
			"host_user":	0.1756474620232463,
			"host_system":	0.5975317174769077,
			"remote_total":	0.20924517499057538,
			"remote_user":	0.018843617195522015,
			"remote_system":	0.19040155779505336
		},
		"sender_tcp_congestion":	"cubic",
		"receiver_tcp_congestion":	"cubic"
	}
}
