{
	"start":	{
		"connected":	[{
				"socket":	5,
				"local_host":	"172.26.184.25",
				"local_port":	40530,
				"remote_host":	"195.148.124.36",
				"remote_port":	5205
			}],
		"version":	"iperf 3.9",
		"system_info":	"Linux A-Tower 5.15.90.1-microsoft-standard-WSL2 #1 SMP Fri Jan 27 02:56:13 UTC 2023 x86_64",
		"timestamp":	{
			"time":	"Mon, 02 Oct 2023 01:59:02 GMT",
			"timesecs":	1696211942
		},
		"connecting_to":	{
			"host":	"ok1.iperf.comnet-student.eu",
			"port":	5205
		},
		"cookie":	"bdguilzpdf7rq643tjo336a3shxswzusytqu",
		"tcp_mss_default":	1448,
		"sock_bufsize":	0,
		"sndbuf_actual":	16384,
		"rcvbuf_actual":	131072,
		"test_start":	{
			"protocol":	"TCP",
			"num_streams":	1,
			"blksize":	131072,
			"omit":	0,
			"duration":	10,
			"bytes":	0,
			"blocks":	0,
			"reverse":	0,
			"tos":	0
		}
	},
	"intervals":	[{
			"streams":	[{
					"socket":	5,
					"start":	0,
					"end":	1.000118,
					"seconds":	1.0001180171966553,
					"bytes":	12739504,
					"bits_per_second":	101904005.57493411,
					"retransmits":	336,
					"snd_cwnd":	31856,
					"rtt":	2790,
					"rttvar":	249,
					"pmtu":	1500,
					"omitted":	false,
					"sender":	true
				}],
			"sum":	{
				"start":	0,
				"end":	1.000118,
				"seconds":	1.0001180171966553,
				"bytes":	12739504,
				"bits_per_second":	101904005.57493411,
				"retransmits":	336,
				"omitted":	false,
				"sender":	true
			}
		}, {
			"streams":	[{
					"socket":	5,
					"start":	1.000118,
					"end":	2.000206,
					"seconds":	1.0000879764556885,
					"bytes":	12452800,
					"bits_per_second":	99613636.3453361,
					"retransmits":	235,
					"snd_cwnd":	83984,
					"rtt":	3081,
					"rttvar":	60,
					"pmtu":	1500,
					"omitted":	false,
					"sender":	true
				}],
			"sum":	{
				"start":	1.000118,
				"end":	2.000206,
				"seconds":	1.0000879764556885,
				"bytes":	12452800,
				"bits_per_second":	99613636.3453361,
				"retransmits":	235,
				"omitted":	false,
				"sender":	true
			}
		}, {
			"streams":	[{
					"socket":	5,
					"start":	2.000206,
					"end":	3.000216,
					"seconds":	1.0000100135803223,
					"bytes":	12079216,
					"bits_per_second":	96632760.360092372,
					"retransmits":	254,
					"snd_cwnd":	33304,
					"rtt":	2751,
					"rttvar":	312,
					"pmtu":	1500,
					"omitted":	false,
					"sender":	true
				}],
			"sum":	{
				"start":	2.000206,
				"end":	3.000216,
				"seconds":	1.0000100135803223,
				"bytes":	12079216,
				"bits_per_second":	96632760.360092372,
				"retransmits":	254,
				"omitted":	false,
				"sender":	true
			}
		}, {
			"streams":	[{
					"socket":	5,
					"start":	3.000216,
					"end":	4.000168,
					"seconds":	0.99995201826095581,
					"bytes":	11082992,
					"bits_per_second":	88668190.4539759,
					"retransmits":	184,
					"snd_cwnd":	50680,
					"rtt":	4103,
					"rttvar":	1122,
					"pmtu":	1500,
					"omitted":	false,
					"sender":	true
				}],
			"sum":	{
				"start":	3.000216,
				"end":	4.000168,
				"seconds":	0.99995201826095581,
				"bytes":	11082992,
				"bits_per_second":	88668190.4539759,
				"retransmits":	184,
				"omitted":	false,
				"sender":	true
			}
		}, {
			"streams":	[{
					"socket":	5,
					"start":	4.000168,
					"end":	5.000158,
					"seconds":	0.99998998641967773,
					"bytes":	12016952,
					"bits_per_second":	96136578.671352431,
					"retransmits":	208,
					"snd_cwnd":	73848,
					"rtt":	2947,
					"rttvar":	390,
					"pmtu":	1500,
					"omitted":	false,
					"sender":	true
				}],
			"sum":	{
				"start":	4.000168,
				"end":	5.000158,
				"seconds":	0.99998998641967773,
				"bytes":	12016952,
				"bits_per_second":	96136578.671352431,
				"retransmits":	208,
				"omitted":	false,
				"sender":	true
			}
		}, {
			"streams":	[{
					"socket":	5,
					"start":	5.000158,
					"end":	6.000092,
					"seconds":	0.99993401765823364,
					"bytes":	12515064,
					"bits_per_second":	100127118.621761,
					"retransmits":	280,
					"snd_cwnd":	40544,
					"rtt":	3100,
					"rttvar":	280,
					"pmtu":	1500,
					"omitted":	false,
					"sender":	true
				}],
			"sum":	{
				"start":	5.000158,
				"end":	6.000092,
				"seconds":	0.99993401765823364,
				"bytes":	12515064,
				"bits_per_second":	100127118.621761,
				"retransmits":	280,
				"omitted":	false,
				"sender":	true
			}
		}, {
			"streams":	[{
					"socket":	5,
					"start":	6.000092,
					"end":	7.000184,
					"seconds":	1.0000920295715332,
					"bytes":	11518840,
					"bits_per_second":	92142240.1891153,
					"retransmits":	268,
					"snd_cwnd":	28960,
					"rtt":	2684,
					"rttvar":	152,
					"pmtu":	1500,
					"omitted":	false,
					"sender":	true
				}],
			"sum":	{
				"start":	6.000092,
				"end":	7.000184,
				"seconds":	1.0000920295715332,
				"bytes":	11518840,
				"bits_per_second":	92142240.1891153,
				"retransmits":	268,
				"omitted":	false,
				"sender":	true
			}
		}, {
			"streams":	[{
					"socket":	5,
					"start":	7.000184,
					"end":	8.000134,
					"seconds":	0.99994999170303345,
					"bytes":	11954688,
					"bits_per_second":	95642286.907886252,
					"retransmits":	377,
					"snd_cwnd":	34752,
					"rtt":	3003,
					"rttvar":	417,
					"pmtu":	1500,
					"omitted":	false,
					"sender":	true
				}],
			"sum":	{
				"start":	7.000184,
				"end":	8.000134,
				"seconds":	0.99994999170303345,
				"bytes":	11954688,
				"bits_per_second":	95642286.907886252,
				"retransmits":	377,
				"omitted":	false,
				"sender":	true
			}
		}, {
			"streams":	[{
					"socket":	5,
					"start":	8.000134,
					"end":	9.000193,
					"seconds":	1.0000590085983276,
					"bytes":	11456576,
					"bits_per_second":	91647200.027185738,
					"retransmits":	297,
					"snd_cwnd":	39096,
					"rtt":	3053,
					"rttvar":	215,
					"pmtu":	1500,
					"omitted":	false,
					"sender":	true
				}],
			"sum":	{
				"start":	8.000134,
				"end":	9.000193,
				"seconds":	1.0000590085983276,
				"bytes":	11456576,
				"bits_per_second":	91647200.027185738,
				"retransmits":	297,
				"omitted":	false,
				"sender":	true
			}
		}, {
			"streams":	[{
					"socket":	5,
					"start":	9.000193,
					"end":	10.000101,
					"seconds":	0.9999079704284668,
					"bytes":	11954688,
					"bits_per_second":	95646306.288586468,
					"retransmits":	317,
					"snd_cwnd":	43440,
					"rtt":	3316,
					"rttvar":	585,
					"pmtu":	1500,
					"omitted":	false,
					"sender":	true
				}],
			"sum":	{
				"start":	9.000193,
				"end":	10.000101,
				"seconds":	0.9999079704284668,
				"bytes":	11954688,
				"bits_per_second":	95646306.288586468,
				"retransmits":	317,
				"omitted":	false,
				"sender":	true
			}
		}],
	"end":	{
		"streams":	[{
				"sender":	{
					"socket":	5,
					"start":	0,
					"end":	10.000101,
					"seconds":	10.000101,
					"bytes":	119771320,
					"bits_per_second":	95816088.2575086,
					"retransmits":	2756,
					"max_snd_cwnd":	83984,
					"max_rtt":	4103,
					"min_rtt":	2684,
					"mean_rtt":	3082,
					"sender":	true
				},
				"receiver":	{
					"socket":	5,
					"start":	0,
					"end":	10.0441100000171,
					"seconds":	10.000101,
					"bytes":	118565136,
					"bits_per_second":	94435553.5730279,
					"sender":	true
				}
			}],
		"sum_sent":	{
			"start":	0,
			"end":	10.000101,
			"seconds":	10.000101,
			"bytes":	119771320,
			"bits_per_second":	95816088.2575086,
			"retransmits":	2756,
			"sender":	true
		},
		"sum_received":	{
			"start":	0,
			"end":	10.0441100000171,
			"seconds":	10.0441100000171,
			"bytes":	118565136,
			"bits_per_second":	94435553.5730279,
			"sender":	true
		},
		"cpu_utilization_percent":	{
			"host_total":	0.71007349416523546,
			"host_user":	0.18861404499741324,
			"host_system":	0.5214693449729112,
			"remote_total":	0.034434681478097522,
			"remote_user":	0.0030972790663556559,
			"remote_system":	0.031337430658700975
		},
		"sender_tcp_congestion":	"cubic",
		"receiver_tcp_congestion":	"cubic"
	}
}
