{
	"start":	{
		"connected":	[{
				"socket":	5,
				"local_host":	"172.26.184.25",
				"local_port":	55398,
				"remote_host":	"195.148.124.36",
				"remote_port":	5205
			}],
		"version":	"iperf 3.9",
		"system_info":	"Linux A-Tower 5.15.90.1-microsoft-standard-WSL2 #1 SMP Fri Jan 27 02:56:13 UTC 2023 x86_64",
		"timestamp":	{
			"time":	"Sun, 01 Oct 2023 18:59:01 GMT",
			"timesecs":	1696186741
		},
		"connecting_to":	{
			"host":	"ok1.iperf.comnet-student.eu",
			"port":	5205
		},
		"cookie":	"lr5hqu3s6ohvrvlpd5p2agqflxlysvwldxih",
		"tcp_mss_default":	1448,
		"sock_bufsize":	0,
		"sndbuf_actual":	16384,
		"rcvbuf_actual":	131072,
		"test_start":	{
			"protocol":	"TCP",
			"num_streams":	1,
			"blksize":	131072,
			"omit":	0,
			"duration":	10,
			"bytes":	0,
			"blocks":	0,
			"reverse":	0,
			"tos":	0
		}
	},
	"intervals":	[{
			"streams":	[{
					"socket":	5,
					"start":	0,
					"end":	1.000088,
					"seconds":	1.0000879764556885,
					"bytes":	12219672,
					"bits_per_second":	97748776.409103647,
					"retransmits":	539,
					"snd_cwnd":	24616,
					"rtt":	2458,
					"rttvar":	330,
					"pmtu":	1500,
					"omitted":	false,
					"sender":	true
				}],
			"sum":	{
				"start":	0,
				"end":	1.000088,
				"seconds":	1.0000879764556885,
				"bytes":	12219672,
				"bits_per_second":	97748776.409103647,
				"retransmits":	539,
				"omitted":	false,
				"sender":	true
			}
		}, {
			"streams":	[{
					"socket":	5,
					"start":	1.000088,
					"end":	2.000091,
					"seconds":	1.0000029802322388,
					"bytes":	12515064,
					"bits_per_second":	100120213.61851162,
					"retransmits":	718,
					"snd_cwnd":	41992,
					"rtt":	2812,
					"rttvar":	332,
					"pmtu":	1500,
					"omitted":	false,
					"sender":	true
				}],
			"sum":	{
				"start":	1.000088,
				"end":	2.000091,
				"seconds":	1.0000029802322388,
				"bytes":	12515064,
				"bits_per_second":	100120213.61851162,
				"retransmits":	718,
				"omitted":	false,
				"sender":	true
			}
		}, {
			"streams":	[{
					"socket":	5,
					"start":	2.000091,
					"end":	3.000097,
					"seconds":	1.0000059604644775,
					"bytes":	11643368,
					"bits_per_second":	93146388.8042583,
					"retransmits":	488,
					"snd_cwnd":	50680,
					"rtt":	2637,
					"rttvar":	309,
					"pmtu":	1500,
					"omitted":	false,
					"sender":	true
				}],
			"sum":	{
				"start":	2.000091,
				"end":	3.000097,
				"seconds":	1.0000059604644775,
				"bytes":	11643368,
				"bits_per_second":	93146388.8042583,
				"retransmits":	488,
				"omitted":	false,
				"sender":	true
			}
		}, {
			"streams":	[{
					"socket":	5,
					"start":	3.000097,
					"end":	4.000094,
					"seconds":	0.99999701976776123,
					"bytes":	11581104,
					"bits_per_second":	92649108.1158589,
					"retransmits":	351,
					"snd_cwnd":	18824,
					"rtt":	2379,
					"rttvar":	137,
					"pmtu":	1500,
					"omitted":	false,
					"sender":	true
				}],
			"sum":	{
				"start":	3.000097,
				"end":	4.000094,
				"seconds":	0.99999701976776123,
				"bytes":	11581104,
				"bits_per_second":	92649108.1158589,
				"retransmits":	351,
				"omitted":	false,
				"sender":	true
			}
		}, {
			"streams":	[{
					"socket":	5,
					"start":	4.000094,
					"end":	5.000124,
					"seconds":	1.0000300407409668,
					"bytes":	11518840,
					"bits_per_second":	92147951.807249144,
					"retransmits":	523,
					"snd_cwnd":	24616,
					"rtt":	2366,
					"rttvar":	164,
					"pmtu":	1500,
					"omitted":	false,
					"sender":	true
				}],
			"sum":	{
				"start":	4.000094,
				"end":	5.000124,
				"seconds":	1.0000300407409668,
				"bytes":	11518840,
				"bits_per_second":	92147951.807249144,
				"retransmits":	523,
				"omitted":	false,
				"sender":	true
			}
		}, {
			"streams":	[{
					"socket":	5,
					"start":	5.000124,
					"end":	6.0002,
					"seconds":	1.0000760555267334,
					"bytes":	11518840,
					"bits_per_second":	92143711.9614516,
					"retransmits":	648,
					"snd_cwnd":	21720,
					"rtt":	2766,
					"rttvar":	492,
					"pmtu":	1500,
					"omitted":	false,
					"sender":	true
				}],
			"sum":	{
				"start":	5.000124,
				"end":	6.0002,
				"seconds":	1.0000760555267334,
				"bytes":	11518840,
				"bits_per_second":	92143711.9614516,
				"retransmits":	648,
				"omitted":	false,
				"sender":	true
			}
		}, {
			"streams":	[{
					"socket":	5,
					"start":	6.0002,
					"end":	7.000128,
					"seconds":	0.99992799758911133,
					"bytes":	11581104,
					"bits_per_second":	92655503.4196283,
					"retransmits":	678,
					"snd_cwnd":	40544,
					"rtt":	2307,
					"rttvar":	129,
					"pmtu":	1500,
					"omitted":	false,
					"sender":	true
				}],
			"sum":	{
				"start":	6.0002,
				"end":	7.000128,
				"seconds":	0.99992799758911133,
				"bytes":	11581104,
				"bits_per_second":	92655503.4196283,
				"retransmits":	678,
				"omitted":	false,
				"sender":	true
			}
		}, {
			"streams":	[{
					"socket":	5,
					"start":	7.000128,
					"end":	8.000165,
					"seconds":	1.0000369548797607,
					"bytes":	11581104,
					"bits_per_second":	92645408.3000759,
					"retransmits":	706,
					"snd_cwnd":	26064,
					"rtt":	2485,
					"rttvar":	159,
					"pmtu":	1500,
					"omitted":	false,
					"sender":	true
				}],
			"sum":	{
				"start":	7.000128,
				"end":	8.000165,
				"seconds":	1.0000369548797607,
				"bytes":	11581104,
				"bits_per_second":	92645408.3000759,
				"retransmits":	706,
				"omitted":	false,
				"sender":	true
			}
		}, {
			"streams":	[{
					"socket":	5,
					"start":	8.000165,
					"end":	9.000201,
					"seconds":	1.0000360012054443,
					"bytes":	11643368,
					"bits_per_second":	93143590.7184547,
					"retransmits":	710,
					"snd_cwnd":	24616,
					"rtt":	2330,
					"rttvar":	380,
					"pmtu":	1500,
					"omitted":	false,
					"sender":	true
				}],
			"sum":	{
				"start":	8.000165,
				"end":	9.000201,
				"seconds":	1.0000360012054443,
				"bytes":	11643368,
				"bits_per_second":	93143590.7184547,
				"retransmits":	710,
				"omitted":	false,
				"sender":	true
			}
		}, {
			"streams":	[{
					"socket":	5,
					"start":	9.000201,
					"end":	10.00019,
					"seconds":	0.99998897314071655,
					"bytes":	11830160,
					"bits_per_second":	94642323.6075847,
					"retransmits":	729,
					"snd_cwnd":	70952,
					"rtt":	2498,
					"rttvar":	241,
					"pmtu":	1500,
					"omitted":	false,
					"sender":	true
				}],
			"sum":	{
				"start":	9.000201,
				"end":	10.00019,
				"seconds":	0.99998897314071655,
				"bytes":	11830160,
				"bits_per_second":	94642323.6075847,
				"retransmits":	729,
				"omitted":	false,
				"sender":	true
			}
		}],
	"end":	{
		"streams":	[{
				"sender":	{
					"socket":	5,
					"start":	0,
					"end":	10.00019,
					"seconds":	10.00019,
					"bytes":	117632624,
					"bits_per_second":	94104311.218086854,
					"retransmits":	6090,
					"max_snd_cwnd":	70952,
					"max_rtt":	2812,
					"min_rtt":	2307,
					"mean_rtt":	2503,
					"sender":	true
				},
				"receiver":	{
					"socket":	5,
					"start":	0,
					"end":	10.053819000022486,
					"seconds":	10.00019,
					"bytes":	117078040,
					"bits_per_second":	93161048.552585363,
					"sender":	true
				}
			}],
		"sum_sent":	{
			"start":	0,
			"end":	10.00019,
			"seconds":	10.00019,
			"bytes":	117632624,
			"bits_per_second":	94104311.218086854,
			"retransmits":	6090,
			"sender":	true
		},
		"sum_received":	{
			"start":	0,
			"end":	10.053819000022486,
			"seconds":	10.053819000022486,
			"bytes":	117078040,
			"bits_per_second":	93161048.552585363,
			"sender":	true
		},
		"cpu_utilization_percent":	{
			"host_total":	0.89609873851810118,
			"host_user":	0.3223265035828618,
			"host_system":	0.57390082132080966,
			"remote_total":	0.0746725269821645,
			"remote_user":	0.0087364668197094358,
			"remote_system":	0.0659365362836491
		},
		"sender_tcp_congestion":	"cubic",
		"receiver_tcp_congestion":	"cubic"
	}
}
