{
	"start":	{
		"connected":	[{
				"socket":	5,
				"local_host":	"172.26.184.25",
				"local_port":	37118,
				"remote_host":	"195.148.124.36",
				"remote_port":	5207
			}],
		"version":	"iperf 3.9",
		"system_info":	"Linux A-Tower 5.15.90.1-microsoft-standard-WSL2 #1 SMP Fri Jan 27 02:56:13 UTC 2023 x86_64",
		"timestamp":	{
			"time":	"Mon, 02 Oct 2023 08:59:01 GMT",
			"timesecs":	1696237141
		},
		"connecting_to":	{
			"host":	"ok1.iperf.comnet-student.eu",
			"port":	5207
		},
		"cookie":	"u3hytjp2jko7wjd6uadvxufpkdgc3lt24775",
		"tcp_mss_default":	1448,
		"sock_bufsize":	0,
		"sndbuf_actual":	16384,
		"rcvbuf_actual":	131072,
		"test_start":	{
			"protocol":	"TCP",
			"num_streams":	1,
			"blksize":	131072,
			"omit":	0,
			"duration":	10,
			"bytes":	0,
			"blocks":	0,
			"reverse":	0,
			"tos":	0
		}
	},
	"intervals":	[{
			"streams":	[{
					"socket":	5,
					"start":	0,
					"end":	1.000155,
					"seconds":	1.000154972076416,
					"bytes":	11911248,
					"bits_per_second":	95275219.001480356,
					"retransmits":	330,
					"snd_cwnd":	39096,
					"rtt":	2531,
					"rttvar":	193,
					"pmtu":	1500,
					"omitted":	false,
					"sender":	true
				}],
			"sum":	{
				"start":	0,
				"end":	1.000155,
				"seconds":	1.000154972076416,
				"bytes":	11911248,
				"bits_per_second":	95275219.001480356,
				"retransmits":	330,
				"omitted":	false,
				"sender":	true
			}
		}, {
			"streams":	[{
					"socket":	5,
					"start":	1.000155,
					"end":	2.000102,
					"seconds":	0.99994701147079468,
					"bytes":	12577328,
					"bits_per_second":	100623955.91542678,
					"retransmits":	522,
					"snd_cwnd":	37648,
					"rtt":	2765,
					"rttvar":	401,
					"pmtu":	1500,
					"omitted":	false,
					"sender":	true
				}],
			"sum":	{
				"start":	1.000155,
				"end":	2.000102,
				"seconds":	0.99994701147079468,
				"bytes":	12577328,
				"bits_per_second":	100623955.91542678,
				"retransmits":	522,
				"omitted":	false,
				"sender":	true
			}
		}, {
			"streams":	[{
					"socket":	5,
					"start":	2.000102,
					"end":	3.000124,
					"seconds":	1.0000220537185669,
					"bytes":	12016952,
					"bits_per_second":	96133495.8989366,
					"retransmits":	390,
					"snd_cwnd":	34752,
					"rtt":	2456,
					"rttvar":	181,
					"pmtu":	1500,
					"omitted":	false,
					"sender":	true
				}],
			"sum":	{
				"start":	2.000102,
				"end":	3.000124,
				"seconds":	1.0000220537185669,
				"bytes":	12016952,
				"bits_per_second":	96133495.8989366,
				"retransmits":	390,
				"omitted":	false,
				"sender":	true
			}
		}, {
			"streams":	[{
					"socket":	5,
					"start":	3.000124,
					"end":	4.000136,
					"seconds":	1.0000120401382446,
					"bytes":	11581104,
					"bits_per_second":	92647716.5086852,
					"retransmits":	406,
					"snd_cwnd":	33304,
					"rtt":	3040,
					"rttvar":	459,
					"pmtu":	1500,
					"omitted":	false,
					"sender":	true
				}],
			"sum":	{
				"start":	3.000124,
				"end":	4.000136,
				"seconds":	1.0000120401382446,
				"bytes":	11581104,
				"bits_per_second":	92647716.5086852,
				"retransmits":	406,
				"omitted":	false,
				"sender":	true
			}
		}, {
			"streams":	[{
					"socket":	5,
					"start":	4.000136,
					"end":	5.000106,
					"seconds":	0.999970018863678,
					"bytes":	11830160,
					"bits_per_second":	94644117.53819,
					"retransmits":	542,
					"snd_cwnd":	41992,
					"rtt":	2553,
					"rttvar":	362,
					"pmtu":	1500,
					"omitted":	false,
					"sender":	true
				}],
			"sum":	{
				"start":	4.000136,
				"end":	5.000106,
				"seconds":	0.999970018863678,
				"bytes":	11830160,
				"bits_per_second":	94644117.53819,
				"retransmits":	542,
				"omitted":	false,
				"sender":	true
			}
		}, {
			"streams":	[{
					"socket":	5,
					"start":	5.000106,
					"end":	6.000093,
					"seconds":	0.999987006187439,
					"bytes":	11394312,
					"bits_per_second":	91155680.459825769,
					"retransmits":	643,
					"snd_cwnd":	30408,
					"rtt":	2726,
					"rttvar":	367,
					"pmtu":	1500,
					"omitted":	false,
					"sender":	true
				}],
			"sum":	{
				"start":	5.000106,
				"end":	6.000093,
				"seconds":	0.999987006187439,
				"bytes":	11394312,
				"bits_per_second":	91155680.459825769,
				"retransmits":	643,
				"omitted":	false,
				"sender":	true
			}
		}, {
			"streams":	[{
					"socket":	5,
					"start":	6.000093,
					"end":	7.000129,
					"seconds":	1.0000360012054443,
					"bytes":	11767896,
					"bits_per_second":	94139778.854481,
					"retransmits":	706,
					"snd_cwnd":	31856,
					"rtt":	2465,
					"rttvar":	152,
					"pmtu":	1500,
					"omitted":	false,
					"sender":	true
				}],
			"sum":	{
				"start":	6.000093,
				"end":	7.000129,
				"seconds":	1.0000360012054443,
				"bytes":	11767896,
				"bits_per_second":	94139778.854481,
				"retransmits":	706,
				"omitted":	false,
				"sender":	true
			}
		}, {
			"streams":	[{
					"socket":	5,
					"start":	7.000129,
					"end":	8.000119,
					"seconds":	0.99998998641967773,
					"bytes":	11518840,
					"bits_per_second":	92151642.7678767,
					"retransmits":	551,
					"snd_cwnd":	34752,
					"rtt":	2488,
					"rttvar":	147,
					"pmtu":	1500,
					"omitted":	false,
					"sender":	true
				}],
			"sum":	{
				"start":	7.000129,
				"end":	8.000119,
				"seconds":	0.99998998641967773,
				"bytes":	11518840,
				"bits_per_second":	92151642.7678767,
				"retransmits":	551,
				"omitted":	false,
				"sender":	true
			}
		}, {
			"streams":	[{
					"socket":	5,
					"start":	8.000119,
					"end":	9.000161,
					"seconds":	1.0000419616699219,
					"bytes":	11643368,
					"bits_per_second":	93143035.5626862,
					"retransmits":	479,
					"snd_cwnd":	31856,
					"rtt":	2456,
					"rttvar":	214,
					"pmtu":	1500,
					"omitted":	false,
					"sender":	true
				}],
			"sum":	{
				"start":	8.000119,
				"end":	9.000161,
				"seconds":	1.0000419616699219,
				"bytes":	11643368,
				"bits_per_second":	93143035.5626862,
				"retransmits":	479,
				"omitted":	false,
				"sender":	true
			}
		}, {
			"streams":	[{
					"socket":	5,
					"start":	9.000161,
					"end":	10.000192,
					"seconds":	1.0000309944152832,
					"bytes":	11767896,
					"bits_per_second":	94140250.1779911,
					"retransmits":	606,
					"snd_cwnd":	101360,
					"rtt":	3093,
					"rttvar":	220,
					"pmtu":	1500,
					"omitted":	false,
					"sender":	true
				}],
			"sum":	{
				"start":	9.000161,
				"end":	10.000192,
				"seconds":	1.0000309944152832,
				"bytes":	11767896,
				"bits_per_second":	94140250.1779911,
				"retransmits":	606,
				"omitted":	false,
				"sender":	true
			}
		}],
	"end":	{
		"streams":	[{
				"sender":	{
					"socket":	5,
					"start":	0,
					"end":	10.000192,
					"seconds":	10.000192,
					"bytes":	118009104,
					"bits_per_second":	94405470.6149642,
					"retransmits":	5175,
					"max_snd_cwnd":	101360,
					"max_rtt":	3093,
					"min_rtt":	2456,
					"mean_rtt":	2657,
					"sender":	true
				},
				"receiver":	{
					"socket":	5,
					"start":	0,
					"end":	10.04564299993217,
					"seconds":	10.000192,
					"bytes":	117222840,
					"bits_per_second":	93352184.624352276,
					"sender":	true
				}
			}],
		"sum_sent":	{
			"start":	0,
			"end":	10.000192,
			"seconds":	10.000192,
			"bytes":	118009104,
			"bits_per_second":	94405470.6149642,
			"retransmits":	5175,
			"sender":	true
		},
		"sum_received":	{
			"start":	0,
			"end":	10.04564299993217,
			"seconds":	10.04564299993217,
			"bytes":	117222840,
			"bits_per_second":	93352184.624352276,
			"sender":	true
		},
		"cpu_utilization_percent":	{
			"host_total":	0.81366426442827122,
			"host_user":	0.21764596467482716,
			"host_system":	0.596018299753444,
			"remote_total":	0.301279238017719,
			"remote_user":	0.033358405154852735,
			"remote_system":	0.26792131014106518
		},
		"sender_tcp_congestion":	"cubic",
		"receiver_tcp_congestion":	"cubic"
	}
}
