{
	"start":	{
		"connected":	[{
				"socket":	5,
				"local_host":	"172.26.184.25",
				"local_port":	43054,
				"remote_host":	"195.148.124.36",
				"remote_port":	5204
			}],
		"version":	"iperf 3.9",
		"system_info":	"Linux A-Tower 5.15.90.1-microsoft-standard-WSL2 #1 SMP Fri Jan 27 02:56:13 UTC 2023 x86_64",
		"timestamp":	{
			"time":	"Sun, 01 Oct 2023 12:59:15 GMT",
			"timesecs":	1696165155
		},
		"connecting_to":	{
			"host":	"ok1.iperf.comnet-student.eu",
			"port":	5204
		},
		"cookie":	"kxr3yyarh44hlc2euisq3qhh3iyzr5nwiahu",
		"tcp_mss_default":	1448,
		"sock_bufsize":	0,
		"sndbuf_actual":	16384,
		"rcvbuf_actual":	131072,
		"test_start":	{
			"protocol":	"TCP",
			"num_streams":	1,
			"blksize":	131072,
			"omit":	0,
			"duration":	10,
			"bytes":	0,
			"blocks":	0,
			"reverse":	0,
			"tos":	0
		}
	},
	"intervals":	[{
			"streams":	[{
					"socket":	5,
					"start":	0,
					"end":	1.000198,
					"seconds":	1.0001980066299438,
					"bytes":	13415720,
					"bits_per_second":	107304512.99500409,
					"retransmits":	730,
					"snd_cwnd":	28960,
					"rtt":	2137,
					"rttvar":	134,
					"pmtu":	1500,
					"omitted":	false,
					"sender":	true
				}],
			"sum":	{
				"start":	0,
				"end":	1.000198,
				"seconds":	1.0001980066299438,
				"bytes":	13415720,
				"bits_per_second":	107304512.99500409,
				"retransmits":	730,
				"omitted":	false,
				"sender":	true
			}
		}, {
			"streams":	[{
					"socket":	5,
					"start":	1.000198,
					"end":	2.000077,
					"seconds":	0.999879002571106,
					"bytes":	12701856,
					"bits_per_second":	101627144.62320524,
					"retransmits":	704,
					"snd_cwnd":	27512,
					"rtt":	2114,
					"rttvar":	244,
					"pmtu":	1500,
					"omitted":	false,
					"sender":	true
				}],
			"sum":	{
				"start":	1.000198,
				"end":	2.000077,
				"seconds":	0.999879002571106,
				"bytes":	12701856,
				"bits_per_second":	101627144.62320524,
				"retransmits":	704,
				"omitted":	false,
				"sender":	true
			}
		}, {
			"streams":	[{
					"socket":	5,
					"start":	2.000077,
					"end":	3.000085,
					"seconds":	1.0000079870224,
					"bytes":	11643368,
					"bits_per_second":	93146200.0392138,
					"retransmits":	690,
					"snd_cwnd":	17376,
					"rtt":	2234,
					"rttvar":	329,
					"pmtu":	1500,
					"omitted":	false,
					"sender":	true
				}],
			"sum":	{
				"start":	2.000077,
				"end":	3.000085,
				"seconds":	1.0000079870224,
				"bytes":	11643368,
				"bits_per_second":	93146200.0392138,
				"retransmits":	690,
				"omitted":	false,
				"sender":	true
			}
		}, {
			"streams":	[{
					"socket":	5,
					"start":	3.000085,
					"end":	4.000088,
					"seconds":	1.0000029802322388,
					"bytes":	11518840,
					"bits_per_second":	92150445.3702719,
					"retransmits":	628,
					"snd_cwnd":	18824,
					"rtt":	2222,
					"rttvar":	334,
					"pmtu":	1500,
					"omitted":	false,
					"sender":	true
				}],
			"sum":	{
				"start":	3.000085,
				"end":	4.000088,
				"seconds":	1.0000029802322388,
				"bytes":	11518840,
				"bits_per_second":	92150445.3702719,
				"retransmits":	628,
				"omitted":	false,
				"sender":	true
			}
		}, {
			"streams":	[{
					"socket":	5,
					"start":	4.000088,
					"end":	5.000165,
					"seconds":	1.00007700920105,
					"bytes":	11581104,
					"bits_per_second":	92641697.7368734,
					"retransmits":	650,
					"snd_cwnd":	27512,
					"rtt":	2086,
					"rttvar":	273,
					"pmtu":	1500,
					"omitted":	false,
					"sender":	true
				}],
			"sum":	{
				"start":	4.000088,
				"end":	5.000165,
				"seconds":	1.00007700920105,
				"bytes":	11581104,
				"bits_per_second":	92641697.7368734,
				"retransmits":	650,
				"omitted":	false,
				"sender":	true
			}
		}, {
			"streams":	[{
					"socket":	5,
					"start":	5.000165,
					"end":	6.000101,
					"seconds":	0.99993598461151123,
					"bytes":	11830160,
					"bits_per_second":	94647338.886168227,
					"retransmits":	739,
					"snd_cwnd":	24616,
					"rtt":	2202,
					"rttvar":	290,
					"pmtu":	1500,
					"omitted":	false,
					"sender":	true
				}],
			"sum":	{
				"start":	5.000165,
				"end":	6.000101,
				"seconds":	0.99993598461151123,
				"bytes":	11830160,
				"bits_per_second":	94647338.886168227,
				"retransmits":	739,
				"omitted":	false,
				"sender":	true
			}
		}, {
			"streams":	[{
					"socket":	5,
					"start":	6.000101,
					"end":	7.000154,
					"seconds":	1.00005304813385,
					"bytes":	11705632,
					"bits_per_second":	93640088.5680479,
					"retransmits":	612,
					"snd_cwnd":	24616,
					"rtt":	2178,
					"rttvar":	183,
					"pmtu":	1500,
					"omitted":	false,
					"sender":	true
				}],
			"sum":	{
				"start":	6.000101,
				"end":	7.000154,
				"seconds":	1.00005304813385,
				"bytes":	11705632,
				"bits_per_second":	93640088.5680479,
				"retransmits":	612,
				"omitted":	false,
				"sender":	true
			}
		}, {
			"streams":	[{
					"socket":	5,
					"start":	7.000154,
					"end":	8.000131,
					"seconds":	0.9999769926071167,
					"bytes":	11643368,
					"bits_per_second":	93149087.117644042,
					"retransmits":	602,
					"snd_cwnd":	30408,
					"rtt":	2395,
					"rttvar":	255,
					"pmtu":	1500,
					"omitted":	false,
					"sender":	true
				}],
			"sum":	{
				"start":	7.000154,
				"end":	8.000131,
				"seconds":	0.9999769926071167,
				"bytes":	11643368,
				"bits_per_second":	93149087.117644042,
				"retransmits":	602,
				"omitted":	false,
				"sender":	true
			}
		}, {
			"streams":	[{
					"socket":	5,
					"start":	8.000131,
					"end":	9.00012,
					"seconds":	0.99998897314071655,
					"bytes":	11767896,
					"bits_per_second":	94144206.1149132,
					"retransmits":	560,
					"snd_cwnd":	24616,
					"rtt":	2364,
					"rttvar":	512,
					"pmtu":	1500,
					"omitted":	false,
					"sender":	true
				}],
			"sum":	{
				"start":	8.000131,
				"end":	9.00012,
				"seconds":	0.99998897314071655,
				"bytes":	11767896,
				"bits_per_second":	94144206.1149132,
				"retransmits":	560,
				"omitted":	false,
				"sender":	true
			}
		}, {
			"streams":	[{
					"socket":	5,
					"start":	9.00012,
					"end":	10.000136,
					"seconds":	1.0000159740448,
					"bytes":	11581104,
					"bits_per_second":	92647352.047047824,
					"retransmits":	733,
					"snd_cwnd":	17376,
					"rtt":	2216,
					"rttvar":	265,
					"pmtu":	1500,
					"omitted":	false,
					"sender":	true
				}],
			"sum":	{
				"start":	9.00012,
				"end":	10.000136,
				"seconds":	1.0000159740448,
				"bytes":	11581104,
				"bits_per_second":	92647352.047047824,
				"retransmits":	733,
				"omitted":	false,
				"sender":	true
			}
		}],
	"end":	{
		"streams":	[{
				"sender":	{
					"socket":	5,
					"start":	0,
					"end":	10.000136,
					"seconds":	10.000136,
					"bytes":	119389048,
					"bits_per_second":	95509939.4648233,
					"retransmits":	6648,
					"max_snd_cwnd":	30408,
					"max_rtt":	2395,
					"min_rtt":	2086,
					"mean_rtt":	2214,
					"sender":	true
				},
				"receiver":	{
					"socket":	5,
					"start":	0,
					"end":	10.002309000003152,
					"seconds":	10.000136,
					"bytes":	118888040,
					"bits_per_second":	95088476.070845276,
					"sender":	true
				}
			}],
		"sum_sent":	{
			"start":	0,
			"end":	10.000136,
			"seconds":	10.000136,
			"bytes":	119389048,
			"bits_per_second":	95509939.4648233,
			"retransmits":	6648,
			"sender":	true
		},
		"sum_received":	{
			"start":	0,
			"end":	10.002309000003152,
			"seconds":	10.002309000003152,
			"bytes":	118888040,
			"bits_per_second":	95088476.070845276,
			"sender":	true
		},
		"cpu_utilization_percent":	{
			"host_total":	0.24771187991157692,
			"host_user":	0.065484343317528573,
			"host_system":	0.18222753659404833,
			"remote_total":	0.17920815076942131,
			"remote_user":	0.016759330750400574,
			"remote_system":	0.16244865543755407
		},
		"sender_tcp_congestion":	"cubic",
		"receiver_tcp_congestion":	"cubic"
	}
}
