{
	"start":	{
		"connected":	[{
				"socket":	5,
				"local_host":	"172.26.184.25",
				"local_port":	57970,
				"remote_host":	"195.148.124.36",
				"remote_port":	5202
			}],
		"version":	"iperf 3.9",
		"system_info":	"Linux A-Tower 5.15.90.1-microsoft-standard-WSL2 #1 SMP Fri Jan 27 02:56:13 UTC 2023 x86_64",
		"timestamp":	{
			"time":	"Mon, 02 Oct 2023 09:59:02 GMT",
			"timesecs":	1696240742
		},
		"connecting_to":	{
			"host":	"ok1.iperf.comnet-student.eu",
			"port":	5202
		},
		"cookie":	"g775wp46erqbyikwv667ucigqqk7fz7dbx5v",
		"tcp_mss_default":	1448,
		"sock_bufsize":	0,
		"sndbuf_actual":	16384,
		"rcvbuf_actual":	131072,
		"test_start":	{
			"protocol":	"TCP",
			"num_streams":	1,
			"blksize":	131072,
			"omit":	0,
			"duration":	10,
			"bytes":	0,
			"blocks":	0,
			"reverse":	0,
			"tos":	0
		}
	},
	"intervals":	[{
			"streams":	[{
					"socket":	5,
					"start":	0,
					"end":	1.000122,
					"seconds":	1.0001219511032104,
					"bytes":	11292952,
					"bits_per_second":	90332599.839793667,
					"retransmits":	421,
					"snd_cwnd":	75296,
					"rtt":	3086,
					"rttvar":	190,
					"pmtu":	1500,
					"omitted":	false,
					"sender":	true
				}],
			"sum":	{
				"start":	0,
				"end":	1.000122,
				"seconds":	1.0001219511032104,
				"bytes":	11292952,
				"bits_per_second":	90332599.839793667,
				"retransmits":	421,
				"omitted":	false,
				"sender":	true
			}
		}, {
			"streams":	[{
					"socket":	5,
					"start":	1.000122,
					"end":	2.000164,
					"seconds":	1.0000419616699219,
					"bytes":	12328272,
					"bits_per_second":	98622037.6546089,
					"retransmits":	564,
					"snd_cwnd":	62264,
					"rtt":	3015,
					"rttvar":	250,
					"pmtu":	1500,
					"omitted":	false,
					"sender":	true
				}],
			"sum":	{
				"start":	1.000122,
				"end":	2.000164,
				"seconds":	1.0000419616699219,
				"bytes":	12328272,
				"bits_per_second":	98622037.6546089,
				"retransmits":	564,
				"omitted":	false,
				"sender":	true
			}
		}, {
			"streams":	[{
					"socket":	5,
					"start":	2.000164,
					"end":	3.000101,
					"seconds":	0.99993699789047241,
					"bytes":	12016952,
					"bits_per_second":	96141673.1282206,
					"retransmits":	479,
					"snd_cwnd":	26064,
					"rtt":	2236,
					"rttvar":	376,
					"pmtu":	1500,
					"omitted":	false,
					"sender":	true
				}],
			"sum":	{
				"start":	2.000164,
				"end":	3.000101,
				"seconds":	0.99993699789047241,
				"bytes":	12016952,
				"bits_per_second":	96141673.1282206,
				"retransmits":	479,
				"omitted":	false,
				"sender":	true
			}
		}, {
			"streams":	[{
					"socket":	5,
					"start":	3.000101,
					"end":	4.000105,
					"seconds":	1.0000040531158447,
					"bytes":	11145256,
					"bits_per_second":	89161686.617355227,
					"retransmits":	358,
					"snd_cwnd":	36200,
					"rtt":	2448,
					"rttvar":	379,
					"pmtu":	1500,
					"omitted":	false,
					"sender":	true
				}],
			"sum":	{
				"start":	3.000101,
				"end":	4.000105,
				"seconds":	1.0000040531158447,
				"bytes":	11145256,
				"bits_per_second":	89161686.617355227,
				"retransmits":	358,
				"omitted":	false,
				"sender":	true
			}
		}, {
			"streams":	[{
					"socket":	5,
					"start":	4.000105,
					"end":	5.000179,
					"seconds":	1.000074028968811,
					"bytes":	11456576,
					"bits_per_second":	91645823.554186448,
					"retransmits":	545,
					"snd_cwnd":	31856,
					"rtt":	3179,
					"rttvar":	851,
					"pmtu":	1500,
					"omitted":	false,
					"sender":	true
				}],
			"sum":	{
				"start":	4.000105,
				"end":	5.000179,
				"seconds":	1.000074028968811,
				"bytes":	11456576,
				"bits_per_second":	91645823.554186448,
				"retransmits":	545,
				"omitted":	false,
				"sender":	true
			}
		}, {
			"streams":	[{
					"socket":	5,
					"start":	5.000179,
					"end":	6.000135,
					"seconds":	0.99995601177215576,
					"bytes":	11518840,
					"bits_per_second":	92154773.725183561,
					"retransmits":	531,
					"snd_cwnd":	26064,
					"rtt":	2604,
					"rttvar":	346,
					"pmtu":	1500,
					"omitted":	false,
					"sender":	true
				}],
			"sum":	{
				"start":	5.000179,
				"end":	6.000135,
				"seconds":	0.99995601177215576,
				"bytes":	11518840,
				"bits_per_second":	92154773.725183561,
				"retransmits":	531,
				"omitted":	false,
				"sender":	true
			}
		}, {
			"streams":	[{
					"socket":	5,
					"start":	6.000135,
					"end":	7.000126,
					"seconds":	0.999990999698639,
					"bytes":	11332048,
					"bits_per_second":	90657199.942120031,
					"retransmits":	720,
					"snd_cwnd":	28960,
					"rtt":	2438,
					"rttvar":	271,
					"pmtu":	1500,
					"omitted":	false,
					"sender":	true
				}],
			"sum":	{
				"start":	6.000135,
				"end":	7.000126,
				"seconds":	0.999990999698639,
				"bytes":	11332048,
				"bits_per_second":	90657199.942120031,
				"retransmits":	720,
				"omitted":	false,
				"sender":	true
			}
		}, {
			"streams":	[{
					"socket":	5,
					"start":	7.000126,
					"end":	8.000125,
					"seconds":	0.99999898672103882,
					"bytes":	11269784,
					"bits_per_second":	90158363.35557276,
					"retransmits":	639,
					"snd_cwnd":	17376,
					"rtt":	2086,
					"rttvar":	181,
					"pmtu":	1500,
					"omitted":	false,
					"sender":	true
				}],
			"sum":	{
				"start":	7.000126,
				"end":	8.000125,
				"seconds":	0.99999898672103882,
				"bytes":	11269784,
				"bits_per_second":	90158363.35557276,
				"retransmits":	639,
				"omitted":	false,
				"sender":	true
			}
		}, {
			"streams":	[{
					"socket":	5,
					"start":	8.000125,
					"end":	9.000195,
					"seconds":	1.0000699758529663,
					"bytes":	11269784,
					"bits_per_second":	90151963.539454743,
					"retransmits":	733,
					"snd_cwnd":	27512,
					"rtt":	2464,
					"rttvar":	302,
					"pmtu":	1500,
					"omitted":	false,
					"sender":	true
				}],
			"sum":	{
				"start":	8.000125,
				"end":	9.000195,
				"seconds":	1.0000699758529663,
				"bytes":	11269784,
				"bits_per_second":	90151963.539454743,
				"retransmits":	733,
				"omitted":	false,
				"sender":	true
			}
		}, {
			"streams":	[{
					"socket":	5,
					"start":	9.000195,
					"end":	10.000183,
					"seconds":	0.9999880194664,
					"bytes":	11518840,
					"bits_per_second":	92151824.028024063,
					"retransmits":	579,
					"snd_cwnd":	28960,
					"rtt":	2345,
					"rttvar":	313,
					"pmtu":	1500,
					"omitted":	false,
					"sender":	true
				}],
			"sum":	{
				"start":	9.000195,
				"end":	10.000183,
				"seconds":	0.9999880194664,
				"bytes":	11518840,
				"bits_per_second":	92151824.028024063,
				"retransmits":	579,
				"omitted":	false,
				"sender":	true
			}
		}],
	"end":	{
		"streams":	[{
				"sender":	{
					"socket":	5,
					"start":	0,
					"end":	10.000183,
					"seconds":	10.000183,
					"bytes":	115149304,
					"bits_per_second":	92117757.445038751,
					"retransmits":	5569,
					"max_snd_cwnd":	75296,
					"max_rtt":	3179,
					"min_rtt":	2086,
					"mean_rtt":	2590,
					"sender":	true
				},
				"receiver":	{
					"socket":	5,
					"start":	0,
					"end":	10.046027000062168,
					"seconds":	10.000183,
					"bytes":	114226928,
					"bits_per_second":	90962867.608691975,
					"sender":	true
				}
			}],
		"sum_sent":	{
			"start":	0,
			"end":	10.000183,
			"seconds":	10.000183,
			"bytes":	115149304,
			"bits_per_second":	92117757.445038751,
			"retransmits":	5569,
			"sender":	true
		},
		"sum_received":	{
			"start":	0,
			"end":	10.046027000062168,
			"seconds":	10.046027000062168,
			"bytes":	114226928,
			"bits_per_second":	90962867.608691975,
			"sender":	true
		},
		"cpu_utilization_percent":	{
			"host_total":	0.76795211515857875,
			"host_user":	0.19956305319695716,
			"host_system":	0.5683791664365957,
			"remote_total":	0.049493167021811987,
			"remote_user":	0.00595714698150661,
			"remote_system":	0.0435365135697351
		},
		"sender_tcp_congestion":	"cubic",
		"receiver_tcp_congestion":	"cubic"
	}
}
