{
	"start":	{
		"connected":	[{
				"socket":	5,
				"local_host":	"172.26.184.25",
				"local_port":	36876,
				"remote_host":	"195.148.124.36",
				"remote_port":	5206
			}],
		"version":	"iperf 3.9",
		"system_info":	"Linux A-Tower 5.15.90.1-microsoft-standard-WSL2 #1 SMP Fri Jan 27 02:56:13 UTC 2023 x86_64",
		"timestamp":	{
			"time":	"Mon, 02 Oct 2023 00:59:02 GMT",
			"timesecs":	1696208342
		},
		"connecting_to":	{
			"host":	"ok1.iperf.comnet-student.eu",
			"port":	5206
		},
		"cookie":	"fppi33dku5chxvg7bn535qbvyqwpp7adzq37",
		"tcp_mss_default":	1448,
		"sock_bufsize":	0,
		"sndbuf_actual":	16384,
		"rcvbuf_actual":	131072,
		"test_start":	{
			"protocol":	"TCP",
			"num_streams":	1,
			"blksize":	131072,
			"omit":	0,
			"duration":	10,
			"bytes":	0,
			"blocks":	0,
			"reverse":	0,
			"tos":	0
		}
	},
	"intervals":	[{
			"streams":	[{
					"socket":	5,
					"start":	0,
					"end":	1.000163,
					"seconds":	1.0001629590988159,
					"bytes":	11662192,
					"bits_per_second":	93282334.7947864,
					"retransmits":	395,
					"snd_cwnd":	41992,
					"rtt":	2843,
					"rttvar":	184,
					"pmtu":	1500,
					"omitted":	false,
					"sender":	true
				}],
			"sum":	{
				"start":	0,
				"end":	1.000163,
				"seconds":	1.0001629590988159,
				"bytes":	11662192,
				"bits_per_second":	93282334.7947864,
				"retransmits":	395,
				"omitted":	false,
				"sender":	true
			}
		}, {
			"streams":	[{
					"socket":	5,
					"start":	1.000163,
					"end":	2.000169,
					"seconds":	1.0000059604644775,
					"bytes":	12701856,
					"bits_per_second":	101614242.33191817,
					"retransmits":	444,
					"snd_cwnd":	39096,
					"rtt":	3211,
					"rttvar":	509,
					"pmtu":	1500,
					"omitted":	false,
					"sender":	true
				}],
			"sum":	{
				"start":	1.000163,
				"end":	2.000169,
				"seconds":	1.0000059604644775,
				"bytes":	12701856,
				"bits_per_second":	101614242.33191817,
				"retransmits":	444,
				"omitted":	false,
				"sender":	true
			}
		}, {
			"streams":	[{
					"socket":	5,
					"start":	2.000169,
					"end":	3.000124,
					"seconds":	0.99995499849319458,
					"bytes":	11830160,
					"bits_per_second":	94645539.191876039,
					"retransmits":	335,
					"snd_cwnd":	59368,
					"rtt":	3901,
					"rttvar":	1686,
					"pmtu":	1500,
					"omitted":	false,
					"sender":	true
				}],
			"sum":	{
				"start":	2.000169,
				"end":	3.000124,
				"seconds":	0.99995499849319458,
				"bytes":	11830160,
				"bits_per_second":	94645539.191876039,
				"retransmits":	335,
				"omitted":	false,
				"sender":	true
			}
		}, {
			"streams":	[{
					"socket":	5,
					"start":	3.000124,
					"end":	4.000158,
					"seconds":	1.000033974647522,
					"bytes":	11892424,
					"bits_per_second":	95136159.7825048,
					"retransmits":	430,
					"snd_cwnd":	43440,
					"rtt":	2768,
					"rttvar":	701,
					"pmtu":	1500,
					"omitted":	false,
					"sender":	true
				}],
			"sum":	{
				"start":	3.000124,
				"end":	4.000158,
				"seconds":	1.000033974647522,
				"bytes":	11892424,
				"bits_per_second":	95136159.7825048,
				"retransmits":	430,
				"omitted":	false,
				"sender":	true
			}
		}, {
			"streams":	[{
					"socket":	5,
					"start":	4.000158,
					"end":	5.000185,
					"seconds":	1.0000269412994385,
					"bytes":	11830160,
					"bits_per_second":	94638730.309628248,
					"retransmits":	613,
					"snd_cwnd":	53576,
					"rtt":	2750,
					"rttvar":	231,
					"pmtu":	1500,
					"omitted":	false,
					"sender":	true
				}],
			"sum":	{
				"start":	4.000158,
				"end":	5.000185,
				"seconds":	1.0000269412994385,
				"bytes":	11830160,
				"bits_per_second":	94638730.309628248,
				"retransmits":	613,
				"omitted":	false,
				"sender":	true
			}
		}, {
			"streams":	[{
					"socket":	5,
					"start":	5.000185,
					"end":	6.000118,
					"seconds":	0.99993300437927246,
					"bytes":	11518840,
					"bits_per_second":	92156894.1083251,
					"retransmits":	404,
					"snd_cwnd":	41992,
					"rtt":	2773,
					"rttvar":	680,
					"pmtu":	1500,
					"omitted":	false,
					"sender":	true
				}],
			"sum":	{
				"start":	5.000185,
				"end":	6.000118,
				"seconds":	0.99993300437927246,
				"bytes":	11518840,
				"bits_per_second":	92156894.1083251,
				"retransmits":	404,
				"omitted":	false,
				"sender":	true
			}
		}, {
			"streams":	[{
					"socket":	5,
					"start":	6.000118,
					"end":	7.000241,
					"seconds":	1.0001230239868164,
					"bytes":	11643368,
					"bits_per_second":	93135486.101185754,
					"retransmits":	369,
					"snd_cwnd":	24616,
					"rtt":	2307,
					"rttvar":	171,
					"pmtu":	1500,
					"omitted":	false,
					"sender":	true
				}],
			"sum":	{
				"start":	6.000118,
				"end":	7.000241,
				"seconds":	1.0001230239868164,
				"bytes":	11643368,
				"bits_per_second":	93135486.101185754,
				"retransmits":	369,
				"omitted":	false,
				"sender":	true
			}
		}, {
			"streams":	[{
					"socket":	5,
					"start":	7.000241,
					"end":	8.000126,
					"seconds":	0.99988502264022827,
					"bytes":	11767896,
					"bits_per_second":	94153993.5775935,
					"retransmits":	330,
					"snd_cwnd":	41992,
					"rtt":	3096,
					"rttvar":	246,
					"pmtu":	1500,
					"omitted":	false,
					"sender":	true
				}],
			"sum":	{
				"start":	7.000241,
				"end":	8.000126,
				"seconds":	0.99988502264022827,
				"bytes":	11767896,
				"bits_per_second":	94153993.5775935,
				"retransmits":	330,
				"omitted":	false,
				"sender":	true
			}
		}, {
			"streams":	[{
					"socket":	5,
					"start":	8.000126,
					"end":	9.000139,
					"seconds":	1.000012993812561,
					"bytes":	11456576,
					"bits_per_second":	91651417.098665267,
					"retransmits":	430,
					"snd_cwnd":	62264,
					"rtt":	2959,
					"rttvar":	610,
					"pmtu":	1500,
					"omitted":	false,
					"sender":	true
				}],
			"sum":	{
				"start":	8.000126,
				"end":	9.000139,
				"seconds":	1.000012993812561,
				"bytes":	11456576,
				"bits_per_second":	91651417.098665267,
				"retransmits":	430,
				"omitted":	false,
				"sender":	true
			}
		}, {
			"streams":	[{
					"socket":	5,
					"start":	9.000139,
					"end":	10.000125,
					"seconds":	0.99998599290847778,
					"bytes":	11705632,
					"bits_per_second":	93646367.713243276,
					"retransmits":	495,
					"snd_cwnd":	91224,
					"rtt":	3281,
					"rttvar":	742,
					"pmtu":	1500,
					"omitted":	false,
					"sender":	true
				}],
			"sum":	{
				"start":	9.000139,
				"end":	10.000125,
				"seconds":	0.99998599290847778,
				"bytes":	11705632,
				"bits_per_second":	93646367.713243276,
				"retransmits":	495,
				"omitted":	false,
				"sender":	true
			}
		}],
	"end":	{
		"streams":	[{
				"sender":	{
					"socket":	5,
					"start":	0,
					"end":	10.000125,
					"seconds":	10.000125,
					"bytes":	118009104,
					"bits_per_second":	94406103.123710945,
					"retransmits":	4245,
					"max_snd_cwnd":	91224,
					"max_rtt":	3901,
					"min_rtt":	2307,
					"mean_rtt":	2988,
					"sender":	true
				},
				"receiver":	{
					"socket":	5,
					"start":	0,
					"end":	10.038531999918632,
					"seconds":	10.000125,
					"bytes":	117189536,
					"bits_per_second":	93391771.626329333,
					"sender":	true
				}
			}],
		"sum_sent":	{
			"start":	0,
			"end":	10.000125,
			"seconds":	10.000125,
			"bytes":	118009104,
			"bits_per_second":	94406103.123710945,
			"retransmits":	4245,
			"sender":	true
		},
		"sum_received":	{
			"start":	0,
			"end":	10.038531999918632,
			"seconds":	10.038531999918632,
			"bytes":	117189536,
			"bits_per_second":	93391771.626329333,
			"sender":	true
		},
		"cpu_utilization_percent":	{
			"host_total":	0.707678500847147,
			"host_user":	0.2201532230788302,
			"host_system":	0.48752527776831661,
			"remote_total":	0.041122944221690674,
			"remote_user":	0.00437206956695431,
			"remote_system":	0.036750909506106773
		},
		"sender_tcp_congestion":	"cubic",
		"receiver_tcp_congestion":	"cubic"
	}
}
