{
	"start":	{
		"connected":	[{
				"socket":	5,
				"local_host":	"172.26.184.25",
				"local_port":	49716,
				"remote_host":	"195.148.124.36",
				"remote_port":	5202
			}],
		"version":	"iperf 3.9",
		"system_info":	"Linux A-Tower 5.15.90.1-microsoft-standard-WSL2 #1 SMP Fri Jan 27 02:56:13 UTC 2023 x86_64",
		"timestamp":	{
			"time":	"Mon, 02 Oct 2023 02:59:01 GMT",
			"timesecs":	1696215541
		},
		"connecting_to":	{
			"host":	"ok1.iperf.comnet-student.eu",
			"port":	5202
		},
		"cookie":	"sieubxatkifljjjs7hpjhqgb53lqlhnc5j2c",
		"tcp_mss_default":	1448,
		"sock_bufsize":	0,
		"sndbuf_actual":	16384,
		"rcvbuf_actual":	131072,
		"test_start":	{
			"protocol":	"TCP",
			"num_streams":	1,
			"blksize":	131072,
			"omit":	0,
			"duration":	10,
			"bytes":	0,
			"blocks":	0,
			"reverse":	0,
			"tos":	0
		}
	},
	"intervals":	[{
			"streams":	[{
					"socket":	5,
					"start":	0,
					"end":	1.000141,
					"seconds":	1.0001410245895386,
					"bytes":	11275576,
					"bits_per_second":	90191888.7259127,
					"retransmits":	421,
					"snd_cwnd":	28960,
					"rtt":	2337,
					"rttvar":	240,
					"pmtu":	1500,
					"omitted":	false,
					"sender":	true
				}],
			"sum":	{
				"start":	0,
				"end":	1.000141,
				"seconds":	1.0001410245895386,
				"bytes":	11275576,
				"bits_per_second":	90191888.7259127,
				"retransmits":	421,
				"omitted":	false,
				"sender":	true
			}
		}, {
			"streams":	[{
					"socket":	5,
					"start":	1.000141,
					"end":	2.000171,
					"seconds":	1.0000300407409668,
					"bytes":	12826384,
					"bits_per_second":	102607989.57996391,
					"retransmits":	688,
					"snd_cwnd":	34752,
					"rtt":	3661,
					"rttvar":	657,
					"pmtu":	1500,
					"omitted":	false,
					"sender":	true
				}],
			"sum":	{
				"start":	1.000141,
				"end":	2.000171,
				"seconds":	1.0000300407409668,
				"bytes":	12826384,
				"bits_per_second":	102607989.57996391,
				"retransmits":	688,
				"omitted":	false,
				"sender":	true
			}
		}, {
			"streams":	[{
					"socket":	5,
					"start":	2.000171,
					"end":	3.000106,
					"seconds":	0.99993497133255,
					"bytes":	12203744,
					"bits_per_second":	97636301.1585591,
					"retransmits":	489,
					"snd_cwnd":	27512,
					"rtt":	2572,
					"rttvar":	311,
					"pmtu":	1500,
					"omitted":	false,
					"sender":	true
				}],
			"sum":	{
				"start":	2.000171,
				"end":	3.000106,
				"seconds":	0.99993497133255,
				"bytes":	12203744,
				"bits_per_second":	97636301.1585591,
				"retransmits":	489,
				"omitted":	false,
				"sender":	true
			}
		}, {
			"streams":	[{
					"socket":	5,
					"start":	3.000106,
					"end":	4.000132,
					"seconds":	1.0000259876251221,
					"bytes":	11332048,
					"bits_per_second":	90654028.1171015,
					"retransmits":	633,
					"snd_cwnd":	24616,
					"rtt":	2659,
					"rttvar":	341,
					"pmtu":	1500,
					"omitted":	false,
					"sender":	true
				}],
			"sum":	{
				"start":	3.000106,
				"end":	4.000132,
				"seconds":	1.0000259876251221,
				"bytes":	11332048,
				"bits_per_second":	90654028.1171015,
				"retransmits":	633,
				"omitted":	false,
				"sender":	true
			}
		}, {
			"streams":	[{
					"socket":	5,
					"start":	4.000132,
					"end":	5.00016,
					"seconds":	1.0000280141830444,
					"bytes":	11456576,
					"bits_per_second":	91650040.498989433,
					"retransmits":	385,
					"snd_cwnd":	27512,
					"rtt":	2389,
					"rttvar":	301,
					"pmtu":	1500,
					"omitted":	false,
					"sender":	true
				}],
			"sum":	{
				"start":	4.000132,
				"end":	5.00016,
				"seconds":	1.0000280141830444,
				"bytes":	11456576,
				"bits_per_second":	91650040.498989433,
				"retransmits":	385,
				"omitted":	false,
				"sender":	true
			}
		}, {
			"streams":	[{
					"socket":	5,
					"start":	5.00016,
					"end":	6.000168,
					"seconds":	1.0000079870224,
					"bytes":	11518840,
					"bits_per_second":	92149983.996013671,
					"retransmits":	342,
					"snd_cwnd":	49232,
					"rtt":	2728,
					"rttvar":	501,
					"pmtu":	1500,
					"omitted":	false,
					"sender":	true
				}],
			"sum":	{
				"start":	5.00016,
				"end":	6.000168,
				"seconds":	1.0000079870224,
				"bytes":	11518840,
				"bits_per_second":	92149983.996013671,
				"retransmits":	342,
				"omitted":	false,
				"sender":	true
			}
		}, {
			"streams":	[{
					"socket":	5,
					"start":	6.000168,
					"end":	7.000158,
					"seconds":	0.99998998641967773,
					"bytes":	11581104,
					"bits_per_second":	92649759.755811155,
					"retransmits":	543,
					"snd_cwnd":	69504,
					"rtt":	3895,
					"rttvar":	476,
					"pmtu":	1500,
					"omitted":	false,
					"sender":	true
				}],
			"sum":	{
				"start":	6.000168,
				"end":	7.000158,
				"seconds":	0.99998998641967773,
				"bytes":	11581104,
				"bits_per_second":	92649759.755811155,
				"retransmits":	543,
				"omitted":	false,
				"sender":	true
			}
		}, {
			"streams":	[{
					"socket":	5,
					"start":	7.000158,
					"end":	8.000135,
					"seconds":	0.9999769926071167,
					"bytes":	11767896,
					"bits_per_second":	94145334.038688362,
					"retransmits":	569,
					"snd_cwnd":	26064,
					"rtt":	2779,
					"rttvar":	369,
					"pmtu":	1500,
					"omitted":	false,
					"sender":	true
				}],
			"sum":	{
				"start":	7.000158,
				"end":	8.000135,
				"seconds":	0.9999769926071167,
				"bytes":	11767896,
				"bits_per_second":	94145334.038688362,
				"retransmits":	569,
				"omitted":	false,
				"sender":	true
			}
		}, {
			"streams":	[{
					"socket":	5,
					"start":	8.000135,
					"end":	9.000112,
					"seconds":	0.9999769926071167,
					"bytes":	11954688,
					"bits_per_second":	95639704.420254841,
					"retransmits":	727,
					"snd_cwnd":	20272,
					"rtt":	2342,
					"rttvar":	310,
					"pmtu":	1500,
					"omitted":	false,
					"sender":	true
				}],
			"sum":	{
				"start":	8.000135,
				"end":	9.000112,
				"seconds":	0.9999769926071167,
				"bytes":	11954688,
				"bits_per_second":	95639704.420254841,
				"retransmits":	727,
				"omitted":	false,
				"sender":	true
			}
		}, {
			"streams":	[{
					"socket":	5,
					"start":	9.000112,
					"end":	10.000159,
					"seconds":	1.000046968460083,
					"bytes":	11456576,
					"bits_per_second":	91648303.420319125,
					"retransmits":	626,
					"snd_cwnd":	23168,
					"rtt":	2245,
					"rttvar":	199,
					"pmtu":	1500,
					"omitted":	false,
					"sender":	true
				}],
			"sum":	{
				"start":	9.000112,
				"end":	10.000159,
				"seconds":	1.000046968460083,
				"bytes":	11456576,
				"bits_per_second":	91648303.420319125,
				"retransmits":	626,
				"omitted":	false,
				"sender":	true
			}
		}],
	"end":	{
		"streams":	[{
				"sender":	{
					"socket":	5,
					"start":	0,
					"end":	10.000159,
					"seconds":	10.000159,
					"bytes":	117373432,
					"bits_per_second":	93897252.63368313,
					"retransmits":	5423,
					"max_snd_cwnd":	69504,
					"max_rtt":	3895,
					"min_rtt":	2245,
					"mean_rtt":	2760,
					"sender":	true
				},
				"receiver":	{
					"socket":	5,
					"start":	0,
					"end":	10.045391999999993,
					"seconds":	10.000159,
					"bytes":	116866632,
					"bits_per_second":	93070838.450107336,
					"sender":	true
				}
			}],
		"sum_sent":	{
			"start":	0,
			"end":	10.000159,
			"seconds":	10.000159,
			"bytes":	117373432,
			"bits_per_second":	93897252.63368313,
			"retransmits":	5423,
			"sender":	true
		},
		"sum_received":	{
			"start":	0,
			"end":	10.045391999999993,
			"seconds":	10.045391999999993,
			"bytes":	116866632,
			"bits_per_second":	93070838.450107336,
			"sender":	true
		},
		"cpu_utilization_percent":	{
			"host_total":	0.770774643809587,
			"host_user":	0.24524512783539623,
			"host_system":	0.525529515974191,
			"remote_total":	0.506044549736916,
			"remote_user":	0.054033175919577681,
			"remote_system":	0.45201221106071676
		},
		"sender_tcp_congestion":	"cubic",
		"receiver_tcp_congestion":	"cubic"
	}
}
