{
	"start":	{
		"connected":	[{
				"socket":	5,
				"local_host":	"172.26.184.25",
				"local_port":	52290,
				"remote_host":	"195.148.124.36",
				"remote_port":	5203
			}],
		"version":	"iperf 3.9",
		"system_info":	"Linux A-Tower 5.15.90.1-microsoft-standard-WSL2 #1 SMP Fri Jan 27 02:56:13 UTC 2023 x86_64",
		"timestamp":	{
			"time":	"Mon, 02 Oct 2023 05:59:01 GMT",
			"timesecs":	1696226341
		},
		"connecting_to":	{
			"host":	"ok1.iperf.comnet-student.eu",
			"port":	5203
		},
		"cookie":	"nfsh2523eefa4drvp7lhts2yrr274d3oxga7",
		"tcp_mss_default":	1448,
		"sock_bufsize":	0,
		"sndbuf_actual":	16384,
		"rcvbuf_actual":	131072,
		"test_start":	{
			"protocol":	"TCP",
			"num_streams":	1,
			"blksize":	131072,
			"omit":	0,
			"duration":	10,
			"bytes":	0,
			"blocks":	0,
			"reverse":	0,
			"tos":	0
		}
	},
	"intervals":	[{
			"streams":	[{
					"socket":	5,
					"start":	0,
					"end":	1.0001,
					"seconds":	1.0001000165939331,
					"bytes":	12239944,
					"bits_per_second":	97909759.399352074,
					"retransmits":	143,
					"snd_cwnd":	31856,
					"rtt":	2701,
					"rttvar":	386,
					"pmtu":	1500,
					"omitted":	false,
					"sender":	true
				}],
			"sum":	{
				"start":	0,
				"end":	1.0001,
				"seconds":	1.0001000165939331,
				"bytes":	12239944,
				"bits_per_second":	97909759.399352074,
				"retransmits":	143,
				"omitted":	false,
				"sender":	true
			}
		}, {
			"streams":	[{
					"socket":	5,
					"start":	1.0001,
					"end":	2.000106,
					"seconds":	1.0000059604644775,
					"bytes":	12826384,
					"bits_per_second":	102610460.39399579,
					"retransmits":	404,
					"snd_cwnd":	31856,
					"rtt":	2517,
					"rttvar":	226,
					"pmtu":	1500,
					"omitted":	false,
					"sender":	true
				}],
			"sum":	{
				"start":	1.0001,
				"end":	2.000106,
				"seconds":	1.0000059604644775,
				"bytes":	12826384,
				"bits_per_second":	102610460.39399579,
				"retransmits":	404,
				"omitted":	false,
				"sender":	true
			}
		}, {
			"streams":	[{
					"socket":	5,
					"start":	2.000106,
					"end":	3.00013,
					"seconds":	1.0000239610672,
					"bytes":	12701856,
					"bits_per_second":	101612413.2581376,
					"retransmits":	452,
					"snd_cwnd":	36200,
					"rtt":	2882,
					"rttvar":	306,
					"pmtu":	1500,
					"omitted":	false,
					"sender":	true
				}],
			"sum":	{
				"start":	2.000106,
				"end":	3.00013,
				"seconds":	1.0000239610672,
				"bytes":	12701856,
				"bits_per_second":	101612413.2581376,
				"retransmits":	452,
				"omitted":	false,
				"sender":	true
			}
		}, {
			"streams":	[{
					"socket":	5,
					"start":	3.00013,
					"end":	4.000092,
					"seconds":	0.9999619722366333,
					"bytes":	11581104,
					"bits_per_second":	92652355.361845061,
					"retransmits":	392,
					"snd_cwnd":	68056,
					"rtt":	3610,
					"rttvar":	600,
					"pmtu":	1500,
					"omitted":	false,
					"sender":	true
				}],
			"sum":	{
				"start":	3.00013,
				"end":	4.000092,
				"seconds":	0.9999619722366333,
				"bytes":	11581104,
				"bits_per_second":	92652355.361845061,
				"retransmits":	392,
				"omitted":	false,
				"sender":	true
			}
		}, {
			"streams":	[{
					"socket":	5,
					"start":	4.000092,
					"end":	5.000096,
					"seconds":	1.0000040531158447,
					"bytes":	11643368,
					"bits_per_second":	93146566.466175571,
					"retransmits":	331,
					"snd_cwnd":	44888,
					"rtt":	3013,
					"rttvar":	208,
					"pmtu":	1500,
					"omitted":	false,
					"sender":	true
				}],
			"sum":	{
				"start":	4.000092,
				"end":	5.000096,
				"seconds":	1.0000040531158447,
				"bytes":	11643368,
				"bits_per_second":	93146566.466175571,
				"retransmits":	331,
				"omitted":	false,
				"sender":	true
			}
		}, {
			"streams":	[{
					"socket":	5,
					"start":	5.000096,
					"end":	6.000151,
					"seconds":	1.0000549554824829,
					"bytes":	11830160,
					"bits_per_second":	94636079.2286057,
					"retransmits":	382,
					"snd_cwnd":	33304,
					"rtt":	3423,
					"rttvar":	360,
					"pmtu":	1500,
					"omitted":	false,
					"sender":	true
				}],
			"sum":	{
				"start":	5.000096,
				"end":	6.000151,
				"seconds":	1.0000549554824829,
				"bytes":	11830160,
				"bits_per_second":	94636079.2286057,
				"retransmits":	382,
				"omitted":	false,
				"sender":	true
			}
		}, {
			"streams":	[{
					"socket":	5,
					"start":	6.000151,
					"end":	7.000117,
					"seconds":	0.999966025352478,
					"bytes":	11705632,
					"bits_per_second":	93648237.665865749,
					"retransmits":	278,
					"snd_cwnd":	27512,
					"rtt":	2732,
					"rttvar":	266,
					"pmtu":	1500,
					"omitted":	false,
					"sender":	true
				}],
			"sum":	{
				"start":	6.000151,
				"end":	7.000117,
				"seconds":	0.999966025352478,
				"bytes":	11705632,
				"bits_per_second":	93648237.665865749,
				"retransmits":	278,
				"omitted":	false,
				"sender":	true
			}
		}, {
			"streams":	[{
					"socket":	5,
					"start":	7.000117,
					"end":	8.000202,
					"seconds":	1.00008499622345,
					"bytes":	11518840,
					"bits_per_second":	92142888.20248504,
					"retransmits":	327,
					"snd_cwnd":	24616,
					"rtt":	2454,
					"rttvar":	140,
					"pmtu":	1500,
					"omitted":	false,
					"sender":	true
				}],
			"sum":	{
				"start":	7.000117,
				"end":	8.000202,
				"seconds":	1.00008499622345,
				"bytes":	11518840,
				"bits_per_second":	92142888.20248504,
				"retransmits":	327,
				"omitted":	false,
				"sender":	true
			}
		}, {
			"streams":	[{
					"socket":	5,
					"start":	8.000202,
					"end":	9.000121,
					"seconds":	0.99991899728775024,
					"bytes":	11767896,
					"bits_per_second":	94150794.4697125,
					"retransmits":	359,
					"snd_cwnd":	28960,
					"rtt":	2779,
					"rttvar":	258,
					"pmtu":	1500,
					"omitted":	false,
					"sender":	true
				}],
			"sum":	{
				"start":	8.000202,
				"end":	9.000121,
				"seconds":	0.99991899728775024,
				"bytes":	11767896,
				"bits_per_second":	94150794.4697125,
				"retransmits":	359,
				"omitted":	false,
				"sender":	true
			}
		}, {
			"streams":	[{
					"socket":	5,
					"start":	9.000121,
					"end":	10.000137,
					"seconds":	1.0000159740448,
					"bytes":	11643368,
					"bits_per_second":	93145456.0903115,
					"retransmits":	330,
					"snd_cwnd":	26064,
					"rtt":	2411,
					"rttvar":	157,
					"pmtu":	1500,
					"omitted":	false,
					"sender":	true
				}],
			"sum":	{
				"start":	9.000121,
				"end":	10.000137,
				"seconds":	1.0000159740448,
				"bytes":	11643368,
				"bits_per_second":	93145456.0903115,
				"retransmits":	330,
				"omitted":	false,
				"sender":	true
			}
		}],
	"end":	{
		"streams":	[{
				"sender":	{
					"socket":	5,
					"start":	0,
					"end":	10.000137,
					"seconds":	10.000137,
					"bytes":	119458552,
					"bits_per_second":	95565532.352206767,
					"retransmits":	3398,
					"max_snd_cwnd":	68056,
					"max_rtt":	3610,
					"min_rtt":	2411,
					"mean_rtt":	2852,
					"sender":	true
				},
				"receiver":	{
					"socket":	5,
					"start":	0,
					"end":	10.03881200007163,
					"seconds":	10.000137,
					"bytes":	118993744,
					"bits_per_second":	94826952.829996973,
					"sender":	true
				}
			}],
		"sum_sent":	{
			"start":	0,
			"end":	10.000137,
			"seconds":	10.000137,
			"bytes":	119458552,
			"bits_per_second":	95565532.352206767,
			"retransmits":	3398,
			"sender":	true
		},
		"sum_received":	{
			"start":	0,
			"end":	10.03881200007163,
			"seconds":	10.03881200007163,
			"bytes":	118993744,
			"bits_per_second":	94826952.829996973,
			"sender":	true
		},
		"cpu_utilization_percent":	{
			"host_total":	0.79842911194310739,
			"host_user":	0.27499455240585569,
			"host_system":	0.5234345595372516,
			"remote_total":	0.79029569958930046,
			"remote_user":	0.076842661347040833,
			"remote_system":	0.71345369802281
		},
		"sender_tcp_congestion":	"cubic",
		"receiver_tcp_congestion":	"cubic"
	}
}
