{
	"start":	{
		"connected":	[{
				"socket":	5,
				"local_host":	"172.26.184.25",
				"local_port":	34970,
				"remote_host":	"195.148.124.36",
				"remote_port":	5201
			}],
		"version":	"iperf 3.9",
		"system_info":	"Linux A-Tower 5.15.90.1-microsoft-standard-WSL2 #1 SMP Fri Jan 27 02:56:13 UTC 2023 x86_64",
		"timestamp":	{
			"time":	"Sun, 01 Oct 2023 21:59:01 GMT",
			"timesecs":	1696197541
		},
		"connecting_to":	{
			"host":	"ok1.iperf.comnet-student.eu",
			"port":	5201
		},
		"cookie":	"64hvqs2n7rr7ujmlduegkzeenltm5ujdd4rf",
		"tcp_mss_default":	1448,
		"sock_bufsize":	0,
		"sndbuf_actual":	16384,
		"rcvbuf_actual":	131072,
		"test_start":	{
			"protocol":	"TCP",
			"num_streams":	1,
			"blksize":	131072,
			"omit":	0,
			"duration":	10,
			"bytes":	0,
			"blocks":	0,
			"reverse":	0,
			"tos":	0
		}
	},
	"intervals":	[{
			"streams":	[{
					"socket":	5,
					"start":	0,
					"end":	1.000128,
					"seconds":	1.0001280307769775,
					"bytes":	11780928,
					"bits_per_second":	94235358.973771825,
					"retransmits":	462,
					"snd_cwnd":	66608,
					"rtt":	2588,
					"rttvar":	189,
					"pmtu":	1500,
					"omitted":	false,
					"sender":	true
				}],
			"sum":	{
				"start":	0,
				"end":	1.000128,
				"seconds":	1.0001280307769775,
				"bytes":	11780928,
				"bits_per_second":	94235358.973771825,
				"retransmits":	462,
				"omitted":	false,
				"sender":	true
			}
		}, {
			"streams":	[{
					"socket":	5,
					"start":	1.000128,
					"end":	2.000114,
					"seconds":	0.99998599290847778,
					"bytes":	12639592,
					"bits_per_second":	101118152.37121482,
					"retransmits":	482,
					"snd_cwnd":	46336,
					"rtt":	2874,
					"rttvar":	649,
					"pmtu":	1500,
					"omitted":	false,
					"sender":	true
				}],
			"sum":	{
				"start":	1.000128,
				"end":	2.000114,
				"seconds":	0.99998599290847778,
				"bytes":	12639592,
				"bits_per_second":	101118152.37121482,
				"retransmits":	482,
				"omitted":	false,
				"sender":	true
			}
		}, {
			"streams":	[{
					"socket":	5,
					"start":	2.000114,
					"end":	3.000094,
					"seconds":	0.99997997283935547,
					"bytes":	11830160,
					"bits_per_second":	94643175.4340783,
					"retransmits":	681,
					"snd_cwnd":	81088,
					"rtt":	3385,
					"rttvar":	330,
					"pmtu":	1500,
					"omitted":	false,
					"sender":	true
				}],
			"sum":	{
				"start":	2.000114,
				"end":	3.000094,
				"seconds":	0.99997997283935547,
				"bytes":	11830160,
				"bits_per_second":	94643175.4340783,
				"retransmits":	681,
				"omitted":	false,
				"sender":	true
			}
		}, {
			"streams":	[{
					"socket":	5,
					"start":	3.000094,
					"end":	4.00013,
					"seconds":	1.0000360012054443,
					"bytes":	11456576,
					"bits_per_second":	91649308.514415339,
					"retransmits":	593,
					"snd_cwnd":	31856,
					"rtt":	2420,
					"rttvar":	246,
					"pmtu":	1500,
					"omitted":	false,
					"sender":	true
				}],
			"sum":	{
				"start":	3.000094,
				"end":	4.00013,
				"seconds":	1.0000360012054443,
				"bytes":	11456576,
				"bits_per_second":	91649308.514415339,
				"retransmits":	593,
				"omitted":	false,
				"sender":	true
			}
		}, {
			"streams":	[{
					"socket":	5,
					"start":	4.00013,
					"end":	5.000146,
					"seconds":	1.0000159740448,
					"bytes":	11581104,
					"bits_per_second":	92647352.047047824,
					"retransmits":	560,
					"snd_cwnd":	24616,
					"rtt":	2376,
					"rttvar":	151,
					"pmtu":	1500,
					"omitted":	false,
					"sender":	true
				}],
			"sum":	{
				"start":	4.00013,
				"end":	5.000146,
				"seconds":	1.0000159740448,
				"bytes":	11581104,
				"bits_per_second":	92647352.047047824,
				"retransmits":	560,
				"omitted":	false,
				"sender":	true
			}
		}, {
			"streams":	[{
					"socket":	5,
					"start":	5.000146,
					"end":	6.000096,
					"seconds":	0.99994999170303345,
					"bytes":	11892424,
					"bits_per_second":	95144149.9969077,
					"retransmits":	636,
					"snd_cwnd":	34752,
					"rtt":	3283,
					"rttvar":	784,
					"pmtu":	1500,
					"omitted":	false,
					"sender":	true
				}],
			"sum":	{
				"start":	5.000146,
				"end":	6.000096,
				"seconds":	0.99994999170303345,
				"bytes":	11892424,
				"bits_per_second":	95144149.9969077,
				"retransmits":	636,
				"omitted":	false,
				"sender":	true
			}
		}, {
			"streams":	[{
					"socket":	5,
					"start":	6.000096,
					"end":	7.00009,
					"seconds":	0.99999397993087769,
					"bytes":	11332048,
					"bits_per_second":	90656929.760983571,
					"retransmits":	756,
					"snd_cwnd":	27512,
					"rtt":	2670,
					"rttvar":	455,
					"pmtu":	1500,
					"omitted":	false,
					"sender":	true
				}],
			"sum":	{
				"start":	6.000096,
				"end":	7.00009,
				"seconds":	0.99999397993087769,
				"bytes":	11332048,
				"bits_per_second":	90656929.760983571,
				"retransmits":	756,
				"omitted":	false,
				"sender":	true
			}
		}, {
			"streams":	[{
					"socket":	5,
					"start":	7.00009,
					"end":	8.000116,
					"seconds":	1.0000259876251221,
					"bytes":	11830160,
					"bits_per_second":	94638820.561809242,
					"retransmits":	602,
					"snd_cwnd":	28960,
					"rtt":	2725,
					"rttvar":	447,
					"pmtu":	1500,
					"omitted":	false,
					"sender":	true
				}],
			"sum":	{
				"start":	7.00009,
				"end":	8.000116,
				"seconds":	1.0000259876251221,
				"bytes":	11830160,
				"bits_per_second":	94638820.561809242,
				"retransmits":	602,
				"omitted":	false,
				"sender":	true
			}
		}, {
			"streams":	[{
					"socket":	5,
					"start":	8.000116,
					"end":	9.000109,
					"seconds":	0.99999302625656128,
					"bytes":	11456576,
					"bits_per_second":	91653247.166231066,
					"retransmits":	612,
					"snd_cwnd":	23168,
					"rtt":	2300,
					"rttvar":	187,
					"pmtu":	1500,
					"omitted":	false,
					"sender":	true
				}],
			"sum":	{
				"start":	8.000116,
				"end":	9.000109,
				"seconds":	0.99999302625656128,
				"bytes":	11456576,
				"bits_per_second":	91653247.166231066,
				"retransmits":	612,
				"omitted":	false,
				"sender":	true
			}
		}, {
			"streams":	[{
					"socket":	5,
					"start":	9.000109,
					"end":	10.000119,
					"seconds":	1.0000100135803223,
					"bytes":	11581104,
					"bits_per_second":	92647904.262768969,
					"retransmits":	602,
					"snd_cwnd":	24616,
					"rtt":	2197,
					"rttvar":	191,
					"pmtu":	1500,
					"omitted":	false,
					"sender":	true
				}],
			"sum":	{
				"start":	9.000109,
				"end":	10.000119,
				"seconds":	1.0000100135803223,
				"bytes":	11581104,
				"bits_per_second":	92647904.262768969,
				"retransmits":	602,
				"omitted":	false,
				"sender":	true
			}
		}],
	"end":	{
		"streams":	[{
				"sender":	{
					"socket":	5,
					"start":	0,
					"end":	10.000119,
					"seconds":	10.000119,
					"bytes":	117380672,
					"bits_per_second":	93903420.149300233,
					"retransmits":	5986,
					"max_snd_cwnd":	81088,
					"max_rtt":	3385,
					"min_rtt":	2197,
					"mean_rtt":	2681,
					"sender":	true
				},
				"receiver":	{
					"socket":	5,
					"start":	0,
					"end":	10.039855000097305,
					"seconds":	10.000119,
					"bytes":	116856496,
					"bits_per_second":	93114090.591043353,
					"sender":	true
				}
			}],
		"sum_sent":	{
			"start":	0,
			"end":	10.000119,
			"seconds":	10.000119,
			"bytes":	117380672,
			"bits_per_second":	93903420.149300233,
			"retransmits":	5986,
			"sender":	true
		},
		"sum_received":	{
			"start":	0,
			"end":	10.039855000097305,
			"seconds":	10.039855000097305,
			"bytes":	116856496,
			"bits_per_second":	93114090.591043353,
			"sender":	true
		},
		"cpu_utilization_percent":	{
			"host_total":	0.76510284013259267,
			"host_user":	0.24065314371475238,
			"host_system":	0.52444969641784034,
			"remote_total":	0.44587120168785865,
			"remote_user":	0.04196045800997307,
			"remote_system":	0.403911876152732
		},
		"sender_tcp_congestion":	"cubic",
		"receiver_tcp_congestion":	"cubic"
	}
}
