{
	"start":	{
		"connected":	[{
				"socket":	5,
				"local_host":	"172.26.184.25",
				"local_port":	45768,
				"remote_host":	"195.148.124.36",
				"remote_port":	5200
			}],
		"version":	"iperf 3.9",
		"system_info":	"Linux A-Tower 5.15.90.1-microsoft-standard-WSL2 #1 SMP Fri Jan 27 02:56:13 UTC 2023 x86_64",
		"timestamp":	{
			"time":	"Sun, 01 Oct 2023 11:59:02 GMT",
			"timesecs":	1696161542
		},
		"connecting_to":	{
			"host":	"ok1.iperf.comnet-student.eu",
			"port":	5200
		},
		"cookie":	"2l2xopfrexgwbxs3axdjirfpqvahrxfd5ylw",
		"tcp_mss_default":	1448,
		"sock_bufsize":	0,
		"sndbuf_actual":	16384,
		"rcvbuf_actual":	131072,
		"test_start":	{
			"protocol":	"TCP",
			"num_streams":	1,
			"blksize":	131072,
			"omit":	0,
			"duration":	10,
			"bytes":	0,
			"blocks":	0,
			"reverse":	0,
			"tos":	0
		}
	},
	"intervals":	[{
			"streams":	[{
					"socket":	5,
					"start":	0,
					"end":	1.000119,
					"seconds":	1.0001189708709717,
					"bytes":	11250960,
					"bits_per_second":	89996972.981739551,
					"retransmits":	237,
					"snd_cwnd":	24616,
					"rtt":	2152,
					"rttvar":	195,
					"pmtu":	1500,
					"omitted":	false,
					"sender":	true
				}],
			"sum":	{
				"start":	0,
				"end":	1.000119,
				"seconds":	1.0001189708709717,
				"bytes":	11250960,
				"bits_per_second":	89996972.981739551,
				"retransmits":	237,
				"omitted":	false,
				"sender":	true
			}
		}, {
			"streams":	[{
					"socket":	5,
					"start":	1.000119,
					"end":	2.000083,
					"seconds":	0.99996399879455566,
					"bytes":	12515064,
					"bits_per_second":	100124116.58889125,
					"retransmits":	636,
					"snd_cwnd":	30408,
					"rtt":	2125,
					"rttvar":	330,
					"pmtu":	1500,
					"omitted":	false,
					"sender":	true
				}],
			"sum":	{
				"start":	1.000119,
				"end":	2.000083,
				"seconds":	0.99996399879455566,
				"bytes":	12515064,
				"bits_per_second":	100124116.58889125,
				"retransmits":	636,
				"omitted":	false,
				"sender":	true
			}
		}, {
			"streams":	[{
					"socket":	5,
					"start":	2.000083,
					"end":	3.000228,
					"seconds":	1.0001449584960938,
					"bytes":	12515064,
					"bits_per_second":	100106000.7846763,
					"retransmits":	464,
					"snd_cwnd":	47784,
					"rtt":	2942,
					"rttvar":	231,
					"pmtu":	1500,
					"omitted":	false,
					"sender":	true
				}],
			"sum":	{
				"start":	2.000083,
				"end":	3.000228,
				"seconds":	1.0001449584960938,
				"bytes":	12515064,
				"bits_per_second":	100106000.7846763,
				"retransmits":	464,
				"omitted":	false,
				"sender":	true
			}
		}, {
			"streams":	[{
					"socket":	5,
					"start":	3.000228,
					"end":	4.000126,
					"seconds":	0.99989801645278931,
					"bytes":	11518840,
					"bits_per_second":	92160118.8158282,
					"retransmits":	492,
					"snd_cwnd":	50680,
					"rtt":	2535,
					"rttvar":	417,
					"pmtu":	1500,
					"omitted":	false,
					"sender":	true
				}],
			"sum":	{
				"start":	3.000228,
				"end":	4.000126,
				"seconds":	0.99989801645278931,
				"bytes":	11518840,
				"bits_per_second":	92160118.8158282,
				"retransmits":	492,
				"omitted":	false,
				"sender":	true
			}
		}, {
			"streams":	[{
					"socket":	5,
					"start":	4.000126,
					"end":	5.00011,
					"seconds":	0.9999840259552002,
					"bytes":	11892424,
					"bits_per_second":	95140911.785187155,
					"retransmits":	698,
					"snd_cwnd":	24616,
					"rtt":	2292,
					"rttvar":	306,
					"pmtu":	1500,
					"omitted":	false,
					"sender":	true
				}],
			"sum":	{
				"start":	4.000126,
				"end":	5.00011,
				"seconds":	0.9999840259552002,
				"bytes":	11892424,
				"bits_per_second":	95140911.785187155,
				"retransmits":	698,
				"omitted":	false,
				"sender":	true
			}
		}, {
			"streams":	[{
					"socket":	5,
					"start":	5.00011,
					"end":	6.000106,
					"seconds":	0.9999960064888,
					"bytes":	11581104,
					"bits_per_second":	92649201.995625839,
					"retransmits":	588,
					"snd_cwnd":	33304,
					"rtt":	3621,
					"rttvar":	470,
					"pmtu":	1500,
					"omitted":	false,
					"sender":	true
				}],
			"sum":	{
				"start":	5.00011,
				"end":	6.000106,
				"seconds":	0.9999960064888,
				"bytes":	11581104,
				"bits_per_second":	92649201.995625839,
				"retransmits":	588,
				"omitted":	false,
				"sender":	true
			}
		}, {
			"streams":	[{
					"socket":	5,
					"start":	6.000106,
					"end":	7.000086,
					"seconds":	0.99997997283935547,
					"bytes":	11892424,
					"bits_per_second":	95141297.410047159,
					"retransmits":	649,
					"snd_cwnd":	50680,
					"rtt":	3144,
					"rttvar":	550,
					"pmtu":	1500,
					"omitted":	false,
					"sender":	true
				}],
			"sum":	{
				"start":	6.000106,
				"end":	7.000086,
				"seconds":	0.99997997283935547,
				"bytes":	11892424,
				"bits_per_second":	95141297.410047159,
				"retransmits":	649,
				"omitted":	false,
				"sender":	true
			}
		}, {
			"streams":	[{
					"socket":	5,
					"start":	7.000086,
					"end":	8.0001,
					"seconds":	1.0000139474868774,
					"bytes":	11581104,
					"bits_per_second":	92647539.799654424,
					"retransmits":	505,
					"snd_cwnd":	26064,
					"rtt":	2457,
					"rttvar":	299,
					"pmtu":	1500,
					"omitted":	false,
					"sender":	true
				}],
			"sum":	{
				"start":	7.000086,
				"end":	8.0001,
				"seconds":	1.0000139474868774,
				"bytes":	11581104,
				"bits_per_second":	92647539.799654424,
				"retransmits":	505,
				"omitted":	false,
				"sender":	true
			}
		}, {
			"streams":	[{
					"socket":	5,
					"start":	8.0001,
					"end":	9.000166,
					"seconds":	1.0000660419464111,
					"bytes":	11830160,
					"bits_per_second":	94635030.1184123,
					"retransmits":	568,
					"snd_cwnd":	59368,
					"rtt":	2651,
					"rttvar":	419,
					"pmtu":	1500,
					"omitted":	false,
					"sender":	true
				}],
			"sum":	{
				"start":	8.0001,
				"end":	9.000166,
				"seconds":	1.0000660419464111,
				"bytes":	11830160,
				"bits_per_second":	94635030.1184123,
				"retransmits":	568,
				"omitted":	false,
				"sender":	true
			}
		}, {
			"streams":	[{
					"socket":	5,
					"start":	9.000166,
					"end":	10.000182,
					"seconds":	1.0000159740448,
					"bytes":	11518840,
					"bits_per_second":	92149248.0037841,
					"retransmits":	424,
					"snd_cwnd":	17376,
					"rtt":	2374,
					"rttvar":	445,
					"pmtu":	1500,
					"omitted":	false,
					"sender":	true
				}],
			"sum":	{
				"start":	9.000166,
				"end":	10.000182,
				"seconds":	1.0000159740448,
				"bytes":	11518840,
				"bits_per_second":	92149248.0037841,
				"retransmits":	424,
				"omitted":	false,
				"sender":	true
			}
		}],
	"end":	{
		"streams":	[{
				"sender":	{
					"socket":	5,
					"start":	0,
					"end":	10.000182,
					"seconds":	10.000182,
					"bytes":	118095984,
					"bits_per_second":	94475067.7537669,
					"retransmits":	5261,
					"max_snd_cwnd":	59368,
					"max_rtt":	3621,
					"min_rtt":	2125,
					"mean_rtt":	2629,
					"sender":	true
				},
				"receiver":	{
					"socket":	5,
					"start":	0,
					"end":	10.041976999957114,
					"seconds":	10.000182,
					"bytes":	117386464,
					"bits_per_second":	93516616.499321848,
					"sender":	true
				}
			}],
		"sum_sent":	{
			"start":	0,
			"end":	10.000182,
			"seconds":	10.000182,
			"bytes":	118095984,
			"bits_per_second":	94475067.7537669,
			"retransmits":	5261,
			"sender":	true
		},
		"sum_received":	{
			"start":	0,
			"end":	10.041976999957114,
			"seconds":	10.041976999957114,
			"bytes":	117386464,
			"bits_per_second":	93516616.499321848,
			"sender":	true
		},
		"cpu_utilization_percent":	{
			"host_total":	0.7843090710648426,
			"host_user":	0.29515689296977266,
			"host_system":	0.48912250613344177,
			"remote_total":	0.20386105170856617,
			"remote_user":	0.028453619395334091,
			"remote_system":	0.17541061452014789
		},
		"sender_tcp_congestion":	"cubic",
		"receiver_tcp_congestion":	"cubic"
	}
}
