{
	"start":	{
		"connected":	[{
				"socket":	5,
				"local_host":	"172.26.184.25",
				"local_port":	36128,
				"remote_host":	"195.148.124.36",
				"remote_port":	5210
			}],
		"version":	"iperf 3.9",
		"system_info":	"Linux A-Tower 5.15.90.1-microsoft-standard-WSL2 #1 SMP Fri Jan 27 02:56:13 UTC 2023 x86_64",
		"timestamp":	{
			"time":	"Sun, 01 Oct 2023 19:59:11 GMT",
			"timesecs":	1696190351
		},
		"connecting_to":	{
			"host":	"ok1.iperf.comnet-student.eu",
			"port":	5210
		},
		"cookie":	"w3u57bziypadlnm4ajiiixutgtwn2t6mmx75",
		"tcp_mss_default":	1448,
		"sock_bufsize":	0,
		"sndbuf_actual":	16384,
		"rcvbuf_actual":	131072,
		"test_start":	{
			"protocol":	"TCP",
			"num_streams":	1,
			"blksize":	131072,
			"omit":	0,
			"duration":	10,
			"bytes":	0,
			"blocks":	0,
			"reverse":	1,
			"tos":	0
		}
	},
	"intervals":	[{
			"streams":	[{
					"socket":	5,
					"start":	0,
					"end":	1.000268,
					"seconds":	1.00026798248291,
					"bytes":	24285856,
					"bits_per_second":	194234796.47697255,
					"omitted":	false,
					"sender":	false
				}],
			"sum":	{
				"start":	0,
				"end":	1.000268,
				"seconds":	1.00026798248291,
				"bytes":	24285856,
				"bits_per_second":	194234796.47697255,
				"omitted":	false,
				"sender":	false
			}
		}, {
			"streams":	[{
					"socket":	5,
					"start":	1.000268,
					"end":	2.000101,
					"seconds":	0.99983298778533936,
					"bytes":	25829424,
					"bits_per_second":	206669908.39910546,
					"omitted":	false,
					"sender":	false
				}],
			"sum":	{
				"start":	1.000268,
				"end":	2.000101,
				"seconds":	0.99983298778533936,
				"bytes":	25829424,
				"bits_per_second":	206669908.39910546,
				"omitted":	false,
				"sender":	false
			}
		}, {
			"streams":	[{
					"socket":	5,
					"start":	2.000101,
					"end":	3.000123,
					"seconds":	1.0000220537185669,
					"bytes":	25785984,
					"bits_per_second":	206283322.68565646,
					"omitted":	false,
					"sender":	false
				}],
			"sum":	{
				"start":	2.000101,
				"end":	3.000123,
				"seconds":	1.0000220537185669,
				"bytes":	25785984,
				"bits_per_second":	206283322.68565646,
				"omitted":	false,
				"sender":	false
			}
		}, {
			"streams":	[{
					"socket":	5,
					"start":	3.000123,
					"end":	4.000124,
					"seconds":	1.0000009536743164,
					"bytes":	25829424,
					"bits_per_second":	206635194.93732172,
					"omitted":	false,
					"sender":	false
				}],
			"sum":	{
				"start":	3.000123,
				"end":	4.000124,
				"seconds":	1.0000009536743164,
				"bytes":	25829424,
				"bits_per_second":	206635194.93732172,
				"omitted":	false,
				"sender":	false
			}
		}, {
			"streams":	[{
					"socket":	5,
					"start":	4.000124,
					"end":	5.000267,
					"seconds":	1.0001430511474609,
					"bytes":	25785984,
					"bits_per_second":	206258366.50399819,
					"omitted":	false,
					"sender":	false
				}],
			"sum":	{
				"start":	4.000124,
				"end":	5.000267,
				"seconds":	1.0001430511474609,
				"bytes":	25785984,
				"bits_per_second":	206258366.50399819,
				"omitted":	false,
				"sender":	false
			}
		}, {
			"streams":	[{
					"socket":	5,
					"start":	5.000267,
					"end":	6.000053,
					"seconds":	0.99978601932525635,
					"bytes":	25813496,
					"bits_per_second":	206552166.17188722,
					"omitted":	false,
					"sender":	false
				}],
			"sum":	{
				"start":	5.000267,
				"end":	6.000053,
				"seconds":	0.99978601932525635,
				"bytes":	25813496,
				"bits_per_second":	206552166.17188722,
				"omitted":	false,
				"sender":	false
			}
		}, {
			"streams":	[{
					"socket":	5,
					"start":	6.000053,
					"end":	7.000137,
					"seconds":	1.0000840425491333,
					"bytes":	25804808,
					"bits_per_second":	206421115.84322959,
					"omitted":	false,
					"sender":	false
				}],
			"sum":	{
				"start":	6.000053,
				"end":	7.000137,
				"seconds":	1.0000840425491333,
				"bytes":	25804808,
				"bits_per_second":	206421115.84322959,
				"omitted":	false,
				"sender":	false
			}
		}, {
			"streams":	[{
					"socket":	5,
					"start":	7.000137,
					"end":	8.000037,
					"seconds":	0.999899983406067,
					"bytes":	25806256,
					"bits_per_second":	206470698.49601057,
					"omitted":	false,
					"sender":	false
				}],
			"sum":	{
				"start":	7.000137,
				"end":	8.000037,
				"seconds":	0.999899983406067,
				"bytes":	25806256,
				"bits_per_second":	206470698.49601057,
				"omitted":	false,
				"sender":	false
			}
		}, {
			"streams":	[{
					"socket":	5,
					"start":	8.000037,
					"end":	9.000119,
					"seconds":	1.0000820159912109,
					"bytes":	25804808,
					"bits_per_second":	206421534.13327077,
					"omitted":	false,
					"sender":	false
				}],
			"sum":	{
				"start":	8.000037,
				"end":	9.000119,
				"seconds":	1.0000820159912109,
				"bytes":	25804808,
				"bits_per_second":	206421534.13327077,
				"omitted":	false,
				"sender":	false
			}
		}, {
			"streams":	[{
					"socket":	5,
					"start":	9.000119,
					"end":	10.000208,
					"seconds":	1.0000890493392944,
					"bytes":	25784536,
					"bits_per_second":	206257920.86842242,
					"omitted":	false,
					"sender":	false
				}],
			"sum":	{
				"start":	9.000119,
				"end":	10.000208,
				"seconds":	1.0000890493392944,
				"bytes":	25784536,
				"bits_per_second":	206257920.86842242,
				"omitted":	false,
				"sender":	false
			}
		}],
	"end":	{
		"streams":	[{
				"sender":	{
					"socket":	5,
					"start":	0,
					"end":	10.040395000018179,
					"seconds":	10.040395000018179,
					"bytes":	257492048,
					"bits_per_second":	205164874.88751888,
					"retransmits":	79,
					"max_snd_cwnd":	0,
					"max_rtt":	0,
					"min_rtt":	0,
					"mean_rtt":	0,
					"sender":	false
				},
				"receiver":	{
					"socket":	5,
					"start":	0,
					"end":	10.000208,
					"seconds":	10.000208,
					"bytes":	256530576,
					"bits_per_second":	205220192.22000182,
					"sender":	false
				}
			}],
		"sum_sent":	{
			"start":	0,
			"end":	10.040395000018179,
			"seconds":	10.040395000018179,
			"bytes":	257492048,
			"bits_per_second":	205164874.88751888,
			"retransmits":	79,
			"sender":	false
		},
		"sum_received":	{
			"start":	0,
			"end":	10.000208,
			"seconds":	10.000208,
			"bytes":	256530576,
			"bits_per_second":	205220192.22000182,
			"sender":	false
		},
		"cpu_utilization_percent":	{
			"host_total":	3.4076971180559821,
			"host_user":	0.18619824102761312,
			"host_system":	3.2214889760265062,
			"remote_total":	0.082063930806268573,
			"remote_user":	0.0033124943496619336,
			"remote_system":	0.078751436456606635
		},
		"sender_tcp_congestion":	"cubic",
		"receiver_tcp_congestion":	"cubic"
	}
}
