{
	"start":	{
		"connected":	[{
				"socket":	5,
				"local_host":	"172.26.184.25",
				"local_port":	52328,
				"remote_host":	"195.148.124.36",
				"remote_port":	5205
			}],
		"version":	"iperf 3.9",
		"system_info":	"Linux A-Tower 5.15.90.1-microsoft-standard-WSL2 #1 SMP Fri Jan 27 02:56:13 UTC 2023 x86_64",
		"timestamp":	{
			"time":	"Sun, 01 Oct 2023 23:59:12 GMT",
			"timesecs":	1696204752
		},
		"connecting_to":	{
			"host":	"ok1.iperf.comnet-student.eu",
			"port":	5205
		},
		"cookie":	"4udzsxnfl24pld4bfpofbzoikxhn6tfnr3ly",
		"tcp_mss_default":	1448,
		"sock_bufsize":	0,
		"sndbuf_actual":	16384,
		"rcvbuf_actual":	131072,
		"test_start":	{
			"protocol":	"TCP",
			"num_streams":	1,
			"blksize":	131072,
			"omit":	0,
			"duration":	10,
			"bytes":	0,
			"blocks":	0,
			"reverse":	1,
			"tos":	0
		}
	},
	"intervals":	[{
			"streams":	[{
					"socket":	5,
					"start":	0,
					"end":	1.000208,
					"seconds":	1.0002080202102661,
					"bytes":	24741976,
					"bits_per_second":	197894641.9149783,
					"omitted":	false,
					"sender":	false
				}],
			"sum":	{
				"start":	0,
				"end":	1.000208,
				"seconds":	1.0002080202102661,
				"bytes":	24741976,
				"bits_per_second":	197894641.9149783,
				"omitted":	false,
				"sender":	false
			}
		}, {
			"streams":	[{
					"socket":	5,
					"start":	1.000208,
					"end":	2.000166,
					"seconds":	0.99995797872543335,
					"bytes":	25836664,
					"bits_per_second":	206701997.88140646,
					"omitted":	false,
					"sender":	false
				}],
			"sum":	{
				"start":	1.000208,
				"end":	2.000166,
				"seconds":	0.99995797872543335,
				"bytes":	25836664,
				"bits_per_second":	206701997.88140646,
				"omitted":	false,
				"sender":	false
			}
		}, {
			"streams":	[{
					"socket":	5,
					"start":	2.000166,
					"end":	3.000214,
					"seconds":	1.000048041343689,
					"bytes":	25781640,
					"bits_per_second":	206243211.79897845,
					"omitted":	false,
					"sender":	false
				}],
			"sum":	{
				"start":	2.000166,
				"end":	3.000214,
				"seconds":	1.000048041343689,
				"bytes":	25781640,
				"bits_per_second":	206243211.79897845,
				"omitted":	false,
				"sender":	false
			}
		}, {
			"streams":	[{
					"socket":	5,
					"start":	3.000214,
					"end":	4.00022,
					"seconds":	1.0000059604644775,
					"bytes":	25785984,
					"bits_per_second":	206286642.43579558,
					"omitted":	false,
					"sender":	false
				}],
			"sum":	{
				"start":	3.000214,
				"end":	4.00022,
				"seconds":	1.0000059604644775,
				"bytes":	25785984,
				"bits_per_second":	206286642.43579558,
				"omitted":	false,
				"sender":	false
			}
		}, {
			"streams":	[{
					"socket":	5,
					"start":	4.00022,
					"end":	5.00016,
					"seconds":	0.99993997812271118,
					"bytes":	25869968,
					"bits_per_second":	206972166.85800135,
					"omitted":	false,
					"sender":	false
				}],
			"sum":	{
				"start":	4.00022,
				"end":	5.00016,
				"seconds":	0.99993997812271118,
				"bytes":	25869968,
				"bits_per_second":	206972166.85800135,
				"omitted":	false,
				"sender":	false
			}
		}, {
			"streams":	[{
					"socket":	5,
					"start":	5.00016,
					"end":	6.000347,
					"seconds":	1.0001870393753052,
					"bytes":	25785984,
					"bits_per_second":	206249295.26065731,
					"omitted":	false,
					"sender":	false
				}],
			"sum":	{
				"start":	5.00016,
				"end":	6.000347,
				"seconds":	1.0001870393753052,
				"bytes":	25785984,
				"bits_per_second":	206249295.26065731,
				"omitted":	false,
				"sender":	false
			}
		}, {
			"streams":	[{
					"socket":	5,
					"start":	6.000347,
					"end":	7.000193,
					"seconds":	0.99984598159790039,
					"bytes":	25783088,
					"bits_per_second":	206296477.45381621,
					"omitted":	false,
					"sender":	false
				}],
			"sum":	{
				"start":	6.000347,
				"end":	7.000193,
				"seconds":	0.99984598159790039,
				"bytes":	25783088,
				"bits_per_second":	206296477.45381621,
				"omitted":	false,
				"sender":	false
			}
		}, {
			"streams":	[{
					"socket":	5,
					"start":	7.000193,
					"end":	8.00026,
					"seconds":	1.0000669956207275,
					"bytes":	25810600,
					"bits_per_second":	206470967.34938022,
					"omitted":	false,
					"sender":	false
				}],
			"sum":	{
				"start":	7.000193,
				"end":	8.00026,
				"seconds":	1.0000669956207275,
				"bytes":	25810600,
				"bits_per_second":	206470967.34938022,
				"omitted":	false,
				"sender":	false
			}
		}, {
			"streams":	[{
					"socket":	5,
					"start":	8.00026,
					"end":	9.0002,
					"seconds":	0.99993997812271118,
					"bytes":	25796120,
					"bits_per_second":	206381347.39590809,
					"omitted":	false,
					"sender":	false
				}],
			"sum":	{
				"start":	8.00026,
				"end":	9.0002,
				"seconds":	0.99993997812271118,
				"bytes":	25796120,
				"bits_per_second":	206381347.39590809,
				"omitted":	false,
				"sender":	false
			}
		}, {
			"streams":	[{
					"socket":	5,
					"start":	9.0002,
					"end":	10.00026,
					"seconds":	1.000059962272644,
					"bytes":	25783088,
					"bits_per_second":	206252336.64115685,
					"omitted":	false,
					"sender":	false
				}],
			"sum":	{
				"start":	9.0002,
				"end":	10.00026,
				"seconds":	1.000059962272644,
				"bytes":	25783088,
				"bits_per_second":	206252336.64115685,
				"omitted":	false,
				"sender":	false
			}
		}],
	"end":	{
		"streams":	[{
				"sender":	{
					"socket":	5,
					"start":	0,
					"end":	10.040980000048876,
					"seconds":	10.040980000048876,
					"bytes":	257768616,
					"bits_per_second":	205373273.125727,
					"retransmits":	84,
					"max_snd_cwnd":	0,
					"max_rtt":	0,
					"min_rtt":	0,
					"mean_rtt":	0,
					"sender":	false
				},
				"receiver":	{
					"socket":	5,
					"start":	0,
					"end":	10.00026,
					"seconds":	10.00026,
					"bytes":	256975112,
					"bits_per_second":	205574744.65663892,
					"sender":	false
				}
			}],
		"sum_sent":	{
			"start":	0,
			"end":	10.040980000048876,
			"seconds":	10.040980000048876,
			"bytes":	257768616,
			"bits_per_second":	205373273.125727,
			"retransmits":	84,
			"sender":	false
		},
		"sum_received":	{
			"start":	0,
			"end":	10.00026,
			"seconds":	10.00026,
			"bytes":	256975112,
			"bits_per_second":	205574744.65663892,
			"sender":	false
		},
		"cpu_utilization_percent":	{
			"host_total":	3.1120526663748151,
			"host_user":	0.21715633018374977,
			"host_system":	2.8948963361910653,
			"remote_total":	0.041960861073032728,
			"remote_user":	0.0043007508917264218,
			"remote_system":	0.037660388619147278
		},
		"sender_tcp_congestion":	"cubic",
		"receiver_tcp_congestion":	"cubic"
	}
}
