{
	"start":	{
		"connected":	[{
				"socket":	5,
				"local_host":	"172.26.184.25",
				"local_port":	49296,
				"remote_host":	"195.148.124.36",
				"remote_port":	5200
			}],
		"version":	"iperf 3.9",
		"system_info":	"Linux A-Tower 5.15.90.1-microsoft-standard-WSL2 #1 SMP Fri Jan 27 02:56:13 UTC 2023 x86_64",
		"timestamp":	{
			"time":	"Sun, 01 Oct 2023 16:59:12 GMT",
			"timesecs":	1696179552
		},
		"connecting_to":	{
			"host":	"ok1.iperf.comnet-student.eu",
			"port":	5200
		},
		"cookie":	"5lnugnwgf26u7mmf56qykikcxiam3352a7dl",
		"tcp_mss_default":	1448,
		"sock_bufsize":	0,
		"sndbuf_actual":	16384,
		"rcvbuf_actual":	131072,
		"test_start":	{
			"protocol":	"TCP",
			"num_streams":	1,
			"blksize":	131072,
			"omit":	0,
			"duration":	10,
			"bytes":	0,
			"blocks":	0,
			"reverse":	1,
			"tos":	0
		}
	},
	"intervals":	[{
			"streams":	[{
					"socket":	5,
					"start":	0,
					"end":	1.000125,
					"seconds":	1.0001250505447388,
					"bytes":	24686952,
					"bits_per_second":	197470922.15361461,
					"omitted":	false,
					"sender":	false
				}],
			"sum":	{
				"start":	0,
				"end":	1.000125,
				"seconds":	1.0001250505447388,
				"bytes":	24686952,
				"bits_per_second":	197470922.15361461,
				"omitted":	false,
				"sender":	false
			}
		}, {
			"streams":	[{
					"socket":	5,
					"start":	1.000125,
					"end":	2.000121,
					"seconds":	0.9999960064888,
					"bytes":	25794672,
					"bits_per_second":	206358200.09378329,
					"omitted":	false,
					"sender":	false
				}],
			"sum":	{
				"start":	1.000125,
				"end":	2.000121,
				"seconds":	0.9999960064888,
				"bytes":	25794672,
				"bits_per_second":	206358200.09378329,
				"omitted":	false,
				"sender":	false
			}
		}, {
			"streams":	[{
					"socket":	5,
					"start":	2.000121,
					"end":	3.000193,
					"seconds":	1.0000720024108887,
					"bytes":	25435568,
					"bits_per_second":	203469893.677112,
					"omitted":	false,
					"sender":	false
				}],
			"sum":	{
				"start":	2.000121,
				"end":	3.000193,
				"seconds":	1.0000720024108887,
				"bytes":	25435568,
				"bits_per_second":	203469893.677112,
				"omitted":	false,
				"sender":	false
			}
		}, {
			"streams":	[{
					"socket":	5,
					"start":	3.000193,
					"end":	4.000135,
					"seconds":	0.99994200468063354,
					"bytes":	25216920,
					"bits_per_second":	201747060.3851983,
					"omitted":	false,
					"sender":	false
				}],
			"sum":	{
				"start":	3.000193,
				"end":	4.000135,
				"seconds":	0.99994200468063354,
				"bytes":	25216920,
				"bits_per_second":	201747060.3851983,
				"omitted":	false,
				"sender":	false
			}
		}, {
			"streams":	[{
					"socket":	5,
					"start":	4.000135,
					"end":	5.000174,
					"seconds":	1.0000389814376831,
					"bytes":	25939472,
					"bits_per_second":	207507687.05202842,
					"omitted":	false,
					"sender":	false
				}],
			"sum":	{
				"start":	4.000135,
				"end":	5.000174,
				"seconds":	1.0000389814376831,
				"bytes":	25939472,
				"bits_per_second":	207507687.05202842,
				"omitted":	false,
				"sender":	false
			}
		}, {
			"streams":	[{
					"socket":	5,
					"start":	5.000174,
					"end":	6.000177,
					"seconds":	1.0000029802322388,
					"bytes":	25665800,
					"bits_per_second":	205325788.08146691,
					"omitted":	false,
					"sender":	false
				}],
			"sum":	{
				"start":	5.000174,
				"end":	6.000177,
				"seconds":	1.0000029802322388,
				"bytes":	25665800,
				"bits_per_second":	205325788.08146691,
				"omitted":	false,
				"sender":	false
			}
		}, {
			"streams":	[{
					"socket":	5,
					"start":	6.000177,
					"end":	7.000124,
					"seconds":	0.99994701147079468,
					"bytes":	25662904,
					"bits_per_second":	205314111.29278252,
					"omitted":	false,
					"sender":	false
				}],
			"sum":	{
				"start":	6.000177,
				"end":	7.000124,
				"seconds":	0.99994701147079468,
				"bytes":	25662904,
				"bits_per_second":	205314111.29278252,
				"omitted":	false,
				"sender":	false
			}
		}, {
			"streams":	[{
					"socket":	5,
					"start":	7.000124,
					"end":	8.000189,
					"seconds":	1.0000649690628052,
					"bytes":	25788880,
					"bits_per_second":	206297637.03586286,
					"omitted":	false,
					"sender":	false
				}],
			"sum":	{
				"start":	7.000124,
				"end":	8.000189,
				"seconds":	1.0000649690628052,
				"bytes":	25788880,
				"bits_per_second":	206297637.03586286,
				"omitted":	false,
				"sender":	false
			}
		}, {
			"streams":	[{
					"socket":	5,
					"start":	8.000189,
					"end":	9.000166,
					"seconds":	0.9999769926071167,
					"bytes":	25190856,
					"bits_per_second":	201531484.71404716,
					"omitted":	false,
					"sender":	false
				}],
			"sum":	{
				"start":	8.000189,
				"end":	9.000166,
				"seconds":	0.9999769926071167,
				"bytes":	25190856,
				"bits_per_second":	201531484.71404716,
				"omitted":	false,
				"sender":	false
			}
		}, {
			"streams":	[{
					"socket":	5,
					"start":	9.000166,
					"end":	10.00013,
					"seconds":	0.99996399879455566,
					"bytes":	26069792,
					"bits_per_second":	208565844.6218209,
					"omitted":	false,
					"sender":	false
				}],
			"sum":	{
				"start":	9.000166,
				"end":	10.00013,
				"seconds":	0.99996399879455566,
				"bytes":	26069792,
				"bits_per_second":	208565844.6218209,
				"omitted":	false,
				"sender":	false
			}
		}],
	"end":	{
		"streams":	[{
				"sender":	{
					"socket":	5,
					"start":	0,
					"end":	10.037589999963529,
					"seconds":	10.037589999963529,
					"bytes":	256336544,
					"bits_per_second":	204301266.73907292,
					"retransmits":	59,
					"max_snd_cwnd":	0,
					"max_rtt":	0,
					"min_rtt":	0,
					"mean_rtt":	0,
					"sender":	false
				},
				"receiver":	{
					"socket":	5,
					"start":	0,
					"end":	10.00013,
					"seconds":	10.00013,
					"bytes":	255451816,
					"bits_per_second":	204358796.13565022,
					"sender":	false
				}
			}],
		"sum_sent":	{
			"start":	0,
			"end":	10.037589999963529,
			"seconds":	10.037589999963529,
			"bytes":	256336544,
			"bits_per_second":	204301266.73907292,
			"retransmits":	59,
			"sender":	false
		},
		"sum_received":	{
			"start":	0,
			"end":	10.00013,
			"seconds":	10.00013,
			"bytes":	255451816,
			"bits_per_second":	204358796.13565022,
			"sender":	false
		},
		"cpu_utilization_percent":	{
			"host_total":	3.1664129307004214,
			"host_user":	0.50739930917399856,
			"host_system":	2.6589442992693337,
			"remote_total":	0.051135028023357489,
			"remote_user":	0.0060853571200714827,
			"remote_system":	0.04505328767476504
		},
		"sender_tcp_congestion":	"cubic",
		"receiver_tcp_congestion":	"cubic"
	}
}
