{
	"start":	{
		"connected":	[{
				"socket":	5,
				"local_host":	"172.26.184.25",
				"local_port":	49400,
				"remote_host":	"195.148.124.36",
				"remote_port":	5208
			}],
		"version":	"iperf 3.9",
		"system_info":	"Linux A-Tower 5.15.90.1-microsoft-standard-WSL2 #1 SMP Fri Jan 27 02:56:13 UTC 2023 x86_64",
		"timestamp":	{
			"time":	"Mon, 02 Oct 2023 03:59:12 GMT",
			"timesecs":	1696219152
		},
		"connecting_to":	{
			"host":	"ok1.iperf.comnet-student.eu",
			"port":	5208
		},
		"cookie":	"cbp7hqbcg6syhari5erlxox3hocd22znotin",
		"tcp_mss_default":	1448,
		"sock_bufsize":	0,
		"sndbuf_actual":	16384,
		"rcvbuf_actual":	131072,
		"test_start":	{
			"protocol":	"TCP",
			"num_streams":	1,
			"blksize":	131072,
			"omit":	0,
			"duration":	10,
			"bytes":	0,
			"blocks":	0,
			"reverse":	1,
			"tos":	0
		}
	},
	"intervals":	[{
			"streams":	[{
					"socket":	5,
					"start":	0,
					"end":	1.000204,
					"seconds":	1.0002039670944214,
					"bytes":	23408368,
					"bits_per_second":	187228755.49474961,
					"omitted":	false,
					"sender":	false
				}],
			"sum":	{
				"start":	0,
				"end":	1.000204,
				"seconds":	1.0002039670944214,
				"bytes":	23408368,
				"bits_per_second":	187228755.49474961,
				"omitted":	false,
				"sender":	false
			}
		}, {
			"streams":	[{
					"socket":	5,
					"start":	1.000204,
					"end":	2.000233,
					"seconds":	1.0000289678573608,
					"bytes":	25952504,
					"bits_per_second":	207614017.86674434,
					"omitted":	false,
					"sender":	false
				}],
			"sum":	{
				"start":	1.000204,
				"end":	2.000233,
				"seconds":	1.0000289678573608,
				"bytes":	25952504,
				"bits_per_second":	207614017.86674434,
				"omitted":	false,
				"sender":	false
			}
		}, {
			"streams":	[{
					"socket":	5,
					"start":	2.000233,
					"end":	3.000224,
					"seconds":	0.999990999698639,
					"bytes":	25334208,
					"bits_per_second":	202675488.14047176,
					"omitted":	false,
					"sender":	false
				}],
			"sum":	{
				"start":	2.000233,
				"end":	3.000224,
				"seconds":	0.999990999698639,
				"bytes":	25334208,
				"bits_per_second":	202675488.14047176,
				"omitted":	false,
				"sender":	false
			}
		}, {
			"streams":	[{
					"socket":	5,
					"start":	3.000224,
					"end":	4.000221,
					"seconds":	0.99999701976776123,
					"bytes":	25187960,
					"bits_per_second":	201504280.52955309,
					"omitted":	false,
					"sender":	false
				}],
			"sum":	{
				"start":	3.000224,
				"end":	4.000221,
				"seconds":	0.99999701976776123,
				"bytes":	25187960,
				"bits_per_second":	201504280.52955309,
				"omitted":	false,
				"sender":	false
			}
		}, {
			"streams":	[{
					"socket":	5,
					"start":	4.000221,
					"end":	5.000112,
					"seconds":	0.99989098310470581,
					"bytes":	25306696,
					"bits_per_second":	202475641.26578349,
					"omitted":	false,
					"sender":	false
				}],
			"sum":	{
				"start":	4.000221,
				"end":	5.000112,
				"seconds":	0.99989098310470581,
				"bytes":	25306696,
				"bits_per_second":	202475641.26578349,
				"omitted":	false,
				"sender":	false
			}
		}, {
			"streams":	[{
					"socket":	5,
					"start":	5.000112,
					"end":	6.000151,
					"seconds":	1.0000389814376831,
					"bytes":	25736752,
					"bits_per_second":	205885990.26810053,
					"omitted":	false,
					"sender":	false
				}],
			"sum":	{
				"start":	5.000112,
				"end":	6.000151,
				"seconds":	1.0000389814376831,
				"bytes":	25736752,
				"bits_per_second":	205885990.26810053,
				"omitted":	false,
				"sender":	false
			}
		}, {
			"streams":	[{
					"socket":	5,
					"start":	6.000151,
					"end":	7.000169,
					"seconds":	1.0000180006027222,
					"bytes":	25046056,
					"bits_per_second":	200364841.312092,
					"omitted":	false,
					"sender":	false
				}],
			"sum":	{
				"start":	6.000151,
				"end":	7.000169,
				"seconds":	1.0000180006027222,
				"bytes":	25046056,
				"bits_per_second":	200364841.312092,
				"omitted":	false,
				"sender":	false
			}
		}, {
			"streams":	[{
					"socket":	5,
					"start":	7.000169,
					"end":	8.00012,
					"seconds":	0.99995100498199463,
					"bytes":	25545616,
					"bits_per_second":	204374941.35393149,
					"omitted":	false,
					"sender":	false
				}],
			"sum":	{
				"start":	7.000169,
				"end":	8.00012,
				"seconds":	0.99995100498199463,
				"bytes":	25545616,
				"bits_per_second":	204374941.35393149,
				"omitted":	false,
				"sender":	false
			}
		}, {
			"streams":	[{
					"socket":	5,
					"start":	8.00012,
					"end":	9.000083,
					"seconds":	0.99996298551559448,
					"bytes":	25241536,
					"bits_per_second":	201939762.69619718,
					"omitted":	false,
					"sender":	false
				}],
			"sum":	{
				"start":	8.00012,
				"end":	9.000083,
				"seconds":	0.99996298551559448,
				"bytes":	25241536,
				"bits_per_second":	201939762.69619718,
				"omitted":	false,
				"sender":	false
			}
		}, {
			"streams":	[{
					"socket":	5,
					"start":	9.000083,
					"end":	10.000232,
					"seconds":	1.0001490116119385,
					"bytes":	25076464,
					"bits_per_second":	200581822.97923231,
					"omitted":	false,
					"sender":	false
				}],
			"sum":	{
				"start":	9.000083,
				"end":	10.000232,
				"seconds":	1.0001490116119385,
				"bytes":	25076464,
				"bits_per_second":	200581822.97923231,
				"omitted":	false,
				"sender":	false
			}
		}],
	"end":	{
		"streams":	[{
				"sender":	{
					"socket":	5,
					"start":	0,
					"end":	10.0415670000948,
					"seconds":	10.0415670000948,
					"bytes":	252819352,
					"bits_per_second":	201418246.37339026,
					"retransmits":	204,
					"max_snd_cwnd":	0,
					"max_rtt":	0,
					"min_rtt":	0,
					"mean_rtt":	0,
					"sender":	false
				},
				"receiver":	{
					"socket":	5,
					"start":	0,
					"end":	10.000232,
					"seconds":	10.000232,
					"bytes":	251836160,
					"bits_per_second":	201464254.0293065,
					"sender":	false
				}
			}],
		"sum_sent":	{
			"start":	0,
			"end":	10.0415670000948,
			"seconds":	10.0415670000948,
			"bytes":	252819352,
			"bits_per_second":	201418246.37339026,
			"retransmits":	204,
			"sender":	false
		},
		"sum_received":	{
			"start":	0,
			"end":	10.000232,
			"seconds":	10.000232,
			"bytes":	251836160,
			"bits_per_second":	201464254.0293065,
			"sender":	false
		},
		"cpu_utilization_percent":	{
			"host_total":	3.3220965750237945,
			"host_user":	0.6963154642781042,
			"host_system":	2.6257217285638488,
			"remote_total":	1.7674143822642845,
			"remote_user":	0.11621896120312232,
			"remote_system":	1.6511954210611621
		},
		"sender_tcp_congestion":	"cubic",
		"receiver_tcp_congestion":	"cubic"
	}
}
