{
	"start":	{
		"connected":	[{
				"socket":	5,
				"local_host":	"172.26.184.25",
				"local_port":	45300,
				"remote_host":	"195.148.124.36",
				"remote_port":	5205
			}],
		"version":	"iperf 3.9",
		"system_info":	"Linux A-Tower 5.15.90.1-microsoft-standard-WSL2 #1 SMP Fri Jan 27 02:56:13 UTC 2023 x86_64",
		"timestamp":	{
			"time":	"Mon, 02 Oct 2023 09:59:13 GMT",
			"timesecs":	1696240753
		},
		"connecting_to":	{
			"host":	"ok1.iperf.comnet-student.eu",
			"port":	5205
		},
		"cookie":	"sltr6c2tbmcurrv2marqx7yboxz6ru2hnkga",
		"tcp_mss_default":	1448,
		"sock_bufsize":	0,
		"sndbuf_actual":	16384,
		"rcvbuf_actual":	131072,
		"test_start":	{
			"protocol":	"TCP",
			"num_streams":	1,
			"blksize":	131072,
			"omit":	0,
			"duration":	10,
			"bytes":	0,
			"blocks":	0,
			"reverse":	1,
			"tos":	0
		}
	},
	"intervals":	[{
			"streams":	[{
					"socket":	5,
					"start":	0,
					"end":	1.000087,
					"seconds":	1.0000870227813721,
					"bytes":	24197528,
					"bits_per_second":	193563379.57633749,
					"omitted":	false,
					"sender":	false
				}],
			"sum":	{
				"start":	0,
				"end":	1.000087,
				"seconds":	1.0000870227813721,
				"bytes":	24197528,
				"bits_per_second":	193563379.57633749,
				"omitted":	false,
				"sender":	false
			}
		}, {
			"streams":	[{
					"socket":	5,
					"start":	1.000087,
					"end":	2.000206,
					"seconds":	1.0001189708709717,
					"bytes":	25529688,
					"bits_per_second":	204213208.57671171,
					"omitted":	false,
					"sender":	false
				}],
			"sum":	{
				"start":	1.000087,
				"end":	2.000206,
				"seconds":	1.0001189708709717,
				"bytes":	25529688,
				"bits_per_second":	204213208.57671171,
				"omitted":	false,
				"sender":	false
			}
		}, {
			"streams":	[{
					"socket":	5,
					"start":	2.000206,
					"end":	3.000155,
					"seconds":	0.99994897842407227,
					"bytes":	25990152,
					"bits_per_second":	207931825.00939751,
					"omitted":	false,
					"sender":	false
				}],
			"sum":	{
				"start":	2.000206,
				"end":	3.000155,
				"seconds":	0.99994897842407227,
				"bytes":	25990152,
				"bits_per_second":	207931825.00939751,
				"omitted":	false,
				"sender":	false
			}
		}, {
			"streams":	[{
					"socket":	5,
					"start":	3.000155,
					"end":	4.00009,
					"seconds":	0.99993497133255,
					"bytes":	25735304,
					"bits_per_second":	205895821.13088167,
					"omitted":	false,
					"sender":	false
				}],
			"sum":	{
				"start":	3.000155,
				"end":	4.00009,
				"seconds":	0.99993497133255,
				"bytes":	25735304,
				"bits_per_second":	205895821.13088167,
				"omitted":	false,
				"sender":	false
			}
		}, {
			"streams":	[{
					"socket":	5,
					"start":	4.00009,
					"end":	5.000125,
					"seconds":	1.0000350475311279,
					"bytes":	25735304,
					"bits_per_second":	205875216.58193839,
					"omitted":	false,
					"sender":	false
				}],
			"sum":	{
				"start":	4.00009,
				"end":	5.000125,
				"seconds":	1.0000350475311279,
				"bytes":	25735304,
				"bits_per_second":	205875216.58193839,
				"omitted":	false,
				"sender":	false
			}
		}, {
			"streams":	[{
					"socket":	5,
					"start":	5.000125,
					"end":	6.00013,
					"seconds":	1.0000050067901611,
					"bytes":	25785984,
					"bits_per_second":	206286839.16508329,
					"omitted":	false,
					"sender":	false
				}],
			"sum":	{
				"start":	5.000125,
				"end":	6.00013,
				"seconds":	1.0000050067901611,
				"bytes":	25785984,
				"bits_per_second":	206286839.16508329,
				"omitted":	false,
				"sender":	false
			}
		}, {
			"streams":	[{
					"socket":	5,
					"start":	6.00013,
					"end":	7.000119,
					"seconds":	0.99998897314071655,
					"bytes":	25796120,
					"bits_per_second":	206371235.62657541,
					"omitted":	false,
					"sender":	false
				}],
			"sum":	{
				"start":	6.00013,
				"end":	7.000119,
				"seconds":	0.99998897314071655,
				"bytes":	25796120,
				"bits_per_second":	206371235.62657541,
				"omitted":	false,
				"sender":	false
			}
		}, {
			"streams":	[{
					"socket":	5,
					"start":	7.000119,
					"end":	8.000245,
					"seconds":	1.0001260042190552,
					"bytes":	25622360,
					"bits_per_second":	204953055.0503554,
					"omitted":	false,
					"sender":	false
				}],
			"sum":	{
				"start":	7.000119,
				"end":	8.000245,
				"seconds":	1.0001260042190552,
				"bytes":	25622360,
				"bits_per_second":	204953055.0503554,
				"omitted":	false,
				"sender":	false
			}
		}, {
			"streams":	[{
					"socket":	5,
					"start":	8.000245,
					"end":	9.000092,
					"seconds":	0.99984699487686157,
					"bytes":	25862728,
					"bits_per_second":	206933485.88348907,
					"omitted":	false,
					"sender":	false
				}],
			"sum":	{
				"start":	8.000245,
				"end":	9.000092,
				"seconds":	0.99984699487686157,
				"bytes":	25862728,
				"bits_per_second":	206933485.88348907,
				"omitted":	false,
				"sender":	false
			}
		}, {
			"streams":	[{
					"socket":	5,
					"start":	9.000092,
					"end":	10.000078,
					"seconds":	0.99998599290847778,
					"bytes":	25319728,
					"bits_per_second":	202560661.28572142,
					"omitted":	false,
					"sender":	false
				}],
			"sum":	{
				"start":	9.000092,
				"end":	10.000078,
				"seconds":	0.99998599290847778,
				"bytes":	25319728,
				"bits_per_second":	202560661.28572142,
				"omitted":	false,
				"sender":	false
			}
		}],
	"end":	{
		"streams":	[{
				"sender":	{
					"socket":	5,
					"start":	0,
					"end":	10.006160999997519,
					"seconds":	10.006160999997519,
					"bytes":	256753568,
					"bits_per_second":	205276383.62010258,
					"retransmits":	149,
					"max_snd_cwnd":	0,
					"max_rtt":	0,
					"min_rtt":	0,
					"mean_rtt":	0,
					"sender":	false
				},
				"receiver":	{
					"socket":	5,
					"start":	0,
					"end":	10.000078,
					"seconds":	10.000078,
					"bytes":	255574896,
					"bits_per_second":	204458322.02508819,
					"sender":	false
				}
			}],
		"sum_sent":	{
			"start":	0,
			"end":	10.006160999997519,
			"seconds":	10.006160999997519,
			"bytes":	256753568,
			"bits_per_second":	205276383.62010258,
			"retransmits":	149,
			"sender":	false
		},
		"sum_received":	{
			"start":	0,
			"end":	10.000078,
			"seconds":	10.000078,
			"bytes":	255574896,
			"bits_per_second":	204458322.02508819,
			"sender":	false
		},
		"cpu_utilization_percent":	{
			"host_total":	3.2298591870136111,
			"host_user":	0.2618670905664956,
			"host_system":	2.9679722880438955,
			"remote_total":	0.046239424811673147,
			"remote_user":	0,
			"remote_system":	0.0462385987610124
		},
		"sender_tcp_congestion":	"cubic",
		"receiver_tcp_congestion":	"cubic"
	}
}
