{
	"start":	{
		"connected":	[{
				"socket":	5,
				"local_host":	"172.26.184.25",
				"local_port":	33718,
				"remote_host":	"195.148.124.36",
				"remote_port":	5210
			}],
		"version":	"iperf 3.9",
		"system_info":	"Linux A-Tower 5.15.90.1-microsoft-standard-WSL2 #1 SMP Fri Jan 27 02:56:13 UTC 2023 x86_64",
		"timestamp":	{
			"time":	"Mon, 02 Oct 2023 02:59:12 GMT",
			"timesecs":	1696215552
		},
		"connecting_to":	{
			"host":	"ok1.iperf.comnet-student.eu",
			"port":	5210
		},
		"cookie":	"2vcp6hebmeo67eo4vjtevzyuc2ryevqsjbpy",
		"tcp_mss_default":	1448,
		"sock_bufsize":	0,
		"sndbuf_actual":	16384,
		"rcvbuf_actual":	131072,
		"test_start":	{
			"protocol":	"TCP",
			"num_streams":	1,
			"blksize":	131072,
			"omit":	0,
			"duration":	10,
			"bytes":	0,
			"blocks":	0,
			"reverse":	1,
			"tos":	0
		}
	},
	"intervals":	[{
			"streams":	[{
					"socket":	5,
					"start":	0,
					"end":	1.000162,
					"seconds":	1.0001620054244995,
					"bytes":	24549392,
					"bits_per_second":	196363324.07632688,
					"omitted":	false,
					"sender":	false
				}],
			"sum":	{
				"start":	0,
				"end":	1.000162,
				"seconds":	1.0001620054244995,
				"bytes":	24549392,
				"bits_per_second":	196363324.07632688,
				"omitted":	false,
				"sender":	false
			}
		}, {
			"streams":	[{
					"socket":	5,
					"start":	1.000162,
					"end":	2.000103,
					"seconds":	0.99994099140167236,
					"bytes":	25849696,
					"bits_per_second":	206809771.55473989,
					"omitted":	false,
					"sender":	false
				}],
			"sum":	{
				"start":	1.000162,
				"end":	2.000103,
				"seconds":	0.99994099140167236,
				"bytes":	25849696,
				"bits_per_second":	206809771.55473989,
				"omitted":	false,
				"sender":	false
			}
		}, {
			"streams":	[{
					"socket":	5,
					"start":	2.000103,
					"end":	3.000113,
					"seconds":	1.0000100135803223,
					"bytes":	25826528,
					"bits_per_second":	206610155.09261659,
					"omitted":	false,
					"sender":	false
				}],
			"sum":	{
				"start":	2.000103,
				"end":	3.000113,
				"seconds":	1.0000100135803223,
				"bytes":	25826528,
				"bits_per_second":	206610155.09261659,
				"omitted":	false,
				"sender":	false
			}
		}, {
			"streams":	[{
					"socket":	5,
					"start":	3.000113,
					"end":	4.000042,
					"seconds":	0.99992901086807251,
					"bytes":	25809152,
					"bits_per_second":	206487874.39495686,
					"omitted":	false,
					"sender":	false
				}],
			"sum":	{
				"start":	3.000113,
				"end":	4.000042,
				"seconds":	0.99992901086807251,
				"bytes":	25809152,
				"bits_per_second":	206487874.39495686,
				"omitted":	false,
				"sender":	false
			}
		}, {
			"streams":	[{
					"socket":	5,
					"start":	4.000042,
					"end":	5.000048,
					"seconds":	1.0000059604644775,
					"bytes":	25819288,
					"bits_per_second":	206553072.84774655,
					"omitted":	false,
					"sender":	false
				}],
			"sum":	{
				"start":	4.000042,
				"end":	5.000048,
				"seconds":	1.0000059604644775,
				"bytes":	25819288,
				"bits_per_second":	206553072.84774655,
				"omitted":	false,
				"sender":	false
			}
		}, {
			"streams":	[{
					"socket":	5,
					"start":	5.000048,
					"end":	6.000198,
					"seconds":	1.0001499652862549,
					"bytes":	25759920,
					"bits_per_second":	206048459.88373116,
					"omitted":	false,
					"sender":	false
				}],
			"sum":	{
				"start":	5.000048,
				"end":	6.000198,
				"seconds":	1.0001499652862549,
				"bytes":	25759920,
				"bits_per_second":	206048459.88373116,
				"omitted":	false,
				"sender":	false
			}
		}, {
			"streams":	[{
					"socket":	5,
					"start":	6.000198,
					"end":	7.000115,
					"seconds":	0.999916970729828,
					"bytes":	25845352,
					"bits_per_second":	206779984.79122341,
					"omitted":	false,
					"sender":	false
				}],
			"sum":	{
				"start":	6.000198,
				"end":	7.000115,
				"seconds":	0.999916970729828,
				"bytes":	25845352,
				"bits_per_second":	206779984.79122341,
				"omitted":	false,
				"sender":	false
			}
		}, {
			"streams":	[{
					"socket":	5,
					"start":	7.000115,
					"end":	8.000161,
					"seconds":	1.0000460147857666,
					"bytes":	25804808,
					"bits_per_second":	206428965.21538958,
					"omitted":	false,
					"sender":	false
				}],
			"sum":	{
				"start":	7.000115,
				"end":	8.000161,
				"seconds":	1.0000460147857666,
				"bytes":	25804808,
				"bits_per_second":	206428965.21538958,
				"omitted":	false,
				"sender":	false
			}
		}, {
			"streams":	[{
					"socket":	5,
					"start":	8.000161,
					"end":	9.000126,
					"seconds":	0.999965012073517,
					"bytes":	25801912,
					"bits_per_second":	206422518.29589459,
					"omitted":	false,
					"sender":	false
				}],
			"sum":	{
				"start":	8.000161,
				"end":	9.000126,
				"seconds":	0.999965012073517,
				"bytes":	25801912,
				"bits_per_second":	206422518.29589459,
				"omitted":	false,
				"sender":	false
			}
		}, {
			"streams":	[{
					"socket":	5,
					"start":	9.000126,
					"end":	10.000097,
					"seconds":	0.99997097253799438,
					"bytes":	25803360,
					"bits_per_second":	206432872.22235516,
					"omitted":	false,
					"sender":	false
				}],
			"sum":	{
				"start":	9.000126,
				"end":	10.000097,
				"seconds":	0.99997097253799438,
				"bytes":	25803360,
				"bits_per_second":	206432872.22235516,
				"omitted":	false,
				"sender":	false
			}
		}],
	"end":	{
		"streams":	[{
				"sender":	{
					"socket":	5,
					"start":	0,
					"end":	10.037210999988019,
					"seconds":	10.037210999988019,
					"bytes":	258078488,
					"bits_per_second":	205697369.9170481,
					"retransmits":	139,
					"max_snd_cwnd":	0,
					"max_rtt":	0,
					"min_rtt":	0,
					"mean_rtt":	0,
					"sender":	false
				},
				"receiver":	{
					"socket":	5,
					"start":	0,
					"end":	10.000097,
					"seconds":	10.000097,
					"bytes":	256869408,
					"bits_per_second":	205493533.1127288,
					"sender":	false
				}
			}],
		"sum_sent":	{
			"start":	0,
			"end":	10.037210999988019,
			"seconds":	10.037210999988019,
			"bytes":	258078488,
			"bits_per_second":	205697369.9170481,
			"retransmits":	139,
			"sender":	false
		},
		"sum_received":	{
			"start":	0,
			"end":	10.000097,
			"seconds":	10.000097,
			"bytes":	256869408,
			"bits_per_second":	205493533.1127288,
			"sender":	false
		},
		"cpu_utilization_percent":	{
			"host_total":	3.6251783537687232,
			"host_user":	0.82094717361879177,
			"host_system":	2.804211376816832,
			"remote_total":	0.0051068065479789246,
			"remote_user":	0.0003684221153971283,
			"remote_system":	0.0047389844686003581
		},
		"sender_tcp_congestion":	"cubic",
		"receiver_tcp_congestion":	"cubic"
	}
}
