{
	"start":	{
		"connected":	[{
				"socket":	5,
				"local_host":	"172.26.184.25",
				"local_port":	33108,
				"remote_host":	"195.148.124.36",
				"remote_port":	5200
			}],
		"version":	"iperf 3.9",
		"system_info":	"Linux A-Tower 5.15.90.1-microsoft-standard-WSL2 #1 SMP Fri Jan 27 02:56:13 UTC 2023 x86_64",
		"timestamp":	{
			"time":	"Mon, 02 Oct 2023 06:59:15 GMT",
			"timesecs":	1696229955
		},
		"connecting_to":	{
			"host":	"ok1.iperf.comnet-student.eu",
			"port":	5200
		},
		"cookie":	"rd6jea5s65rrjfkrwrj7h2pheps2qx6cnejt",
		"tcp_mss_default":	1448,
		"sock_bufsize":	0,
		"sndbuf_actual":	16384,
		"rcvbuf_actual":	131072,
		"test_start":	{
			"protocol":	"TCP",
			"num_streams":	1,
			"blksize":	131072,
			"omit":	0,
			"duration":	10,
			"bytes":	0,
			"blocks":	0,
			"reverse":	1,
			"tos":	0
		}
	},
	"intervals":	[{
			"streams":	[{
					"socket":	5,
					"start":	0,
					"end":	1.000145,
					"seconds":	1.0001449584960938,
					"bytes":	24112096,
					"bits_per_second":	192868810.02735505,
					"omitted":	false,
					"sender":	false
				}],
			"sum":	{
				"start":	0,
				"end":	1.000145,
				"seconds":	1.0001449584960938,
				"bytes":	24112096,
				"bits_per_second":	192868810.02735505,
				"omitted":	false,
				"sender":	false
			}
		}, {
			"streams":	[{
					"socket":	5,
					"start":	1.000145,
					"end":	2.000102,
					"seconds":	0.999957025051117,
					"bytes":	25799016,
					"bits_per_second":	206400998.07234156,
					"omitted":	false,
					"sender":	false
				}],
			"sum":	{
				"start":	1.000145,
				"end":	2.000102,
				"seconds":	0.999957025051117,
				"bytes":	25799016,
				"bits_per_second":	206400998.07234156,
				"omitted":	false,
				"sender":	false
			}
		}, {
			"streams":	[{
					"socket":	5,
					"start":	2.000102,
					"end":	3.000134,
					"seconds":	1.0000319480895996,
					"bytes":	25799016,
					"bits_per_second":	206385534.37645566,
					"omitted":	false,
					"sender":	false
				}],
			"sum":	{
				"start":	2.000102,
				"end":	3.000134,
				"seconds":	1.0000319480895996,
				"bytes":	25799016,
				"bits_per_second":	206385534.37645566,
				"omitted":	false,
				"sender":	false
			}
		}, {
			"streams":	[{
					"socket":	5,
					"start":	3.000134,
					"end":	4.000165,
					"seconds":	1.0000309944152832,
					"bytes":	25803360,
					"bits_per_second":	206420482.11785427,
					"omitted":	false,
					"sender":	false
				}],
			"sum":	{
				"start":	3.000134,
				"end":	4.000165,
				"seconds":	1.0000309944152832,
				"bytes":	25803360,
				"bits_per_second":	206420482.11785427,
				"omitted":	false,
				"sender":	false
			}
		}, {
			"streams":	[{
					"socket":	5,
					"start":	4.000165,
					"end":	5.000098,
					"seconds":	0.99993300437927246,
					"bytes":	25803360,
					"bits_per_second":	206440710.62355167,
					"omitted":	false,
					"sender":	false
				}],
			"sum":	{
				"start":	4.000165,
				"end":	5.000098,
				"seconds":	0.99993300437927246,
				"bytes":	25803360,
				"bits_per_second":	206440710.62355167,
				"omitted":	false,
				"sender":	false
			}
		}, {
			"streams":	[{
					"socket":	5,
					"start":	5.000098,
					"end":	6.000186,
					"seconds":	1.0000879764556885,
					"bytes":	25799016,
					"bits_per_second":	206373971.94940153,
					"omitted":	false,
					"sender":	false
				}],
			"sum":	{
				"start":	5.000098,
				"end":	6.000186,
				"seconds":	1.0000879764556885,
				"bytes":	25799016,
				"bits_per_second":	206373971.94940153,
				"omitted":	false,
				"sender":	false
			}
		}, {
			"streams":	[{
					"socket":	5,
					"start":	6.000186,
					"end":	7.000214,
					"seconds":	1.0000280141830444,
					"bytes":	25801912,
					"bits_per_second":	206409513.60610372,
					"omitted":	false,
					"sender":	false
				}],
			"sum":	{
				"start":	6.000186,
				"end":	7.000214,
				"seconds":	1.0000280141830444,
				"bytes":	25801912,
				"bits_per_second":	206409513.60610372,
				"omitted":	false,
				"sender":	false
			}
		}, {
			"streams":	[{
					"socket":	5,
					"start":	7.000214,
					"end":	8.000018,
					"seconds":	0.99980401992797852,
					"bytes":	25693312,
					"bits_per_second":	205586786.91330594,
					"omitted":	false,
					"sender":	false
				}],
			"sum":	{
				"start":	7.000214,
				"end":	8.000018,
				"seconds":	0.99980401992797852,
				"bytes":	25693312,
				"bits_per_second":	205586786.91330594,
				"omitted":	false,
				"sender":	false
			}
		}, {
			"streams":	[{
					"socket":	5,
					"start":	8.000018,
					"end":	9.000155,
					"seconds":	1.0001369714736938,
					"bytes":	25880104,
					"bits_per_second":	207012477.19592547,
					"omitted":	false,
					"sender":	false
				}],
			"sum":	{
				"start":	8.000018,
				"end":	9.000155,
				"seconds":	1.0001369714736938,
				"bytes":	25880104,
				"bits_per_second":	207012477.19592547,
				"omitted":	false,
				"sender":	false
			}
		}, {
			"streams":	[{
					"socket":	5,
					"start":	9.000155,
					"end":	10.000102,
					"seconds":	0.99994701147079468,
					"bytes":	25812048,
					"bits_per_second":	206507326.5195024,
					"omitted":	false,
					"sender":	false
				}],
			"sum":	{
				"start":	9.000155,
				"end":	10.000102,
				"seconds":	0.99994701147079468,
				"bytes":	25812048,
				"bits_per_second":	206507326.5195024,
				"omitted":	false,
				"sender":	false
			}
		}],
	"end":	{
		"streams":	[{
				"sender":	{
					"socket":	5,
					"start":	0,
					"end":	10.00509799993597,
					"seconds":	10.00509799993597,
					"bytes":	257248784,
					"bits_per_second":	205694164.31634858,
					"retransmits":	94,
					"max_snd_cwnd":	0,
					"max_rtt":	0,
					"min_rtt":	0,
					"mean_rtt":	0,
					"sender":	false
				},
				"receiver":	{
					"socket":	5,
					"start":	0,
					"end":	10.000102,
					"seconds":	10.000102,
					"bytes":	256303240,
					"bits_per_second":	205040500.586894,
					"sender":	false
				}
			}],
		"sum_sent":	{
			"start":	0,
			"end":	10.00509799993597,
			"seconds":	10.00509799993597,
			"bytes":	257248784,
			"bits_per_second":	205694164.31634858,
			"retransmits":	94,
			"sender":	false
		},
		"sum_received":	{
			"start":	0,
			"end":	10.000102,
			"seconds":	10.000102,
			"bytes":	256303240,
			"bits_per_second":	205040500.586894,
			"sender":	false
		},
		"cpu_utilization_percent":	{
			"host_total":	2.9440001683706178,
			"host_user":	0.39238699913936848,
			"host_system":	2.5516040975384775,
			"remote_total":	0.046162192268273082,
			"remote_user":	0.0045417231583653938,
			"remote_system":	0.041620469109907687
		},
		"sender_tcp_congestion":	"cubic",
		"receiver_tcp_congestion":	"cubic"
	}
}
