{
	"start":	{
		"connected":	[{
				"socket":	5,
				"local_host":	"172.26.184.25",
				"local_port":	58624,
				"remote_host":	"195.148.124.36",
				"remote_port":	5203
			}],
		"version":	"iperf 3.9",
		"system_info":	"Linux A-Tower 5.15.90.1-microsoft-standard-WSL2 #1 SMP Fri Jan 27 02:56:13 UTC 2023 x86_64",
		"timestamp":	{
			"time":	"Sun, 01 Oct 2023 17:59:22 GMT",
			"timesecs":	1696183162
		},
		"connecting_to":	{
			"host":	"ok1.iperf.comnet-student.eu",
			"port":	5203
		},
		"cookie":	"wb4jubs6xs6gvtux7mdkrih2xjtj6oxhlsnu",
		"tcp_mss_default":	1448,
		"sock_bufsize":	0,
		"sndbuf_actual":	16384,
		"rcvbuf_actual":	131072,
		"test_start":	{
			"protocol":	"TCP",
			"num_streams":	1,
			"blksize":	131072,
			"omit":	0,
			"duration":	10,
			"bytes":	0,
			"blocks":	0,
			"reverse":	1,
			"tos":	0
		}
	},
	"intervals":	[{
			"streams":	[{
					"socket":	5,
					"start":	0,
					"end":	1.000154,
					"seconds":	1.0001540184020996,
					"bytes":	22940664,
					"bits_per_second":	183497050.07755706,
					"omitted":	false,
					"sender":	false
				}],
			"sum":	{
				"start":	0,
				"end":	1.000154,
				"seconds":	1.0001540184020996,
				"bytes":	22940664,
				"bits_per_second":	183497050.07755706,
				"omitted":	false,
				"sender":	false
			}
		}, {
			"streams":	[{
					"socket":	5,
					"start":	1.000154,
					"end":	2.000118,
					"seconds":	0.99996399879455566,
					"bytes":	22501920,
					"bits_per_second":	180021841.00328243,
					"omitted":	false,
					"sender":	false
				}],
			"sum":	{
				"start":	1.000154,
				"end":	2.000118,
				"seconds":	0.99996399879455566,
				"bytes":	22501920,
				"bits_per_second":	180021841.00328243,
				"omitted":	false,
				"sender":	false
			}
		}, {
			"streams":	[{
					"socket":	5,
					"start":	2.000118,
					"end":	3.000203,
					"seconds":	1.00008499622345,
					"bytes":	26003184,
					"bits_per_second":	208007792.12322143,
					"omitted":	false,
					"sender":	false
				}],
			"sum":	{
				"start":	2.000118,
				"end":	3.000203,
				"seconds":	1.00008499622345,
				"bytes":	26003184,
				"bits_per_second":	208007792.12322143,
				"omitted":	false,
				"sender":	false
			}
		}, {
			"streams":	[{
					"socket":	5,
					"start":	3.000203,
					"end":	4.000123,
					"seconds":	0.99992001056671143,
					"bytes":	25962640,
					"bits_per_second":	207717735.22392455,
					"omitted":	false,
					"sender":	false
				}],
			"sum":	{
				"start":	3.000203,
				"end":	4.000123,
				"seconds":	0.99992001056671143,
				"bytes":	25962640,
				"bits_per_second":	207717735.22392455,
				"omitted":	false,
				"sender":	false
			}
		}, {
			"streams":	[{
					"socket":	5,
					"start":	4.000123,
					"end":	5.000101,
					"seconds":	0.999978005886078,
					"bytes":	25835216,
					"bits_per_second":	206686273.8814539,
					"omitted":	false,
					"sender":	false
				}],
			"sum":	{
				"start":	4.000123,
				"end":	5.000101,
				"seconds":	0.999978005886078,
				"bytes":	25835216,
				"bits_per_second":	206686273.8814539,
				"omitted":	false,
				"sender":	false
			}
		}, {
			"streams":	[{
					"socket":	5,
					"start":	5.000101,
					"end":	6.000157,
					"seconds":	1.0000560283660889,
					"bytes":	25422536,
					"bits_per_second":	203368893.57317978,
					"omitted":	false,
					"sender":	false
				}],
			"sum":	{
				"start":	5.000101,
				"end":	6.000157,
				"seconds":	1.0000560283660889,
				"bytes":	25422536,
				"bits_per_second":	203368893.57317978,
				"omitted":	false,
				"sender":	false
			}
		}, {
			"streams":	[{
					"socket":	5,
					"start":	6.000157,
					"end":	7.000205,
					"seconds":	1.000048041343689,
					"bytes":	24194632,
					"bits_per_second":	193547757.70565182,
					"omitted":	false,
					"sender":	false
				}],
			"sum":	{
				"start":	6.000157,
				"end":	7.000205,
				"seconds":	1.000048041343689,
				"bytes":	24194632,
				"bits_per_second":	193547757.70565182,
				"omitted":	false,
				"sender":	false
			}
		}, {
			"streams":	[{
					"socket":	5,
					"start":	7.000205,
					"end":	8.000113,
					"seconds":	0.9999079704284668,
					"bytes":	25545616,
					"bits_per_second":	204383737.34777647,
					"omitted":	false,
					"sender":	false
				}],
			"sum":	{
				"start":	7.000205,
				"end":	8.000113,
				"seconds":	0.9999079704284668,
				"bytes":	25545616,
				"bits_per_second":	204383737.34777647,
				"omitted":	false,
				"sender":	false
			}
		}, {
			"streams":	[{
					"socket":	5,
					"start":	8.000113,
					"end":	9.000201,
					"seconds":	1.0000879764556885,
					"bytes":	25772952,
					"bits_per_second":	206165478.29193455,
					"omitted":	false,
					"sender":	false
				}],
			"sum":	{
				"start":	8.000113,
				"end":	9.000201,
				"seconds":	1.0000879764556885,
				"bytes":	25772952,
				"bits_per_second":	206165478.29193455,
				"omitted":	false,
				"sender":	false
			}
		}, {
			"streams":	[{
					"socket":	5,
					"start":	9.000201,
					"end":	10.000207,
					"seconds":	1.0000059604644775,
					"bytes":	24911392,
					"bits_per_second":	199289948.13934338,
					"omitted":	false,
					"sender":	false
				}],
			"sum":	{
				"start":	9.000201,
				"end":	10.000207,
				"seconds":	1.0000059604644775,
				"bytes":	24911392,
				"bits_per_second":	199289948.13934338,
				"omitted":	false,
				"sender":	false
			}
		}],
	"end":	{
		"streams":	[{
				"sender":	{
					"socket":	5,
					"start":	0,
					"end":	10.005875000031665,
					"seconds":	10.005875000031665,
					"bytes":	250537304,
					"bits_per_second":	200312159.80548,
					"retransmits":	208,
					"max_snd_cwnd":	0,
					"max_rtt":	0,
					"min_rtt":	0,
					"mean_rtt":	0,
					"sender":	false
				},
				"receiver":	{
					"socket":	5,
					"start":	0,
					"end":	10.000207,
					"seconds":	10.000207,
					"bytes":	249090752,
					"bits_per_second":	199268476.74253145,
					"sender":	false
				}
			}],
		"sum_sent":	{
			"start":	0,
			"end":	10.005875000031665,
			"seconds":	10.005875000031665,
			"bytes":	250537304,
			"bits_per_second":	200312159.80548,
			"retransmits":	208,
			"sender":	false
		},
		"sum_received":	{
			"start":	0,
			"end":	10.000207,
			"seconds":	10.000207,
			"bytes":	249090752,
			"bits_per_second":	199268476.74253145,
			"sender":	false
		},
		"cpu_utilization_percent":	{
			"host_total":	1.7729329205944562,
			"host_user":	0.69917271631461142,
			"host_system":	1.0737073477686228,
			"remote_total":	0.0662823715950736,
			"remote_user":	0.00879338572590397,
			"remote_system":	0.057489739082217356
		},
		"sender_tcp_congestion":	"cubic",
		"receiver_tcp_congestion":	"cubic"
	}
}
