{
	"start":	{
		"connected":	[{
				"socket":	5,
				"local_host":	"172.26.184.25",
				"local_port":	56334,
				"remote_host":	"195.148.124.36",
				"remote_port":	5207
			}],
		"version":	"iperf 3.9",
		"system_info":	"Linux A-Tower 5.15.90.1-microsoft-standard-WSL2 #1 SMP Fri Jan 27 02:56:13 UTC 2023 x86_64",
		"timestamp":	{
			"time":	"Sun, 01 Oct 2023 22:59:12 GMT",
			"timesecs":	1696201152
		},
		"connecting_to":	{
			"host":	"ok1.iperf.comnet-student.eu",
			"port":	5207
		},
		"cookie":	"46ffbbq4m43m7egyms76aqkkln7gahgbmrjv",
		"tcp_mss_default":	1448,
		"sock_bufsize":	0,
		"sndbuf_actual":	16384,
		"rcvbuf_actual":	131072,
		"test_start":	{
			"protocol":	"TCP",
			"num_streams":	1,
			"blksize":	131072,
			"omit":	0,
			"duration":	10,
			"bytes":	0,
			"blocks":	0,
			"reverse":	1,
			"tos":	0
		}
	},
	"intervals":	[{
			"streams":	[{
					"socket":	5,
					"start":	0,
					"end":	1.000132,
					"seconds":	1.0001319646835327,
					"bytes":	24666680,
					"bits_per_second":	197307402.39108479,
					"omitted":	false,
					"sender":	false
				}],
			"sum":	{
				"start":	0,
				"end":	1.000132,
				"seconds":	1.0001319646835327,
				"bytes":	24666680,
				"bits_per_second":	197307402.39108479,
				"omitted":	false,
				"sender":	false
			}
		}, {
			"streams":	[{
					"socket":	5,
					"start":	1.000132,
					"end":	2.000197,
					"seconds":	1.0000649690628052,
					"bytes":	25806256,
					"bits_per_second":	206436636.0052301,
					"omitted":	false,
					"sender":	false
				}],
			"sum":	{
				"start":	1.000132,
				"end":	2.000197,
				"seconds":	1.0000649690628052,
				"bytes":	25806256,
				"bits_per_second":	206436636.0052301,
				"omitted":	false,
				"sender":	false
			}
		}, {
			"streams":	[{
					"socket":	5,
					"start":	2.000197,
					"end":	3.000119,
					"seconds":	0.999921977519989,
					"bytes":	25785984,
					"bits_per_second":	206303968.34724656,
					"omitted":	false,
					"sender":	false
				}],
			"sum":	{
				"start":	2.000197,
				"end":	3.000119,
				"seconds":	0.999921977519989,
				"bytes":	25785984,
				"bits_per_second":	206303968.34724656,
				"omitted":	false,
				"sender":	false
			}
		}, {
			"streams":	[{
					"socket":	5,
					"start":	3.000119,
					"end":	4.00005,
					"seconds":	0.99993097782135,
					"bytes":	25813496,
					"bits_per_second":	206522222.61374441,
					"omitted":	false,
					"sender":	false
				}],
			"sum":	{
				"start":	3.000119,
				"end":	4.00005,
				"seconds":	0.99993097782135,
				"bytes":	25813496,
				"bits_per_second":	206522222.61374441,
				"omitted":	false,
				"sender":	false
			}
		}, {
			"streams":	[{
					"socket":	5,
					"start":	4.00005,
					"end":	5.00013,
					"seconds":	1.0000799894332886,
					"bytes":	25813496,
					"bits_per_second":	206491450.8658663,
					"omitted":	false,
					"sender":	false
				}],
			"sum":	{
				"start":	4.00005,
				"end":	5.00013,
				"seconds":	1.0000799894332886,
				"bytes":	25813496,
				"bits_per_second":	206491450.8658663,
				"omitted":	false,
				"sender":	false
			}
		}, {
			"streams":	[{
					"socket":	5,
					"start":	5.00013,
					"end":	6.000172,
					"seconds":	1.0000419616699219,
					"bytes":	25719376,
					"bits_per_second":	205746374.538544,
					"omitted":	false,
					"sender":	false
				}],
			"sum":	{
				"start":	5.00013,
				"end":	6.000172,
				"seconds":	1.0000419616699219,
				"bytes":	25719376,
				"bits_per_second":	205746374.538544,
				"omitted":	false,
				"sender":	false
			}
		}, {
			"streams":	[{
					"socket":	5,
					"start":	6.000172,
					"end":	7.000097,
					"seconds":	0.99992501735687256,
					"bytes":	25861280,
					"bits_per_second":	206905754.34033871,
					"omitted":	false,
					"sender":	false
				}],
			"sum":	{
				"start":	6.000172,
				"end":	7.000097,
				"seconds":	0.99992501735687256,
				"bytes":	25861280,
				"bits_per_second":	206905754.34033871,
				"omitted":	false,
				"sender":	false
			}
		}, {
			"streams":	[{
					"socket":	5,
					"start":	7.000097,
					"end":	8.000132,
					"seconds":	1.0000350475311279,
					"bytes":	25836664,
					"bits_per_second":	206686068.16359234,
					"omitted":	false,
					"sender":	false
				}],
			"sum":	{
				"start":	7.000097,
				"end":	8.000132,
				"seconds":	1.0000350475311279,
				"bytes":	25836664,
				"bits_per_second":	206686068.16359234,
				"omitted":	false,
				"sender":	false
			}
		}, {
			"streams":	[{
					"socket":	5,
					"start":	8.000132,
					"end":	9.000117,
					"seconds":	0.9999849796295166,
					"bytes":	25787432,
					"bits_per_second":	206302554.74080387,
					"omitted":	false,
					"sender":	false
				}],
			"sum":	{
				"start":	8.000132,
				"end":	9.000117,
				"seconds":	0.9999849796295166,
				"bytes":	25787432,
				"bits_per_second":	206302554.74080387,
				"omitted":	false,
				"sender":	false
			}
		}, {
			"streams":	[{
					"socket":	5,
					"start":	9.000117,
					"end":	10.000132,
					"seconds":	1.0000150203704834,
					"bytes":	25812048,
					"bits_per_second":	206493282.3943961,
					"omitted":	false,
					"sender":	false
				}],
			"sum":	{
				"start":	9.000117,
				"end":	10.000132,
				"seconds":	1.0000150203704834,
				"bytes":	25812048,
				"bits_per_second":	206493282.3943961,
				"omitted":	false,
				"sender":	false
			}
		}],
	"end":	{
		"streams":	[{
				"sender":	{
					"socket":	5,
					"start":	0,
					"end":	10.0349110000534,
					"seconds":	10.0349110000534,
					"bytes":	257735312,
					"bits_per_second":	205470930.03505743,
					"retransmits":	100,
					"max_snd_cwnd":	0,
					"max_rtt":	0,
					"min_rtt":	0,
					"mean_rtt":	0,
					"sender":	false
				},
				"receiver":	{
					"socket":	5,
					"start":	0,
					"end":	10.000132,
					"seconds":	10.000132,
					"bytes":	256902712,
					"bits_per_second":	205519456.743171,
					"sender":	false
				}
			}],
		"sum_sent":	{
			"start":	0,
			"end":	10.0349110000534,
			"seconds":	10.0349110000534,
			"bytes":	257735312,
			"bits_per_second":	205470930.03505743,
			"retransmits":	100,
			"sender":	false
		},
		"sum_received":	{
			"start":	0,
			"end":	10.000132,
			"seconds":	10.000132,
			"bytes":	256902712,
			"bits_per_second":	205519456.743171,
			"sender":	false
		},
		"cpu_utilization_percent":	{
			"host_total":	3.0209548993322093,
			"host_user":	0.21843001790270333,
			"host_system":	2.8024654500805393,
			"remote_total":	0.0372803198756932,
			"remote_user":	0.0033159922218947858,
			"remote_system":	0.033968281077444686
		},
		"sender_tcp_congestion":	"cubic",
		"receiver_tcp_congestion":	"cubic"
	}
}
