{
	"start":	{
		"connected":	[{
				"socket":	5,
				"local_host":	"172.26.184.25",
				"local_port":	58564,
				"remote_host":	"195.148.124.36",
				"remote_port":	5206
			}],
		"version":	"iperf 3.9",
		"system_info":	"Linux A-Tower 5.15.90.1-microsoft-standard-WSL2 #1 SMP Fri Jan 27 02:56:13 UTC 2023 x86_64",
		"timestamp":	{
			"time":	"Mon, 02 Oct 2023 04:59:12 GMT",
			"timesecs":	1696222752
		},
		"connecting_to":	{
			"host":	"ok1.iperf.comnet-student.eu",
			"port":	5206
		},
		"cookie":	"4fcqkkujkgzyztheqbpnoh3lmukmjdip6wce",
		"tcp_mss_default":	1448,
		"sock_bufsize":	0,
		"sndbuf_actual":	16384,
		"rcvbuf_actual":	131072,
		"test_start":	{
			"protocol":	"TCP",
			"num_streams":	1,
			"blksize":	131072,
			"omit":	0,
			"duration":	10,
			"bytes":	0,
			"blocks":	0,
			"reverse":	1,
			"tos":	0
		}
	},
	"intervals":	[{
			"streams":	[{
					"socket":	5,
					"start":	0,
					"end":	1.000143,
					"seconds":	1.0001430511474609,
					"bytes":	23799328,
					"bits_per_second":	190367391.72617441,
					"omitted":	false,
					"sender":	false
				}],
			"sum":	{
				"start":	0,
				"end":	1.000143,
				"seconds":	1.0001430511474609,
				"bytes":	23799328,
				"bits_per_second":	190367391.72617441,
				"omitted":	false,
				"sender":	false
			}
		}, {
			"streams":	[{
					"socket":	5,
					"start":	1.000143,
					"end":	2.000076,
					"seconds":	0.99993300437927246,
					"bytes":	25838112,
					"bits_per_second":	206718745.25065407,
					"omitted":	false,
					"sender":	false
				}],
			"sum":	{
				"start":	1.000143,
				"end":	2.000076,
				"seconds":	0.99993300437927246,
				"bytes":	25838112,
				"bits_per_second":	206718745.25065407,
				"omitted":	false,
				"sender":	false
			}
		}, {
			"streams":	[{
					"socket":	5,
					"start":	2.000076,
					"end":	3.00012,
					"seconds":	1.0000439882278442,
					"bytes":	25793224,
					"bits_per_second":	206336715.61354095,
					"omitted":	false,
					"sender":	false
				}],
			"sum":	{
				"start":	2.000076,
				"end":	3.00012,
				"seconds":	1.0000439882278442,
				"bytes":	25793224,
				"bits_per_second":	206336715.61354095,
				"omitted":	false,
				"sender":	false
			}
		}, {
			"streams":	[{
					"socket":	5,
					"start":	3.00012,
					"end":	4.000167,
					"seconds":	1.000046968460083,
					"bytes":	25791776,
					"bits_per_second":	206324517.25514716,
					"omitted":	false,
					"sender":	false
				}],
			"sum":	{
				"start":	3.00012,
				"end":	4.000167,
				"seconds":	1.000046968460083,
				"bytes":	25791776,
				"bits_per_second":	206324517.25514716,
				"omitted":	false,
				"sender":	false
			}
		}, {
			"streams":	[{
					"socket":	5,
					"start":	4.000167,
					"end":	5.000138,
					"seconds":	0.99997097253799438,
					"bytes":	25835216,
					"bits_per_second":	206687727.62016052,
					"omitted":	false,
					"sender":	false
				}],
			"sum":	{
				"start":	4.000167,
				"end":	5.000138,
				"seconds":	0.99997097253799438,
				"bytes":	25835216,
				"bits_per_second":	206687727.62016052,
				"omitted":	false,
				"sender":	false
			}
		}, {
			"streams":	[{
					"socket":	5,
					"start":	5.000138,
					"end":	6.000184,
					"seconds":	1.0000460147857666,
					"bytes":	25791776,
					"bits_per_second":	206324714.01248637,
					"omitted":	false,
					"sender":	false
				}],
			"sum":	{
				"start":	5.000138,
				"end":	6.000184,
				"seconds":	1.0000460147857666,
				"bytes":	25791776,
				"bits_per_second":	206324714.01248637,
				"omitted":	false,
				"sender":	false
			}
		}, {
			"streams":	[{
					"socket":	5,
					"start":	6.000184,
					"end":	7.000212,
					"seconds":	1.0000280141830444,
					"bytes":	25791776,
					"bits_per_second":	206328427.87765417,
					"omitted":	false,
					"sender":	false
				}],
			"sum":	{
				"start":	6.000184,
				"end":	7.000212,
				"seconds":	1.0000280141830444,
				"bytes":	25791776,
				"bits_per_second":	206328427.87765417,
				"omitted":	false,
				"sender":	false
			}
		}, {
			"streams":	[{
					"socket":	5,
					"start":	7.000212,
					"end":	8.000148,
					"seconds":	0.99993598461151123,
					"bytes":	25759920,
					"bits_per_second":	206092553.094851,
					"omitted":	false,
					"sender":	false
				}],
			"sum":	{
				"start":	7.000212,
				"end":	8.000148,
				"seconds":	0.99993598461151123,
				"bytes":	25759920,
				"bits_per_second":	206092553.094851,
				"omitted":	false,
				"sender":	false
			}
		}, {
			"streams":	[{
					"socket":	5,
					"start":	8.000148,
					"end":	9.000166,
					"seconds":	1.0000180006027222,
					"bytes":	25823632,
					"bits_per_second":	206585337.33941433,
					"omitted":	false,
					"sender":	false
				}],
			"sum":	{
				"start":	8.000148,
				"end":	9.000166,
				"seconds":	1.0000180006027222,
				"bytes":	25823632,
				"bits_per_second":	206585337.33941433,
				"omitted":	false,
				"sender":	false
			}
		}, {
			"streams":	[{
					"socket":	5,
					"start":	9.000166,
					"end":	10.000135,
					"seconds":	0.9999690055847168,
					"bytes":	25838112,
					"bits_per_second":	206711302.8959657,
					"omitted":	false,
					"sender":	false
				}],
			"sum":	{
				"start":	9.000166,
				"end":	10.000135,
				"seconds":	0.9999690055847168,
				"bytes":	25838112,
				"bits_per_second":	206711302.8959657,
				"omitted":	false,
				"sender":	false
			}
		}],
	"end":	{
		"streams":	[{
				"sender":	{
					"socket":	5,
					"start":	0,
					"end":	10.004529000027105,
					"seconds":	10.004529000027105,
					"bytes":	257024344,
					"bits_per_second":	205526392.29637188,
					"retransmits":	71,
					"max_snd_cwnd":	0,
					"max_rtt":	0,
					"min_rtt":	0,
					"mean_rtt":	0,
					"sender":	false
				},
				"receiver":	{
					"socket":	5,
					"start":	0,
					"end":	10.000135,
					"seconds":	10.000135,
					"bytes":	256062872,
					"bits_per_second":	204847532.15831587,
					"sender":	false
				}
			}],
		"sum_sent":	{
			"start":	0,
			"end":	10.004529000027105,
			"seconds":	10.004529000027105,
			"bytes":	257024344,
			"bits_per_second":	205526392.29637188,
			"retransmits":	71,
			"sender":	false
		},
		"sum_received":	{
			"start":	0,
			"end":	10.000135,
			"seconds":	10.000135,
			"bytes":	256062872,
			"bits_per_second":	204847532.15831587,
			"sender":	false
		},
		"cpu_utilization_percent":	{
			"host_total":	2.8998226634678934,
			"host_user":	0.49690598878779157,
			"host_system":	2.4028785910266914,
			"remote_total":	0.053441865681716175,
			"remote_user":	0.0055371303308025532,
			"remote_system":	0.0479055689213167
		},
		"sender_tcp_congestion":	"cubic",
		"receiver_tcp_congestion":	"cubic"
	}
}
