{
	"start":	{
		"connected":	[{
				"socket":	5,
				"local_host":	"172.26.184.25",
				"local_port":	45624,
				"remote_host":	"195.148.124.36",
				"remote_port":	5208
			}],
		"version":	"iperf 3.9",
		"system_info":	"Linux A-Tower 5.15.90.1-microsoft-standard-WSL2 #1 SMP Fri Jan 27 02:56:13 UTC 2023 x86_64",
		"timestamp":	{
			"time":	"Mon, 02 Oct 2023 07:59:12 GMT",
			"timesecs":	1696233552
		},
		"connecting_to":	{
			"host":	"ok1.iperf.comnet-student.eu",
			"port":	5208
		},
		"cookie":	"4jftjqjzqvagmvt52xejmdx3sw72hza7k5up",
		"tcp_mss_default":	1448,
		"sock_bufsize":	0,
		"sndbuf_actual":	16384,
		"rcvbuf_actual":	131072,
		"test_start":	{
			"protocol":	"TCP",
			"num_streams":	1,
			"blksize":	131072,
			"omit":	0,
			"duration":	10,
			"bytes":	0,
			"blocks":	0,
			"reverse":	1,
			"tos":	0
		}
	},
	"intervals":	[{
			"streams":	[{
					"socket":	5,
					"start":	0,
					"end":	1.000134,
					"seconds":	1.0001339912414551,
					"bytes":	24436448,
					"bits_per_second":	195465393.34928364,
					"omitted":	false,
					"sender":	false
				}],
			"sum":	{
				"start":	0,
				"end":	1.000134,
				"seconds":	1.0001339912414551,
				"bytes":	24436448,
				"bits_per_second":	195465393.34928364,
				"omitted":	false,
				"sender":	false
			}
		}, {
			"streams":	[{
					"socket":	5,
					"start":	1.000134,
					"end":	2.000199,
					"seconds":	1.0000649690628052,
					"bytes":	25775848,
					"bits_per_second":	206193387.80883744,
					"omitted":	false,
					"sender":	false
				}],
			"sum":	{
				"start":	1.000134,
				"end":	2.000199,
				"seconds":	1.0000649690628052,
				"bytes":	25775848,
				"bits_per_second":	206193387.80883744,
				"omitted":	false,
				"sender":	false
			}
		}, {
			"streams":	[{
					"socket":	5,
					"start":	2.000199,
					"end":	3.000112,
					"seconds":	0.999912977218628,
					"bytes":	25814944,
					"bits_per_second":	206537525.46992409,
					"omitted":	false,
					"sender":	false
				}],
			"sum":	{
				"start":	2.000199,
				"end":	3.000112,
				"seconds":	0.999912977218628,
				"bytes":	25814944,
				"bits_per_second":	206537525.46992409,
				"omitted":	false,
				"sender":	false
			}
		}, {
			"streams":	[{
					"socket":	5,
					"start":	3.000112,
					"end":	4.000112,
					"seconds":	1,
					"bytes":	25819288,
					"bits_per_second":	206554304,
					"omitted":	false,
					"sender":	false
				}],
			"sum":	{
				"start":	3.000112,
				"end":	4.000112,
				"seconds":	1,
				"bytes":	25819288,
				"bits_per_second":	206554304,
				"omitted":	false,
				"sender":	false
			}
		}, {
			"streams":	[{
					"socket":	5,
					"start":	4.000112,
					"end":	5.000108,
					"seconds":	0.9999960064888,
					"bytes":	25797568,
					"bits_per_second":	206381368.18630531,
					"omitted":	false,
					"sender":	false
				}],
			"sum":	{
				"start":	4.000112,
				"end":	5.000108,
				"seconds":	0.9999960064888,
				"bytes":	25797568,
				"bits_per_second":	206381368.18630531,
				"omitted":	false,
				"sender":	false
			}
		}, {
			"streams":	[{
					"socket":	5,
					"start":	5.000108,
					"end":	6.00022,
					"seconds":	1.0001120567321777,
					"bytes":	25799016,
					"bits_per_second":	206369002.9639051,
					"omitted":	false,
					"sender":	false
				}],
			"sum":	{
				"start":	5.000108,
				"end":	6.00022,
				"seconds":	1.0001120567321777,
				"bytes":	25799016,
				"bits_per_second":	206369002.9639051,
				"omitted":	false,
				"sender":	false
			}
		}, {
			"streams":	[{
					"socket":	5,
					"start":	6.00022,
					"end":	7.000092,
					"seconds":	0.99987202882766724,
					"bytes":	25822184,
					"bits_per_second":	206603911.34474331,
					"omitted":	false,
					"sender":	false
				}],
			"sum":	{
				"start":	6.00022,
				"end":	7.000092,
				"seconds":	0.99987202882766724,
				"bytes":	25822184,
				"bits_per_second":	206603911.34474331,
				"omitted":	false,
				"sender":	false
			}
		}, {
			"streams":	[{
					"socket":	5,
					"start":	7.000092,
					"end":	8.000202,
					"seconds":	1.0001100301742554,
					"bytes":	25774400,
					"bits_per_second":	206172514.80226964,
					"omitted":	false,
					"sender":	false
				}],
			"sum":	{
				"start":	7.000092,
				"end":	8.000202,
				"seconds":	1.0001100301742554,
				"bytes":	25774400,
				"bits_per_second":	206172514.80226964,
				"omitted":	false,
				"sender":	false
			}
		}, {
			"streams":	[{
					"socket":	5,
					"start":	8.000202,
					"end":	9.000116,
					"seconds":	0.999913990497589,
					"bytes":	25822184,
					"bits_per_second":	206595241.1538921,
					"omitted":	false,
					"sender":	false
				}],
			"sum":	{
				"start":	8.000202,
				"end":	9.000116,
				"seconds":	0.999913990497589,
				"bytes":	25822184,
				"bits_per_second":	206595241.1538921,
				"omitted":	false,
				"sender":	false
			}
		}, {
			"streams":	[{
					"socket":	5,
					"start":	9.000116,
					"end":	10.000141,
					"seconds":	1.0000250339508057,
					"bytes":	25816392,
					"bits_per_second":	206525965.83913109,
					"omitted":	false,
					"sender":	false
				}],
			"sum":	{
				"start":	9.000116,
				"end":	10.000141,
				"seconds":	1.0000250339508057,
				"bytes":	25816392,
				"bits_per_second":	206525965.83913109,
				"omitted":	false,
				"sender":	false
			}
		}],
	"end":	{
		"streams":	[{
				"sender":	{
					"socket":	5,
					"start":	0,
					"end":	10.043018999975175,
					"seconds":	10.043018999975175,
					"bytes":	257399376,
					"bits_per_second":	205037450.1935215,
					"retransmits":	70,
					"max_snd_cwnd":	0,
					"max_rtt":	0,
					"min_rtt":	0,
					"mean_rtt":	0,
					"sender":	false
				},
				"receiver":	{
					"socket":	5,
					"start":	0,
					"end":	10.000141,
					"seconds":	10.000141,
					"bytes":	256678272,
					"bits_per_second":	205339722.30991545,
					"sender":	false
				}
			}],
		"sum_sent":	{
			"start":	0,
			"end":	10.043018999975175,
			"seconds":	10.043018999975175,
			"bytes":	257399376,
			"bits_per_second":	205037450.1935215,
			"retransmits":	70,
			"sender":	false
		},
		"sum_received":	{
			"start":	0,
			"end":	10.000141,
			"seconds":	10.000141,
			"bytes":	256678272,
			"bits_per_second":	205339722.30991545,
			"sender":	false
		},
		"cpu_utilization_percent":	{
			"host_total":	3.3866828637623865,
			"host_user":	1.3146053259399939,
			"host_system":	2.072018154629677,
			"remote_total":	0.045375132856536673,
			"remote_user":	0.0072314155093051924,
			"remote_system":	0.0381446500419736
		},
		"sender_tcp_congestion":	"cubic",
		"receiver_tcp_congestion":	"cubic"
	}
}
