{
	"start":	{
		"connected":	[{
				"socket":	5,
				"local_host":	"172.26.184.25",
				"local_port":	34780,
				"remote_host":	"195.148.124.36",
				"remote_port":	5202
			}],
		"version":	"iperf 3.9",
		"system_info":	"Linux A-Tower 5.15.90.1-microsoft-standard-WSL2 #1 SMP Fri Jan 27 02:56:13 UTC 2023 x86_64",
		"timestamp":	{
			"time":	"Mon, 02 Oct 2023 10:59:01 GMT",
			"timesecs":	1696244341
		},
		"connecting_to":	{
			"host":	"ok1.iperf.comnet-student.eu",
			"port":	5202
		},
		"cookie":	"jjfzgxblapho6kh2hujhcqdsuyovhujsir4j",
		"tcp_mss_default":	1448,
		"sock_bufsize":	0,
		"sndbuf_actual":	16384,
		"rcvbuf_actual":	131072,
		"test_start":	{
			"protocol":	"TCP",
			"num_streams":	1,
			"blksize":	131072,
			"omit":	0,
			"duration":	10,
			"bytes":	0,
			"blocks":	0,
			"reverse":	1,
			"tos":	0
		}
	},
	"intervals":	[{
			"streams":	[{
					"socket":	5,
					"start":	0,
					"end":	1.000036,
					"seconds":	1.0000360012054443,
					"bytes":	15470432,
					"bits_per_second":	123759000.52679645,
					"omitted":	false,
					"sender":	false
				}],
			"sum":	{
				"start":	0,
				"end":	1.000036,
				"seconds":	1.0000360012054443,
				"bytes":	15470432,
				"bits_per_second":	123759000.52679645,
				"omitted":	false,
				"sender":	false
			}
		}, {
			"streams":	[{
					"socket":	5,
					"start":	1.000036,
					"end":	2.000222,
					"seconds":	1.0001859664916992,
					"bytes":	23619776,
					"bits_per_second":	188923074.63860843,
					"omitted":	false,
					"sender":	false
				}],
			"sum":	{
				"start":	1.000036,
				"end":	2.000222,
				"seconds":	1.0001859664916992,
				"bytes":	23619776,
				"bits_per_second":	188923074.63860843,
				"omitted":	false,
				"sender":	false
			}
		}, {
			"streams":	[{
					"socket":	5,
					"start":	2.000222,
					"end":	3.000091,
					"seconds":	0.99986898899078369,
					"bytes":	21922720,
					"bits_per_second":	175404739.95200244,
					"omitted":	false,
					"sender":	false
				}],
			"sum":	{
				"start":	2.000222,
				"end":	3.000091,
				"seconds":	0.99986898899078369,
				"bytes":	21922720,
				"bits_per_second":	175404739.95200244,
				"omitted":	false,
				"sender":	false
			}
		}, {
			"streams":	[{
					"socket":	5,
					"start":	3.000091,
					"end":	4.000149,
					"seconds":	1.0000580549240112,
					"bytes":	22493232,
					"bits_per_second":	179935409.86345345,
					"omitted":	false,
					"sender":	false
				}],
			"sum":	{
				"start":	3.000091,
				"end":	4.000149,
				"seconds":	1.0000580549240112,
				"bytes":	22493232,
				"bits_per_second":	179935409.86345345,
				"omitted":	false,
				"sender":	false
			}
		}, {
			"streams":	[{
					"socket":	5,
					"start":	4.000149,
					"end":	5.000173,
					"seconds":	1.0000239610672,
					"bytes":	23415608,
					"bits_per_second":	187320375.60389227,
					"omitted":	false,
					"sender":	false
				}],
			"sum":	{
				"start":	4.000149,
				"end":	5.000173,
				"seconds":	1.0000239610672,
				"bytes":	23415608,
				"bits_per_second":	187320375.60389227,
				"omitted":	false,
				"sender":	false
			}
		}, {
			"streams":	[{
					"socket":	5,
					"start":	5.000173,
					"end":	6.000138,
					"seconds":	0.999965012073517,
					"bytes":	23060848,
					"bits_per_second":	184493239.035884,
					"omitted":	false,
					"sender":	false
				}],
			"sum":	{
				"start":	5.000173,
				"end":	6.000138,
				"seconds":	0.999965012073517,
				"bytes":	23060848,
				"bits_per_second":	184493239.035884,
				"omitted":	false,
				"sender":	false
			}
		}, {
			"streams":	[{
					"socket":	5,
					"start":	6.000138,
					"end":	7.000177,
					"seconds":	1.0000389814376831,
					"bytes":	24613104,
					"bits_per_second":	196897156.66575745,
					"omitted":	false,
					"sender":	false
				}],
			"sum":	{
				"start":	6.000138,
				"end":	7.000177,
				"seconds":	1.0000389814376831,
				"bytes":	24613104,
				"bits_per_second":	196897156.66575745,
				"omitted":	false,
				"sender":	false
			}
		}, {
			"streams":	[{
					"socket":	5,
					"start":	7.000177,
					"end":	8.000291,
					"seconds":	1.0001139640808105,
					"bytes":	24543600,
					"bits_per_second":	196326425.83934039,
					"omitted":	false,
					"sender":	false
				}],
			"sum":	{
				"start":	7.000177,
				"end":	8.000291,
				"seconds":	1.0001139640808105,
				"bytes":	24543600,
				"bits_per_second":	196326425.83934039,
				"omitted":	false,
				"sender":	false
			}
		}, {
			"streams":	[{
					"socket":	5,
					"start":	8.000291,
					"end":	9.000129,
					"seconds":	0.99983799457550049,
					"bytes":	24339432,
					"bits_per_second":	194747006.0713886,
					"omitted":	false,
					"sender":	false
				}],
			"sum":	{
				"start":	8.000291,
				"end":	9.000129,
				"seconds":	0.99983799457550049,
				"bytes":	24339432,
				"bits_per_second":	194747006.0713886,
				"omitted":	false,
				"sender":	false
			}
		}, {
			"streams":	[{
					"socket":	5,
					"start":	9.000129,
					"end":	10.000233,
					"seconds":	1.0001039505004883,
					"bytes":	25883000,
					"bits_per_second":	207042477.83080715,
					"omitted":	false,
					"sender":	false
				}],
			"sum":	{
				"start":	9.000129,
				"end":	10.000233,
				"seconds":	1.0001039505004883,
				"bytes":	25883000,
				"bits_per_second":	207042477.83080715,
				"omitted":	false,
				"sender":	false
			}
		}],
	"end":	{
		"streams":	[{
				"sender":	{
					"socket":	5,
					"start":	0,
					"end":	10.0043730000034,
					"seconds":	10.0043730000034,
					"bytes":	230081408,
					"bits_per_second":	183984669.90378857,
					"retransmits":	544,
					"max_snd_cwnd":	0,
					"max_rtt":	0,
					"min_rtt":	0,
					"mean_rtt":	0,
					"sender":	false
				},
				"receiver":	{
					"socket":	5,
					"start":	0,
					"end":	10.000233,
					"seconds":	10.000233,
					"bytes":	229361752,
					"bits_per_second":	183485126.396555,
					"sender":	false
				}
			}],
		"sum_sent":	{
			"start":	0,
			"end":	10.0043730000034,
			"seconds":	10.0043730000034,
			"bytes":	230081408,
			"bits_per_second":	183984669.90378857,
			"retransmits":	544,
			"sender":	false
		},
		"sum_received":	{
			"start":	0,
			"end":	10.000233,
			"seconds":	10.000233,
			"bytes":	229361752,
			"bits_per_second":	183485126.396555,
			"sender":	false
		},
		"cpu_utilization_percent":	{
			"host_total":	3.03126954519541,
			"host_user":	0.39910745419653876,
			"host_system":	2.6320434855147123,
			"remote_total":	0.059779945200991863,
			"remote_user":	0.01574863097998324,
			"remote_system":	0.044035607194725157
		},
		"sender_tcp_congestion":	"cubic",
		"receiver_tcp_congestion":	"cubic"
	}
}
