{
	"start":	{
		"connected":	[{
				"socket":	5,
				"local_host":	"172.26.184.25",
				"local_port":	42110,
				"remote_host":	"195.148.124.36",
				"remote_port":	5201
			}],
		"version":	"iperf 3.9",
		"system_info":	"Linux A-Tower 5.15.90.1-microsoft-standard-WSL2 #1 SMP Fri Jan 27 02:56:13 UTC 2023 x86_64",
		"timestamp":	{
			"time":	"Sun, 01 Oct 2023 12:59:33 GMT",
			"timesecs":	1696165173
		},
		"connecting_to":	{
			"host":	"ok1.iperf.comnet-student.eu",
			"port":	5201
		},
		"cookie":	"mz6nigmwju7aqprijkphtlp62jpgop3zkndm",
		"tcp_mss_default":	1448,
		"sock_bufsize":	0,
		"sndbuf_actual":	16384,
		"rcvbuf_actual":	131072,
		"test_start":	{
			"protocol":	"TCP",
			"num_streams":	1,
			"blksize":	131072,
			"omit":	0,
			"duration":	10,
			"bytes":	0,
			"blocks":	0,
			"reverse":	1,
			"tos":	0
		}
	},
	"intervals":	[{
			"streams":	[{
					"socket":	5,
					"start":	0,
					"end":	1.000152,
					"seconds":	1.0001519918441772,
					"bytes":	24274272,
					"bits_per_second":	194164664.5545603,
					"omitted":	false,
					"sender":	false
				}],
			"sum":	{
				"start":	0,
				"end":	1.000152,
				"seconds":	1.0001519918441772,
				"bytes":	24274272,
				"bits_per_second":	194164664.5545603,
				"omitted":	false,
				"sender":	false
			}
		}, {
			"streams":	[{
					"socket":	5,
					"start":	1.000152,
					"end":	2.000107,
					"seconds":	0.99995499849319458,
					"bytes":	26113232,
					"bits_per_second":	208915257.5013822,
					"omitted":	false,
					"sender":	false
				}],
			"sum":	{
				"start":	1.000152,
				"end":	2.000107,
				"seconds":	0.99995499849319458,
				"bytes":	26113232,
				"bits_per_second":	208915257.5013822,
				"omitted":	false,
				"sender":	false
			}
		}, {
			"streams":	[{
					"socket":	5,
					"start":	2.000107,
					"end":	3.000121,
					"seconds":	1.0000139474868774,
					"bytes":	25796120,
					"bits_per_second":	206366081.71178338,
					"omitted":	false,
					"sender":	false
				}],
			"sum":	{
				"start":	2.000107,
				"end":	3.000121,
				"seconds":	1.0000139474868774,
				"bytes":	25796120,
				"bits_per_second":	206366081.71178338,
				"omitted":	false,
				"sender":	false
			}
		}, {
			"streams":	[{
					"socket":	5,
					"start":	3.000121,
					"end":	4.000109,
					"seconds":	0.9999880194664,
					"bytes":	24776728,
					"bits_per_second":	198216198.735829,
					"omitted":	false,
					"sender":	false
				}],
			"sum":	{
				"start":	3.000121,
				"end":	4.000109,
				"seconds":	0.9999880194664,
				"bytes":	24776728,
				"bits_per_second":	198216198.735829,
				"omitted":	false,
				"sender":	false
			}
		}, {
			"streams":	[{
					"socket":	5,
					"start":	4.000109,
					"end":	5.000093,
					"seconds":	0.9999840259552002,
					"bytes":	25474664,
					"bits_per_second":	203800567.51939577,
					"omitted":	false,
					"sender":	false
				}],
			"sum":	{
				"start":	4.000109,
				"end":	5.000093,
				"seconds":	0.9999840259552002,
				"bytes":	25474664,
				"bits_per_second":	203800567.51939577,
				"omitted":	false,
				"sender":	false
			}
		}, {
			"streams":	[{
					"socket":	5,
					"start":	5.000093,
					"end":	6.00006,
					"seconds":	0.99996697902679443,
					"bytes":	26007528,
					"bits_per_second":	208067094.577955,
					"omitted":	false,
					"sender":	false
				}],
			"sum":	{
				"start":	5.000093,
				"end":	6.00006,
				"seconds":	0.99996697902679443,
				"bytes":	26007528,
				"bits_per_second":	208067094.577955,
				"omitted":	false,
				"sender":	false
			}
		}, {
			"streams":	[{
					"socket":	5,
					"start":	6.00006,
					"end":	7.000134,
					"seconds":	1.000074028968811,
					"bytes":	25767160,
					"bits_per_second":	206122020.99933618,
					"omitted":	false,
					"sender":	false
				}],
			"sum":	{
				"start":	6.00006,
				"end":	7.000134,
				"seconds":	1.000074028968811,
				"bytes":	25767160,
				"bits_per_second":	206122020.99933618,
				"omitted":	false,
				"sender":	false
			}
		}, {
			"streams":	[{
					"socket":	5,
					"start":	7.000134,
					"end":	8.000027,
					"seconds":	0.99989300966262817,
					"bytes":	25050400,
					"bits_per_second":	200424643.50022572,
					"omitted":	false,
					"sender":	false
				}],
			"sum":	{
				"start":	7.000134,
				"end":	8.000027,
				"seconds":	0.99989300966262817,
				"bytes":	25050400,
				"bits_per_second":	200424643.50022572,
				"omitted":	false,
				"sender":	false
			}
		}, {
			"streams":	[{
					"socket":	5,
					"start":	8.000027,
					"end":	9.000036,
					"seconds":	1.0000089406967163,
					"bytes":	26192872,
					"bits_per_second":	209541102.55655244,
					"omitted":	false,
					"sender":	false
				}],
			"sum":	{
				"start":	8.000027,
				"end":	9.000036,
				"seconds":	1.0000089406967163,
				"bytes":	26192872,
				"bits_per_second":	209541102.55655244,
				"omitted":	false,
				"sender":	false
			}
		}, {
			"streams":	[{
					"socket":	5,
					"start":	9.000036,
					"end":	10.00012,
					"seconds":	1.0000840425491333,
					"bytes":	25796120,
					"bits_per_second":	206351617.68403205,
					"omitted":	false,
					"sender":	false
				}],
			"sum":	{
				"start":	9.000036,
				"end":	10.00012,
				"seconds":	1.0000840425491333,
				"bytes":	25796120,
				"bits_per_second":	206351617.68403205,
				"omitted":	false,
				"sender":	false
			}
		}],
	"end":	{
		"streams":	[{
				"sender":	{
					"socket":	5,
					"start":	0,
					"end":	10.047619000077248,
					"seconds":	10.047619000077248,
					"bytes":	256073008,
					"bits_per_second":	203887514.443397,
					"retransmits":	226,
					"max_snd_cwnd":	0,
					"max_rtt":	0,
					"min_rtt":	0,
					"mean_rtt":	0,
					"sender":	false
				},
				"receiver":	{
					"socket":	5,
					"start":	0,
					"end":	10.00012,
					"seconds":	10.00012,
					"bytes":	255249096,
					"bits_per_second":	204196826.43808272,
					"sender":	false
				}
			}],
		"sum_sent":	{
			"start":	0,
			"end":	10.047619000077248,
			"seconds":	10.047619000077248,
			"bytes":	256073008,
			"bits_per_second":	203887514.443397,
			"retransmits":	226,
			"sender":	false
		},
		"sum_received":	{
			"start":	0,
			"end":	10.00012,
			"seconds":	10.00012,
			"bytes":	255249096,
			"bits_per_second":	204196826.43808272,
			"sender":	false
		},
		"cpu_utilization_percent":	{
			"host_total":	3.5325916695610844,
			"host_user":	0.692076765793498,
			"host_system":	2.84050500550294,
			"remote_total":	0.061243418065887456,
			"remote_user":	0.00991310571401519,
			"remote_system":	0.05133031235187227
		},
		"sender_tcp_congestion":	"cubic",
		"receiver_tcp_congestion":	"cubic"
	}
}
