{
	"start":	{
		"connected":	[{
				"socket":	5,
				"local_host":	"172.26.184.25",
				"local_port":	49420,
				"remote_host":	"195.148.124.36",
				"remote_port":	5201
			}],
		"version":	"iperf 3.9",
		"system_info":	"Linux A-Tower 5.15.90.1-microsoft-standard-WSL2 #1 SMP Fri Jan 27 02:56:13 UTC 2023 x86_64",
		"timestamp":	{
			"time":	"Sun, 01 Oct 2023 21:59:12 GMT",
			"timesecs":	1696197552
		},
		"connecting_to":	{
			"host":	"ok1.iperf.comnet-student.eu",
			"port":	5201
		},
		"cookie":	"jqzkz2wvubpe7tqpx4fqtlqutzcm54fqbt5n",
		"tcp_mss_default":	1448,
		"sock_bufsize":	0,
		"sndbuf_actual":	16384,
		"rcvbuf_actual":	131072,
		"test_start":	{
			"protocol":	"TCP",
			"num_streams":	1,
			"blksize":	131072,
			"omit":	0,
			"duration":	10,
			"bytes":	0,
			"blocks":	0,
			"reverse":	1,
			"tos":	0
		}
	},
	"intervals":	[{
			"streams":	[{
					"socket":	5,
					"start":	0,
					"end":	1.000115,
					"seconds":	1.0001150369644165,
					"bytes":	24154088,
					"bits_per_second":	193210477.65315732,
					"omitted":	false,
					"sender":	false
				}],
			"sum":	{
				"start":	0,
				"end":	1.000115,
				"seconds":	1.0001150369644165,
				"bytes":	24154088,
				"bits_per_second":	193210477.65315732,
				"omitted":	false,
				"sender":	false
			}
		}, {
			"streams":	[{
					"socket":	5,
					"start":	1.000115,
					"end":	2.000105,
					"seconds":	0.99998998641967773,
					"bytes":	25838112,
					"bits_per_second":	206706965.876806,
					"omitted":	false,
					"sender":	false
				}],
			"sum":	{
				"start":	1.000115,
				"end":	2.000105,
				"seconds":	0.99998998641967773,
				"bytes":	25838112,
				"bits_per_second":	206706965.876806,
				"omitted":	false,
				"sender":	false
			}
		}, {
			"streams":	[{
					"socket":	5,
					"start":	2.000105,
					"end":	3.000175,
					"seconds":	1.0000699758529663,
					"bytes":	25806256,
					"bits_per_second":	206435602.492633,
					"omitted":	false,
					"sender":	false
				}],
			"sum":	{
				"start":	2.000105,
				"end":	3.000175,
				"seconds":	1.0000699758529663,
				"bytes":	25806256,
				"bits_per_second":	206435602.492633,
				"omitted":	false,
				"sender":	false
			}
		}, {
			"streams":	[{
					"socket":	5,
					"start":	3.000175,
					"end":	4.000103,
					"seconds":	0.99992799758911133,
					"bytes":	25409504,
					"bits_per_second":	203290669.4183093,
					"omitted":	false,
					"sender":	false
				}],
			"sum":	{
				"start":	3.000175,
				"end":	4.000103,
				"seconds":	0.99992799758911133,
				"bytes":	25409504,
				"bits_per_second":	203290669.4183093,
				"omitted":	false,
				"sender":	false
			}
		}, {
			"streams":	[{
					"socket":	5,
					"start":	4.000103,
					"end":	5.000203,
					"seconds":	1.0001000165939331,
					"bytes":	25001168,
					"bits_per_second":	199989341.74721551,
					"omitted":	false,
					"sender":	false
				}],
			"sum":	{
				"start":	4.000103,
				"end":	5.000203,
				"seconds":	1.0001000165939331,
				"bytes":	25001168,
				"bits_per_second":	199989341.74721551,
				"omitted":	false,
				"sender":	false
			}
		}, {
			"streams":	[{
					"socket":	5,
					"start":	5.000203,
					"end":	6.000265,
					"seconds":	1.0000619888305664,
					"bytes":	25813496,
					"bits_per_second":	206495167.60604247,
					"omitted":	false,
					"sender":	false
				}],
			"sum":	{
				"start":	5.000203,
				"end":	6.000265,
				"seconds":	1.0000619888305664,
				"bytes":	25813496,
				"bits_per_second":	206495167.60604247,
				"omitted":	false,
				"sender":	false
			}
		}, {
			"streams":	[{
					"socket":	5,
					"start":	6.000265,
					"end":	7.000085,
					"seconds":	0.99981999397277832,
					"bytes":	25768608,
					"bits_per_second":	206185978.718898,
					"omitted":	false,
					"sender":	false
				}],
			"sum":	{
				"start":	6.000265,
				"end":	7.000085,
				"seconds":	0.99981999397277832,
				"bytes":	25768608,
				"bits_per_second":	206185978.718898,
				"omitted":	false,
				"sender":	false
			}
		}, {
			"streams":	[{
					"socket":	5,
					"start":	7.000085,
					"end":	8.000082,
					"seconds":	0.99999701976776123,
					"bytes":	25477560,
					"bits_per_second":	203821087.4341757,
					"omitted":	false,
					"sender":	false
				}],
			"sum":	{
				"start":	7.000085,
				"end":	8.000082,
				"seconds":	0.99999701976776123,
				"bytes":	25477560,
				"bits_per_second":	203821087.4341757,
				"omitted":	false,
				"sender":	false
			}
		}, {
			"streams":	[{
					"socket":	5,
					"start":	8.000082,
					"end":	9.00011,
					"seconds":	1.0000280141830444,
					"bytes":	25011304,
					"bits_per_second":	200084826.787038,
					"omitted":	false,
					"sender":	false
				}],
			"sum":	{
				"start":	8.000082,
				"end":	9.00011,
				"seconds":	1.0000280141830444,
				"bytes":	25011304,
				"bits_per_second":	200084826.787038,
				"omitted":	false,
				"sender":	false
			}
		}, {
			"streams":	[{
					"socket":	5,
					"start":	9.00011,
					"end":	10.000136,
					"seconds":	1.0000259876251221,
					"bytes":	25816392,
					"bits_per_second":	206525768.88574016,
					"omitted":	false,
					"sender":	false
				}],
			"sum":	{
				"start":	9.00011,
				"end":	10.000136,
				"seconds":	1.0000259876251221,
				"bytes":	25816392,
				"bits_per_second":	206525768.88574016,
				"omitted":	false,
				"sender":	false
			}
		}],
	"end":	{
		"streams":	[{
				"sender":	{
					"socket":	5,
					"start":	0,
					"end":	10.005112999933772,
					"seconds":	10.005112999933772,
					"bytes":	255165112,
					"bits_per_second":	204027770.20244673,
					"retransmits":	144,
					"max_snd_cwnd":	0,
					"max_rtt":	0,
					"min_rtt":	0,
					"mean_rtt":	0,
					"sender":	false
				},
				"receiver":	{
					"socket":	5,
					"start":	0,
					"end":	10.000136,
					"seconds":	10.000136,
					"bytes":	254096488,
					"bits_per_second":	203274425.86780822,
					"sender":	false
				}
			}],
		"sum_sent":	{
			"start":	0,
			"end":	10.005112999933772,
			"seconds":	10.005112999933772,
			"bytes":	255165112,
			"bits_per_second":	204027770.20244673,
			"retransmits":	144,
			"sender":	false
		},
		"sum_received":	{
			"start":	0,
			"end":	10.000136,
			"seconds":	10.000136,
			"bytes":	254096488,
			"bits_per_second":	203274425.86780822,
			"sender":	false
		},
		"cpu_utilization_percent":	{
			"host_total":	2.9623739778838916,
			"host_user":	0.88264048987020538,
			"host_system":	2.0796940421569707,
			"remote_total":	1.6263051928440693,
			"remote_user":	0.25356340974001479,
			"remote_system":	1.37275117990993
		},
		"sender_tcp_congestion":	"cubic",
		"receiver_tcp_congestion":	"cubic"
	}
}
