{
	"start":	{
		"connected":	[{
				"socket":	5,
				"local_host":	"172.26.184.25",
				"local_port":	41696,
				"remote_host":	"195.148.124.36",
				"remote_port":	5201
			}],
		"version":	"iperf 3.9",
		"system_info":	"Linux A-Tower 5.15.90.1-microsoft-standard-WSL2 #1 SMP Fri Jan 27 02:56:13 UTC 2023 x86_64",
		"timestamp":	{
			"time":	"Mon, 02 Oct 2023 05:59:12 GMT",
			"timesecs":	1696226352
		},
		"connecting_to":	{
			"host":	"ok1.iperf.comnet-student.eu",
			"port":	5201
		},
		"cookie":	"p77rfnzk26e53ptb6pbu26656qthvbdixd2v",
		"tcp_mss_default":	1448,
		"sock_bufsize":	0,
		"sndbuf_actual":	16384,
		"rcvbuf_actual":	131072,
		"test_start":	{
			"protocol":	"TCP",
			"num_streams":	1,
			"blksize":	131072,
			"omit":	0,
			"duration":	10,
			"bytes":	0,
			"blocks":	0,
			"reverse":	1,
			"tos":	0
		}
	},
	"intervals":	[{
			"streams":	[{
					"socket":	5,
					"start":	0,
					"end":	1.000218,
					"seconds":	1.0002180337905884,
					"bytes":	17775648,
					"bits_per_second":	142174185.22347191,
					"omitted":	false,
					"sender":	false
				}],
			"sum":	{
				"start":	0,
				"end":	1.000218,
				"seconds":	1.0002180337905884,
				"bytes":	17775648,
				"bits_per_second":	142174185.22347191,
				"omitted":	false,
				"sender":	false
			}
		}, {
			"streams":	[{
					"socket":	5,
					"start":	1.000218,
					"end":	2.000124,
					"seconds":	0.99990600347518921,
					"bytes":	26331880,
					"bits_per_second":	210674842.70307916,
					"omitted":	false,
					"sender":	false
				}],
			"sum":	{
				"start":	1.000218,
				"end":	2.000124,
				"seconds":	0.99990600347518921,
				"bytes":	26331880,
				"bits_per_second":	210674842.70307916,
				"omitted":	false,
				"sender":	false
			}
		}, {
			"streams":	[{
					"socket":	5,
					"start":	2.000124,
					"end":	3.000128,
					"seconds":	1.0000040531158447,
					"bytes":	25797568,
					"bits_per_second":	206379707.51913741,
					"omitted":	false,
					"sender":	false
				}],
			"sum":	{
				"start":	2.000124,
				"end":	3.000128,
				"seconds":	1.0000040531158447,
				"bytes":	25797568,
				"bits_per_second":	206379707.51913741,
				"omitted":	false,
				"sender":	false
			}
		}, {
			"streams":	[{
					"socket":	5,
					"start":	3.000128,
					"end":	4.000209,
					"seconds":	1.000080943107605,
					"bytes":	25790328,
					"bits_per_second":	206305924.95731664,
					"omitted":	false,
					"sender":	false
				}],
			"sum":	{
				"start":	3.000128,
				"end":	4.000209,
				"seconds":	1.000080943107605,
				"bytes":	25790328,
				"bits_per_second":	206305924.95731664,
				"omitted":	false,
				"sender":	false
			}
		}, {
			"streams":	[{
					"socket":	5,
					"start":	4.000209,
					"end":	5.000177,
					"seconds":	0.99996799230575562,
					"bytes":	25112664,
					"bits_per_second":	200907742.59359628,
					"omitted":	false,
					"sender":	false
				}],
			"sum":	{
				"start":	4.000209,
				"end":	5.000177,
				"seconds":	0.99996799230575562,
				"bytes":	25112664,
				"bits_per_second":	200907742.59359628,
				"omitted":	false,
				"sender":	false
			}
		}, {
			"streams":	[{
					"socket":	5,
					"start":	5.000177,
					"end":	6.000114,
					"seconds":	0.99993699789047241,
					"bytes":	25800464,
					"bits_per_second":	206416716.68859315,
					"omitted":	false,
					"sender":	false
				}],
			"sum":	{
				"start":	5.000177,
				"end":	6.000114,
				"seconds":	0.99993699789047241,
				"bytes":	25800464,
				"bits_per_second":	206416716.68859315,
				"omitted":	false,
				"sender":	false
			}
		}, {
			"streams":	[{
					"socket":	5,
					"start":	6.000114,
					"end":	7.000063,
					"seconds":	0.99994897842407227,
					"bytes":	25843904,
					"bits_per_second":	206761781.31192416,
					"omitted":	false,
					"sender":	false
				}],
			"sum":	{
				"start":	6.000114,
				"end":	7.000063,
				"seconds":	0.99994897842407227,
				"bytes":	25843904,
				"bits_per_second":	206761781.31192416,
				"omitted":	false,
				"sender":	false
			}
		}, {
			"streams":	[{
					"socket":	5,
					"start":	7.000063,
					"end":	8.000117,
					"seconds":	1.0000540018081665,
					"bytes":	25799016,
					"bits_per_second":	206380983.05374393,
					"omitted":	false,
					"sender":	false
				}],
			"sum":	{
				"start":	7.000063,
				"end":	8.000117,
				"seconds":	1.0000540018081665,
				"bytes":	25799016,
				"bits_per_second":	206380983.05374393,
				"omitted":	false,
				"sender":	false
			}
		}, {
			"streams":	[{
					"socket":	5,
					"start":	8.000117,
					"end":	9.00023,
					"seconds":	1.0001130104064941,
					"bytes":	25787432,
					"bits_per_second":	206276144.64904317,
					"omitted":	false,
					"sender":	false
				}],
			"sum":	{
				"start":	8.000117,
				"end":	9.00023,
				"seconds":	1.0001130104064941,
				"bytes":	25787432,
				"bits_per_second":	206276144.64904317,
				"omitted":	false,
				"sender":	false
			}
		}, {
			"streams":	[{
					"socket":	5,
					"start":	9.00023,
					"end":	10.000085,
					"seconds":	0.99985498189926147,
					"bytes":	25680280,
					"bits_per_second":	205472037.16458449,
					"omitted":	false,
					"sender":	false
				}],
			"sum":	{
				"start":	9.00023,
				"end":	10.000085,
				"seconds":	0.99985498189926147,
				"bytes":	25680280,
				"bits_per_second":	205472037.16458449,
				"omitted":	false,
				"sender":	false
			}
		}],
	"end":	{
		"streams":	[{
				"sender":	{
					"socket":	5,
					"start":	0,
					"end":	10.039859000011347,
					"seconds":	10.039859000011347,
					"bytes":	250425808,
					"bits_per_second":	199545278.87271482,
					"retransmits":	107,
					"max_snd_cwnd":	0,
					"max_rtt":	0,
					"min_rtt":	0,
					"mean_rtt":	0,
					"sender":	false
				},
				"receiver":	{
					"socket":	5,
					"start":	0,
					"end":	10.000085,
					"seconds":	10.000085,
					"bytes":	249719184,
					"bits_per_second":	199773649.12398243,
					"sender":	false
				}
			}],
		"sum_sent":	{
			"start":	0,
			"end":	10.039859000011347,
			"seconds":	10.039859000011347,
			"bytes":	250425808,
			"bits_per_second":	199545278.87271482,
			"retransmits":	107,
			"sender":	false
		},
		"sum_received":	{
			"start":	0,
			"end":	10.000085,
			"seconds":	10.000085,
			"bytes":	249719184,
			"bits_per_second":	199773649.12398243,
			"sender":	false
		},
		"cpu_utilization_percent":	{
			"host_total":	2.9578665914957192,
			"host_user":	0.34521756189181363,
			"host_system":	2.6125797445837424,
			"remote_total":	0.067274731816674552,
			"remote_user":	0.012338260921093086,
			"remote_system":	0.0549393623648778
		},
		"sender_tcp_congestion":	"cubic",
		"receiver_tcp_congestion":	"cubic"
	}
}
