{
	"start":	{
		"connected":	[{
				"socket":	5,
				"local_host":	"172.26.184.25",
				"local_port":	49734,
				"remote_host":	"195.148.124.36",
				"remote_port":	5207
			}],
		"version":	"iperf 3.9",
		"system_info":	"Linux A-Tower 5.15.90.1-microsoft-standard-WSL2 #1 SMP Fri Jan 27 02:56:13 UTC 2023 x86_64",
		"timestamp":	{
			"time":	"Sun, 01 Oct 2023 10:59:12 GMT",
			"timesecs":	1696157952
		},
		"connecting_to":	{
			"host":	"ok1.iperf.comnet-student.eu",
			"port":	5207
		},
		"cookie":	"j5yagaqwvov6snruuygiyteipbp5k6e63w3x",
		"tcp_mss_default":	1448,
		"sock_bufsize":	0,
		"sndbuf_actual":	16384,
		"rcvbuf_actual":	131072,
		"test_start":	{
			"protocol":	"TCP",
			"num_streams":	1,
			"blksize":	131072,
			"omit":	0,
			"duration":	10,
			"bytes":	0,
			"blocks":	0,
			"reverse":	1,
			"tos":	0
		}
	},
	"intervals":	[{
			"streams":	[{
					"socket":	5,
					"start":	0,
					"end":	1.000231,
					"seconds":	1.0002310276031494,
					"bytes":	23896344,
					"bits_per_second":	191126596.480517,
					"omitted":	false,
					"sender":	false
				}],
			"sum":	{
				"start":	0,
				"end":	1.000231,
				"seconds":	1.0002310276031494,
				"bytes":	23896344,
				"bits_per_second":	191126596.480517,
				"omitted":	false,
				"sender":	false
			}
		}, {
			"streams":	[{
					"socket":	5,
					"start":	1.000231,
					"end":	2.000112,
					"seconds":	0.99988102912902832,
					"bytes":	25820736,
					"bits_per_second":	206590466.24770394,
					"omitted":	false,
					"sender":	false
				}],
			"sum":	{
				"start":	1.000231,
				"end":	2.000112,
				"seconds":	0.99988102912902832,
				"bytes":	25820736,
				"bits_per_second":	206590466.24770394,
				"omitted":	false,
				"sender":	false
			}
		}, {
			"streams":	[{
					"socket":	5,
					"start":	2.000112,
					"end":	3.00009,
					"seconds":	0.999978005886078,
					"bytes":	25827976,
					"bits_per_second":	206628352.60752678,
					"omitted":	false,
					"sender":	false
				}],
			"sum":	{
				"start":	2.000112,
				"end":	3.00009,
				"seconds":	0.999978005886078,
				"bytes":	25827976,
				"bits_per_second":	206628352.60752678,
				"omitted":	false,
				"sender":	false
			}
		}, {
			"streams":	[{
					"socket":	5,
					"start":	3.00009,
					"end":	4.000122,
					"seconds":	1.0000319480895996,
					"bytes":	25060536,
					"bits_per_second":	200477883.11462751,
					"omitted":	false,
					"sender":	false
				}],
			"sum":	{
				"start":	3.00009,
				"end":	4.000122,
				"seconds":	1.0000319480895996,
				"bytes":	25060536,
				"bits_per_second":	200477883.11462751,
				"omitted":	false,
				"sender":	false
			}
		}, {
			"streams":	[{
					"socket":	5,
					"start":	4.000122,
					"end":	5.000165,
					"seconds":	1.0000430345535278,
					"bytes":	24361152,
					"bits_per_second":	194880829.390516,
					"omitted":	false,
					"sender":	false
				}],
			"sum":	{
				"start":	4.000122,
				"end":	5.000165,
				"seconds":	1.0000430345535278,
				"bytes":	24361152,
				"bits_per_second":	194880829.390516,
				"omitted":	false,
				"sender":	false
			}
		}, {
			"streams":	[{
					"socket":	5,
					"start":	5.000165,
					"end":	6.000179,
					"seconds":	1.0000139474868774,
					"bytes":	24449480,
					"bits_per_second":	195593111.96763751,
					"omitted":	false,
					"sender":	false
				}],
			"sum":	{
				"start":	5.000165,
				"end":	6.000179,
				"seconds":	1.0000139474868774,
				"bytes":	24449480,
				"bits_per_second":	195593111.96763751,
				"omitted":	false,
				"sender":	false
			}
		}, {
			"streams":	[{
					"socket":	5,
					"start":	6.000179,
					"end":	7.000138,
					"seconds":	0.99995899200439453,
					"bytes":	23697968,
					"bits_per_second":	189591518.76816848,
					"omitted":	false,
					"sender":	false
				}],
			"sum":	{
				"start":	6.000179,
				"end":	7.000138,
				"seconds":	0.99995899200439453,
				"bytes":	23697968,
				"bits_per_second":	189591518.76816848,
				"omitted":	false,
				"sender":	false
			}
		}, {
			"streams":	[{
					"socket":	5,
					"start":	7.000138,
					"end":	8.000116,
					"seconds":	0.999978005886078,
					"bytes":	25923544,
					"bits_per_second":	207392913.42336446,
					"omitted":	false,
					"sender":	false
				}],
			"sum":	{
				"start":	7.000138,
				"end":	8.000116,
				"seconds":	0.999978005886078,
				"bytes":	25923544,
				"bits_per_second":	207392913.42336446,
				"omitted":	false,
				"sender":	false
			}
		}, {
			"streams":	[{
					"socket":	5,
					"start":	8.000116,
					"end":	9.000163,
					"seconds":	1.000046968460083,
					"bytes":	23978880,
					"bits_per_second":	191822030.41462144,
					"omitted":	false,
					"sender":	false
				}],
			"sum":	{
				"start":	8.000116,
				"end":	9.000163,
				"seconds":	1.000046968460083,
				"bytes":	23978880,
				"bits_per_second":	191822030.41462144,
				"omitted":	false,
				"sender":	false
			}
		}, {
			"streams":	[{
					"socket":	5,
					"start":	9.000163,
					"end":	10.000191,
					"seconds":	1.0000280141830444,
					"bytes":	26033592,
					"bits_per_second":	208262901.68495083,
					"omitted":	false,
					"sender":	false
				}],
			"sum":	{
				"start":	9.000163,
				"end":	10.000191,
				"seconds":	1.0000280141830444,
				"bytes":	26033592,
				"bits_per_second":	208262901.68495083,
				"omitted":	false,
				"sender":	false
			}
		}],
	"end":	{
		"streams":	[{
				"sender":	{
					"socket":	5,
					"start":	0,
					"end":	10.044238000060432,
					"seconds":	10.044238000060432,
					"bytes":	250199920,
					"bits_per_second":	199278368.35287628,
					"retransmits":	172,
					"max_snd_cwnd":	0,
					"max_rtt":	0,
					"min_rtt":	0,
					"mean_rtt":	0,
					"sender":	false
				},
				"receiver":	{
					"socket":	5,
					"start":	0,
					"end":	10.000191,
					"seconds":	10.000191,
					"bytes":	249050208,
					"bits_per_second":	199236360.98550519,
					"sender":	false
				}
			}],
		"sum_sent":	{
			"start":	0,
			"end":	10.044238000060432,
			"seconds":	10.044238000060432,
			"bytes":	250199920,
			"bits_per_second":	199278368.35287628,
			"retransmits":	172,
			"sender":	false
		},
		"sum_received":	{
			"start":	0,
			"end":	10.000191,
			"seconds":	10.000191,
			"bytes":	249050208,
			"bits_per_second":	199236360.98550519,
			"sender":	false
		},
		"cpu_utilization_percent":	{
			"host_total":	3.1039765384911915,
			"host_user":	0.716248225090976,
			"host_system":	2.3877283134002156,
			"remote_total":	0.029792356868675419,
			"remote_user":	0.00203037865658176,
			"remote_system":	0.027764493339672215
		},
		"sender_tcp_congestion":	"cubic",
		"receiver_tcp_congestion":	"cubic"
	}
}
