{
	"start":	{
		"connected":	[{
				"socket":	5,
				"local_host":	"172.26.184.25",
				"local_port":	35204,
				"remote_host":	"195.148.124.36",
				"remote_port":	5208
			}],
		"version":	"iperf 3.9",
		"system_info":	"Linux A-Tower 5.15.90.1-microsoft-standard-WSL2 #1 SMP Fri Jan 27 02:56:13 UTC 2023 x86_64",
		"timestamp":	{
			"time":	"Mon, 02 Oct 2023 00:59:12 GMT",
			"timesecs":	1696208352
		},
		"connecting_to":	{
			"host":	"ok1.iperf.comnet-student.eu",
			"port":	5208
		},
		"cookie":	"jzibsput7kb4atz5mmvrm55ciweyqpc4uhed",
		"tcp_mss_default":	1448,
		"sock_bufsize":	0,
		"sndbuf_actual":	16384,
		"rcvbuf_actual":	131072,
		"test_start":	{
			"protocol":	"TCP",
			"num_streams":	1,
			"blksize":	131072,
			"omit":	0,
			"duration":	10,
			"bytes":	0,
			"blocks":	0,
			"reverse":	1,
			"tos":	0
		}
	},
	"intervals":	[{
			"streams":	[{
					"socket":	5,
					"start":	0,
					"end":	1.000214,
					"seconds":	1.0002139806747437,
					"bytes":	24432104,
					"bits_per_second":	195415016.96281525,
					"omitted":	false,
					"sender":	false
				}],
			"sum":	{
				"start":	0,
				"end":	1.000214,
				"seconds":	1.0002139806747437,
				"bytes":	24432104,
				"bits_per_second":	195415016.96281525,
				"omitted":	false,
				"sender":	false
			}
		}, {
			"streams":	[{
					"socket":	5,
					"start":	1.000214,
					"end":	2.000169,
					"seconds":	0.99995499849319458,
					"bytes":	25803360,
					"bits_per_second":	206436169.93870637,
					"omitted":	false,
					"sender":	false
				}],
			"sum":	{
				"start":	1.000214,
				"end":	2.000169,
				"seconds":	0.99995499849319458,
				"bytes":	25803360,
				"bits_per_second":	206436169.93870637,
				"omitted":	false,
				"sender":	false
			}
		}, {
			"streams":	[{
					"socket":	5,
					"start":	2.000169,
					"end":	3.000158,
					"seconds":	0.99998897314071655,
					"bytes":	25324072,
					"bits_per_second":	202594809.98446125,
					"omitted":	false,
					"sender":	false
				}],
			"sum":	{
				"start":	2.000169,
				"end":	3.000158,
				"seconds":	0.99998897314071655,
				"bytes":	25324072,
				"bits_per_second":	202594809.98446125,
				"omitted":	false,
				"sender":	false
			}
		}, {
			"streams":	[{
					"socket":	5,
					"start":	3.000158,
					"end":	4.000197,
					"seconds":	1.0000389814376831,
					"bytes":	26062552,
					"bits_per_second":	208492288.67084178,
					"omitted":	false,
					"sender":	false
				}],
			"sum":	{
				"start":	3.000158,
				"end":	4.000197,
				"seconds":	1.0000389814376831,
				"bytes":	26062552,
				"bits_per_second":	208492288.67084178,
				"omitted":	false,
				"sender":	false
			}
		}, {
			"streams":	[{
					"socket":	5,
					"start":	4.000197,
					"end":	5.000147,
					"seconds":	0.99994999170303345,
					"bytes":	25981464,
					"bits_per_second":	207862106.82996646,
					"omitted":	false,
					"sender":	false
				}],
			"sum":	{
				"start":	4.000197,
				"end":	5.000147,
				"seconds":	0.99994999170303345,
				"bytes":	25981464,
				"bits_per_second":	207862106.82996646,
				"omitted":	false,
				"sender":	false
			}
		}, {
			"streams":	[{
					"socket":	5,
					"start":	5.000147,
					"end":	6.000135,
					"seconds":	0.9999880194664,
					"bytes":	25804808,
					"bits_per_second":	206440937.27258539,
					"omitted":	false,
					"sender":	false
				}],
			"sum":	{
				"start":	5.000147,
				"end":	6.000135,
				"seconds":	0.9999880194664,
				"bytes":	25804808,
				"bits_per_second":	206440937.27258539,
				"omitted":	false,
				"sender":	false
			}
		}, {
			"streams":	[{
					"socket":	5,
					"start":	6.000135,
					"end":	7.000045,
					"seconds":	0.999909996986389,
					"bytes":	25833768,
					"bits_per_second":	206688746.61007434,
					"omitted":	false,
					"sender":	false
				}],
			"sum":	{
				"start":	6.000135,
				"end":	7.000045,
				"seconds":	0.999909996986389,
				"bytes":	25833768,
				"bits_per_second":	206688746.61007434,
				"omitted":	false,
				"sender":	false
			}
		}, {
			"streams":	[{
					"socket":	5,
					"start":	7.000045,
					"end":	8.000037,
					"seconds":	0.9999920129776,
					"bytes":	25796120,
					"bits_per_second":	206370608.28667107,
					"omitted":	false,
					"sender":	false
				}],
			"sum":	{
				"start":	7.000045,
				"end":	8.000037,
				"seconds":	0.9999920129776,
				"bytes":	25796120,
				"bits_per_second":	206370608.28667107,
				"omitted":	false,
				"sender":	false
			}
		}, {
			"streams":	[{
					"socket":	5,
					"start":	8.000037,
					"end":	9.000048,
					"seconds":	1.0000109672546387,
					"bytes":	25754128,
					"bits_per_second":	206030764.40814334,
					"omitted":	false,
					"sender":	false
				}],
			"sum":	{
				"start":	8.000037,
				"end":	9.000048,
				"seconds":	1.0000109672546387,
				"bytes":	25754128,
				"bits_per_second":	206030764.40814334,
				"omitted":	false,
				"sender":	false
			}
		}, {
			"streams":	[{
					"socket":	5,
					"start":	9.000048,
					"end":	10.000195,
					"seconds":	1.0001469850540161,
					"bytes":	25552856,
					"bits_per_second":	204392805.31247064,
					"omitted":	false,
					"sender":	false
				}],
			"sum":	{
				"start":	9.000048,
				"end":	10.000195,
				"seconds":	1.0001469850540161,
				"bytes":	25552856,
				"bits_per_second":	204392805.31247064,
				"omitted":	false,
				"sender":	false
			}
		}],
	"end":	{
		"streams":	[{
				"sender":	{
					"socket":	5,
					"start":	0,
					"end":	10.041290999972261,
					"seconds":	10.041290999972261,
					"bytes":	257299464,
					"bits_per_second":	204993134.05075964,
					"retransmits":	195,
					"max_snd_cwnd":	0,
					"max_rtt":	0,
					"min_rtt":	0,
					"mean_rtt":	0,
					"sender":	false
				},
				"receiver":	{
					"socket":	5,
					"start":	0,
					"end":	10.000195,
					"seconds":	10.000195,
					"bytes":	256345232,
					"bits_per_second":	205072186.69235951,
					"sender":	false
				}
			}],
		"sum_sent":	{
			"start":	0,
			"end":	10.041290999972261,
			"seconds":	10.041290999972261,
			"bytes":	257299464,
			"bits_per_second":	204993134.05075964,
			"retransmits":	195,
			"sender":	false
		},
		"sum_received":	{
			"start":	0,
			"end":	10.000195,
			"seconds":	10.000195,
			"bytes":	256345232,
			"bits_per_second":	205072186.69235951,
			"sender":	false
		},
		"cpu_utilization_percent":	{
			"host_total":	3.7722887992335781,
			"host_user":	0.86037349221518267,
			"host_system":	2.911895504873506,
			"remote_total":	0.077183575626157949,
			"remote_user":	0.012163806128117027,
			"remote_system":	0.065020186238006941
		},
		"sender_tcp_congestion":	"cubic",
		"receiver_tcp_congestion":	"cubic"
	}
}
