{
	"start":	{
		"connected":	[{
				"socket":	5,
				"local_host":	"172.26.184.25",
				"local_port":	55870,
				"remote_host":	"195.148.124.36",
				"remote_port":	5207
			}],
		"version":	"iperf 3.9",
		"system_info":	"Linux A-Tower 5.15.90.1-microsoft-standard-WSL2 #1 SMP Fri Jan 27 02:56:13 UTC 2023 x86_64",
		"timestamp":	{
			"time":	"Mon, 02 Oct 2023 08:59:12 GMT",
			"timesecs":	1696237152
		},
		"connecting_to":	{
			"host":	"ok1.iperf.comnet-student.eu",
			"port":	5207
		},
		"cookie":	"znols4okvpbqrj5e7orueix74aiz3r7sboon",
		"tcp_mss_default":	1448,
		"sock_bufsize":	0,
		"sndbuf_actual":	16384,
		"rcvbuf_actual":	131072,
		"test_start":	{
			"protocol":	"TCP",
			"num_streams":	1,
			"blksize":	131072,
			"omit":	0,
			"duration":	10,
			"bytes":	0,
			"blocks":	0,
			"reverse":	1,
			"tos":	0
		}
	},
	"intervals":	[{
			"streams":	[{
					"socket":	5,
					"start":	0,
					"end":	1.000188,
					"seconds":	1.0001879930496216,
					"bytes":	24262688,
					"bits_per_second":	194065021.12485385,
					"omitted":	false,
					"sender":	false
				}],
			"sum":	{
				"start":	0,
				"end":	1.000188,
				"seconds":	1.0001879930496216,
				"bytes":	24262688,
				"bits_per_second":	194065021.12485385,
				"omitted":	false,
				"sender":	false
			}
		}, {
			"streams":	[{
					"socket":	5,
					"start":	1.000188,
					"end":	2.000186,
					"seconds":	0.99999797344207764,
					"bytes":	25767160,
					"bits_per_second":	206137697.74998447,
					"omitted":	false,
					"sender":	false
				}],
			"sum":	{
				"start":	1.000188,
				"end":	2.000186,
				"seconds":	0.99999797344207764,
				"bytes":	25767160,
				"bits_per_second":	206137697.74998447,
				"omitted":	false,
				"sender":	false
			}
		}, {
			"streams":	[{
					"socket":	5,
					"start":	2.000186,
					"end":	3.000119,
					"seconds":	0.99993300437927246,
					"bytes":	25771504,
					"bits_per_second":	206185845.54870775,
					"omitted":	false,
					"sender":	false
				}],
			"sum":	{
				"start":	2.000186,
				"end":	3.000119,
				"seconds":	0.99993300437927246,
				"bytes":	25771504,
				"bits_per_second":	206185845.54870775,
				"omitted":	false,
				"sender":	false
			}
		}, {
			"streams":	[{
					"socket":	5,
					"start":	3.000119,
					"end":	4.00024,
					"seconds":	1.000120997428894,
					"bytes":	25799016,
					"bits_per_second":	206367158.10446119,
					"omitted":	false,
					"sender":	false
				}],
			"sum":	{
				"start":	3.000119,
				"end":	4.00024,
				"seconds":	1.000120997428894,
				"bytes":	25799016,
				"bits_per_second":	206367158.10446119,
				"omitted":	false,
				"sender":	false
			}
		}, {
			"streams":	[{
					"socket":	5,
					"start":	4.00024,
					"end":	5.00016,
					"seconds":	0.99992001056671143,
					"bytes":	25830872,
					"bits_per_second":	206663506.8967981,
					"omitted":	false,
					"sender":	false
				}],
			"sum":	{
				"start":	4.00024,
				"end":	5.00016,
				"seconds":	0.99992001056671143,
				"bytes":	25830872,
				"bits_per_second":	206663506.8967981,
				"omitted":	false,
				"sender":	false
			}
		}, {
			"streams":	[{
					"socket":	5,
					"start":	5.00016,
					"end":	6.00012,
					"seconds":	0.99996000528335571,
					"bytes":	25817840,
					"bits_per_second":	206550980.94795561,
					"omitted":	false,
					"sender":	false
				}],
			"sum":	{
				"start":	5.00016,
				"end":	6.00012,
				"seconds":	0.99996000528335571,
				"bytes":	25817840,
				"bits_per_second":	206550980.94795561,
				"omitted":	false,
				"sender":	false
			}
		}, {
			"streams":	[{
					"socket":	5,
					"start":	6.00012,
					"end":	7.000305,
					"seconds":	1.0001850128173828,
					"bytes":	25787432,
					"bits_per_second":	206261295.01669192,
					"omitted":	false,
					"sender":	false
				}],
			"sum":	{
				"start":	6.00012,
				"end":	7.000305,
				"seconds":	1.0001850128173828,
				"bytes":	25787432,
				"bits_per_second":	206261295.01669192,
				"omitted":	false,
				"sender":	false
			}
		}, {
			"streams":	[{
					"socket":	5,
					"start":	7.000305,
					"end":	8.000134,
					"seconds":	0.9998289942741394,
					"bytes":	25812048,
					"bits_per_second":	206531702.10363147,
					"omitted":	false,
					"sender":	false
				}],
			"sum":	{
				"start":	7.000305,
				"end":	8.000134,
				"seconds":	0.9998289942741394,
				"bytes":	25812048,
				"bits_per_second":	206531702.10363147,
				"omitted":	false,
				"sender":	false
			}
		}, {
			"streams":	[{
					"socket":	5,
					"start":	8.000134,
					"end":	9.000208,
					"seconds":	1.000074028968811,
					"bytes":	25801912,
					"bits_per_second":	206400016.41962188,
					"omitted":	false,
					"sender":	false
				}],
			"sum":	{
				"start":	8.000134,
				"end":	9.000208,
				"seconds":	1.000074028968811,
				"bytes":	25801912,
				"bits_per_second":	206400016.41962188,
				"omitted":	false,
				"sender":	false
			}
		}, {
			"streams":	[{
					"socket":	5,
					"start":	9.000208,
					"end":	10.000209,
					"seconds":	1.0000009536743164,
					"bytes":	25797568,
					"bits_per_second":	206380347.18036348,
					"omitted":	false,
					"sender":	false
				}],
			"sum":	{
				"start":	9.000208,
				"end":	10.000209,
				"seconds":	1.0000009536743164,
				"bytes":	25797568,
				"bits_per_second":	206380347.18036348,
				"omitted":	false,
				"sender":	false
			}
		}],
	"end":	{
		"streams":	[{
				"sender":	{
					"socket":	5,
					"start":	0,
					"end":	10.038807000033557,
					"seconds":	10.038807000033557,
					"bytes":	257594856,
					"bits_per_second":	205279257.58440334,
					"retransmits":	88,
					"max_snd_cwnd":	0,
					"max_rtt":	0,
					"min_rtt":	0,
					"mean_rtt":	0,
					"sender":	false
				},
				"receiver":	{
					"socket":	5,
					"start":	0,
					"end":	10.000209,
					"seconds":	10.000209,
					"bytes":	256448040,
					"bits_per_second":	205154144.2783846,
					"sender":	false
				}
			}],
		"sum_sent":	{
			"start":	0,
			"end":	10.038807000033557,
			"seconds":	10.038807000033557,
			"bytes":	257594856,
			"bits_per_second":	205279257.58440334,
			"retransmits":	88,
			"sender":	false
		},
		"sum_received":	{
			"start":	0,
			"end":	10.000209,
			"seconds":	10.000209,
			"bytes":	256448040,
			"bits_per_second":	205154144.2783846,
			"sender":	false
		},
		"cpu_utilization_percent":	{
			"host_total":	3.50190556585264,
			"host_user":	0.22019674011773668,
			"host_system":	3.2817088257349032,
			"remote_total":	1.9203332822617405,
			"remote_user":	0.1801228851297989,
			"remote_system":	1.7402199491754866
		},
		"sender_tcp_congestion":	"cubic",
		"receiver_tcp_congestion":	"cubic"
	}
}
