{
	"start":	{
		"connected":	[{
				"socket":	5,
				"local_host":	"172.26.184.25",
				"local_port":	52006,
				"remote_host":	"188.166.241.168",
				"remote_port":	5206
			}],
		"version":	"iperf 3.9",
		"system_info":	"Linux A-Tower 5.15.90.1-microsoft-standard-WSL2 #1 SMP Fri Jan 27 02:56:13 UTC 2023 x86_64",
		"timestamp":	{
			"time":	"Mon, 02 Oct 2023 03:59:23 GMT",
			"timesecs":	1696219163
		},
		"connecting_to":	{
			"host":	"sgp1.iperf.comnet-student.eu",
			"port":	5206
		},
		"cookie":	"pxwoumx6co63ia6vkvrkrpkxnuoahsmrfjpr",
		"tcp_mss_default":	1448,
		"sock_bufsize":	0,
		"sndbuf_actual":	16384,
		"rcvbuf_actual":	131072,
		"test_start":	{
			"protocol":	"TCP",
			"num_streams":	1,
			"blksize":	131072,
			"omit":	0,
			"duration":	10,
			"bytes":	0,
			"blocks":	0,
			"reverse":	0,
			"tos":	0
		}
	},
	"intervals":	[{
			"streams":	[{
					"socket":	5,
					"start":	0,
					"end":	1.000336,
					"seconds":	1.0003360509872437,
					"bytes":	295392,
					"bits_per_second":	2362342.1325941347,
					"retransmits":	0,
					"snd_cwnd":	57920,
					"rtt":	281654,
					"rttvar":	1390,
					"pmtu":	1500,
					"omitted":	false,
					"sender":	true
				}],
			"sum":	{
				"start":	0,
				"end":	1.000336,
				"seconds":	1.0003360509872437,
				"bytes":	295392,
				"bits_per_second":	2362342.1325941347,
				"retransmits":	0,
				"omitted":	false,
				"sender":	true
			}
		}, {
			"streams":	[{
					"socket":	5,
					"start":	1.000336,
					"end":	2.00013,
					"seconds":	0.99979400634765625,
					"bytes":	3831688,
					"bits_per_second":	30659819.728246022,
					"retransmits":	0,
					"snd_cwnd":	926720,
					"rtt":	279984,
					"rttvar":	1273,
					"pmtu":	1500,
					"omitted":	false,
					"sender":	true
				}],
			"sum":	{
				"start":	1.000336,
				"end":	2.00013,
				"seconds":	0.99979400634765625,
				"bytes":	3831688,
				"bits_per_second":	30659819.728246022,
				"retransmits":	0,
				"omitted":	false,
				"sender":	true
			}
		}, {
			"streams":	[{
					"socket":	5,
					"start":	2.00013,
					"end":	3.000364,
					"seconds":	1.0002340078353882,
					"bytes":	1310720,
					"bits_per_second":	10483306.82406239,
					"retransmits":	514,
					"snd_cwnd":	579200,
					"rtt":	280224,
					"rttvar":	1306,
					"pmtu":	1500,
					"omitted":	false,
					"sender":	true
				}],
			"sum":	{
				"start":	2.00013,
				"end":	3.000364,
				"seconds":	1.0002340078353882,
				"bytes":	1310720,
				"bits_per_second":	10483306.82406239,
				"retransmits":	514,
				"omitted":	false,
				"sender":	true
			}
		}, {
			"streams":	[{
					"socket":	5,
					"start":	3.000364,
					"end":	4.000187,
					"seconds":	0.999822974205017,
					"bytes":	2621440,
					"bits_per_second":	20975233.157324627,
					"retransmits":	223,
					"snd_cwnd":	599472,
					"rtt":	279830,
					"rttvar":	316,
					"pmtu":	1500,
					"omitted":	false,
					"sender":	true
				}],
			"sum":	{
				"start":	3.000364,
				"end":	4.000187,
				"seconds":	0.999822974205017,
				"bytes":	2621440,
				"bits_per_second":	20975233.157324627,
				"retransmits":	223,
				"omitted":	false,
				"sender":	true
			}
		}, {
			"streams":	[{
					"socket":	5,
					"start":	4.000187,
					"end":	5.000247,
					"seconds":	1.000059962272644,
					"bytes":	2621440,
					"bits_per_second":	20970262.575398035,
					"retransmits":	0,
					"snd_cwnd":	724000,
					"rtt":	282069,
					"rttvar":	5938,
					"pmtu":	1500,
					"omitted":	false,
					"sender":	true
				}],
			"sum":	{
				"start":	4.000187,
				"end":	5.000247,
				"seconds":	1.000059962272644,
				"bytes":	2621440,
				"bits_per_second":	20970262.575398035,
				"retransmits":	0,
				"omitted":	false,
				"sender":	true
			}
		}, {
			"streams":	[{
					"socket":	5,
					"start":	5.000247,
					"end":	6.000247,
					"seconds":	1,
					"bytes":	2621440,
					"bits_per_second":	20971520,
					"retransmits":	0,
					"snd_cwnd":	765992,
					"rtt":	279504,
					"rttvar":	942,
					"pmtu":	1500,
					"omitted":	false,
					"sender":	true
				}],
			"sum":	{
				"start":	5.000247,
				"end":	6.000247,
				"seconds":	1,
				"bytes":	2621440,
				"bits_per_second":	20971520,
				"retransmits":	0,
				"omitted":	false,
				"sender":	true
			}
		}, {
			"streams":	[{
					"socket":	5,
					"start":	6.000247,
					"end":	7.000346,
					"seconds":	1.0000989437103271,
					"bytes":	2621440,
					"bits_per_second":	20969445.205287889,
					"retransmits":	0,
					"snd_cwnd":	790608,
					"rtt":	278740,
					"rttvar":	235,
					"pmtu":	1500,
					"omitted":	false,
					"sender":	true
				}],
			"sum":	{
				"start":	6.000247,
				"end":	7.000346,
				"seconds":	1.0000989437103271,
				"bytes":	2621440,
				"bits_per_second":	20969445.205287889,
				"retransmits":	0,
				"omitted":	false,
				"sender":	true
			}
		}, {
			"streams":	[{
					"socket":	5,
					"start":	7.000346,
					"end":	8.000259,
					"seconds":	0.999912977218628,
					"bytes":	2621440,
					"bits_per_second":	20973345.1588304,
					"retransmits":	13,
					"snd_cwnd":	563272,
					"rtt":	278696,
					"rttvar":	355,
					"pmtu":	1500,
					"omitted":	false,
					"sender":	true
				}],
			"sum":	{
				"start":	7.000346,
				"end":	8.000259,
				"seconds":	0.999912977218628,
				"bytes":	2621440,
				"bits_per_second":	20973345.1588304,
				"retransmits":	13,
				"omitted":	false,
				"sender":	true
			}
		}, {
			"streams":	[{
					"socket":	5,
					"start":	8.000259,
					"end":	9.000708,
					"seconds":	1.0004489421844482,
					"bytes":	1310720,
					"bits_per_second":	10481054.612446968,
					"retransmits":	0,
					"snd_cwnd":	612504,
					"rtt":	279519,
					"rttvar":	648,
					"pmtu":	1500,
					"omitted":	false,
					"sender":	true
				}],
			"sum":	{
				"start":	8.000259,
				"end":	9.000708,
				"seconds":	1.0004489421844482,
				"bytes":	1310720,
				"bits_per_second":	10481054.612446968,
				"retransmits":	0,
				"omitted":	false,
				"sender":	true
			}
		}, {
			"streams":	[{
					"socket":	5,
					"start":	9.000708,
					"end":	10.000605,
					"seconds":	0.999897003173828,
					"bytes":	2621440,
					"bits_per_second":	20973680.222496063,
					"retransmits":	0,
					"snd_cwnd":	644360,
					"rtt":	280184,
					"rttvar":	2835,
					"pmtu":	1500,
					"omitted":	false,
					"sender":	true
				}],
			"sum":	{
				"start":	9.000708,
				"end":	10.000605,
				"seconds":	0.999897003173828,
				"bytes":	2621440,
				"bits_per_second":	20973680.222496063,
				"retransmits":	0,
				"omitted":	false,
				"sender":	true
			}
		}],
	"end":	{
		"streams":	[{
				"sender":	{
					"socket":	5,
					"start":	0,
					"end":	10.000605,
					"seconds":	10.000605,
					"bytes":	22477160,
					"bits_per_second":	17980640.171269637,
					"retransmits":	750,
					"max_snd_cwnd":	926720,
					"max_rtt":	282069,
					"min_rtt":	278696,
					"mean_rtt":	280040,
					"sender":	true
				},
				"receiver":	{
					"socket":	5,
					"start":	0,
					"end":	10.290249,
					"seconds":	10.000605,
					"bytes":	20066384,
					"bits_per_second":	15600309.768986154,
					"sender":	true
				}
			}],
		"sum_sent":	{
			"start":	0,
			"end":	10.000605,
			"seconds":	10.000605,
			"bytes":	22477160,
			"bits_per_second":	17980640.171269637,
			"retransmits":	750,
			"sender":	true
		},
		"sum_received":	{
			"start":	0,
			"end":	10.290249,
			"seconds":	10.290249,
			"bytes":	20066384,
			"bits_per_second":	15600309.768986154,
			"sender":	true
		},
		"cpu_utilization_percent":	{
			"host_total":	5.0617543849232529,
			"host_user":	1.3188757349898614,
			"host_system":	3.7428786499333913,
			"remote_total":	0.023522294361705869,
			"remote_user":	0.0087497368838448837,
			"remote_system":	0.014772729273759042
		},
		"sender_tcp_congestion":	"cubic",
		"receiver_tcp_congestion":	"cubic"
	}
}
