{
	"start":	{
		"connected":	[{
				"socket":	5,
				"local_host":	"172.26.184.25",
				"local_port":	52010,
				"remote_host":	"188.166.241.168",
				"remote_port":	5205
			}],
		"version":	"iperf 3.9",
		"system_info":	"Linux A-Tower 5.15.90.1-microsoft-standard-WSL2 #1 SMP Fri Jan 27 02:56:13 UTC 2023 x86_64",
		"timestamp":	{
			"time":	"Mon, 02 Oct 2023 00:59:23 GMT",
			"timesecs":	1696208363
		},
		"connecting_to":	{
			"host":	"sgp1.iperf.comnet-student.eu",
			"port":	5205
		},
		"cookie":	"lvhu4klrs4yyuq2etst656v274kxs4ucdkwb",
		"tcp_mss_default":	1448,
		"sock_bufsize":	0,
		"sndbuf_actual":	16384,
		"rcvbuf_actual":	131072,
		"test_start":	{
			"protocol":	"TCP",
			"num_streams":	1,
			"blksize":	131072,
			"omit":	0,
			"duration":	10,
			"bytes":	0,
			"blocks":	0,
			"reverse":	0,
			"tos":	0
		}
	},
	"intervals":	[{
			"streams":	[{
					"socket":	5,
					"start":	0,
					"end":	1.000397,
					"seconds":	1.0003969669342041,
					"bytes":	295392,
					"bits_per_second":	2362198.2853886671,
					"retransmits":	0,
					"snd_cwnd":	57920,
					"rtt":	274535,
					"rttvar":	11364,
					"pmtu":	1500,
					"omitted":	false,
					"sender":	true
				}],
			"sum":	{
				"start":	0,
				"end":	1.000397,
				"seconds":	1.0003969669342041,
				"bytes":	295392,
				"bits_per_second":	2362198.2853886671,
				"retransmits":	0,
				"omitted":	false,
				"sender":	true
			}
		}, {
			"streams":	[{
					"socket":	5,
					"start":	1.000397,
					"end":	2.000315,
					"seconds":	0.999917984008789,
					"bytes":	3311576,
					"bits_per_second":	26494780.995725282,
					"retransmits":	36,
					"snd_cwnd":	166520,
					"rtt":	267043,
					"rttvar":	256,
					"pmtu":	1500,
					"omitted":	false,
					"sender":	true
				}],
			"sum":	{
				"start":	1.000397,
				"end":	2.000315,
				"seconds":	0.999917984008789,
				"bytes":	3311576,
				"bits_per_second":	26494780.995725282,
				"retransmits":	36,
				"omitted":	false,
				"sender":	true
			}
		}, {
			"streams":	[{
					"socket":	5,
					"start":	2.000315,
					"end":	3.000655,
					"seconds":	1.0003399848937988,
					"bytes":	1310720,
					"bits_per_second":	10482196.211634209,
					"retransmits":	126,
					"snd_cwnd":	286704,
					"rtt":	267721,
					"rttvar":	580,
					"pmtu":	1500,
					"omitted":	false,
					"sender":	true
				}],
			"sum":	{
				"start":	2.000315,
				"end":	3.000655,
				"seconds":	1.0003399848937988,
				"bytes":	1310720,
				"bits_per_second":	10482196.211634209,
				"retransmits":	126,
				"omitted":	false,
				"sender":	true
			}
		}, {
			"streams":	[{
					"socket":	5,
					"start":	3.000655,
					"end":	4.000674,
					"seconds":	1.0000189542770386,
					"bytes":	1310720,
					"bits_per_second":	10485561.253767092,
					"retransmits":	0,
					"snd_cwnd":	388064,
					"rtt":	267817,
					"rttvar":	306,
					"pmtu":	1500,
					"omitted":	false,
					"sender":	true
				}],
			"sum":	{
				"start":	3.000655,
				"end":	4.000674,
				"seconds":	1.0000189542770386,
				"bytes":	1310720,
				"bits_per_second":	10485561.253767092,
				"retransmits":	0,
				"omitted":	false,
				"sender":	true
			}
		}, {
			"streams":	[{
					"socket":	5,
					"start":	4.000674,
					"end":	5.000689,
					"seconds":	1.0000150203704834,
					"bytes":	1310720,
					"bits_per_second":	10485602.502365673,
					"retransmits":	0,
					"snd_cwnd":	415576,
					"rtt":	267111,
					"rttvar":	424,
					"pmtu":	1500,
					"omitted":	false,
					"sender":	true
				}],
			"sum":	{
				"start":	4.000674,
				"end":	5.000689,
				"seconds":	1.0000150203704834,
				"bytes":	1310720,
				"bits_per_second":	10485602.502365673,
				"retransmits":	0,
				"omitted":	false,
				"sender":	true
			}
		}, {
			"streams":	[{
					"socket":	5,
					"start":	5.000689,
					"end":	6.000881,
					"seconds":	1.0001920461654663,
					"bytes":	1310720,
					"bits_per_second":	10483746.636658709,
					"retransmits":	0,
					"snd_cwnd":	431504,
					"rtt":	267386,
					"rttvar":	614,
					"pmtu":	1500,
					"omitted":	false,
					"sender":	true
				}],
			"sum":	{
				"start":	5.000689,
				"end":	6.000881,
				"seconds":	1.0001920461654663,
				"bytes":	1310720,
				"bits_per_second":	10483746.636658709,
				"retransmits":	0,
				"omitted":	false,
				"sender":	true
			}
		}, {
			"streams":	[{
					"socket":	5,
					"start":	6.000881,
					"end":	7.000134,
					"seconds":	0.99925297498703,
					"bytes":	2621440,
					"bits_per_second":	20987197.96182964,
					"retransmits":	0,
					"snd_cwnd":	437296,
					"rtt":	267449,
					"rttvar":	333,
					"pmtu":	1500,
					"omitted":	false,
					"sender":	true
				}],
			"sum":	{
				"start":	6.000881,
				"end":	7.000134,
				"seconds":	0.99925297498703,
				"bytes":	2621440,
				"bits_per_second":	20987197.96182964,
				"retransmits":	0,
				"omitted":	false,
				"sender":	true
			}
		}, {
			"streams":	[{
					"socket":	5,
					"start":	7.000134,
					"end":	8.000341,
					"seconds":	1.00020694732666,
					"bytes":	1310720,
					"bits_per_second":	10483590.448982783,
					"retransmits":	0,
					"snd_cwnd":	437296,
					"rtt":	271885,
					"rttvar":	8932,
					"pmtu":	1500,
					"omitted":	false,
					"sender":	true
				}],
			"sum":	{
				"start":	7.000134,
				"end":	8.000341,
				"seconds":	1.00020694732666,
				"bytes":	1310720,
				"bits_per_second":	10483590.448982783,
				"retransmits":	0,
				"omitted":	false,
				"sender":	true
			}
		}, {
			"streams":	[{
					"socket":	5,
					"start":	8.000341,
					"end":	9.000684,
					"seconds":	1.0003429651260376,
					"bytes":	1310720,
					"bits_per_second":	10482164.982965471,
					"retransmits":	0,
					"snd_cwnd":	437296,
					"rtt":	272754,
					"rttvar":	9328,
					"pmtu":	1500,
					"omitted":	false,
					"sender":	true
				}],
			"sum":	{
				"start":	8.000341,
				"end":	9.000684,
				"seconds":	1.0003429651260376,
				"bytes":	1310720,
				"bits_per_second":	10482164.982965471,
				"retransmits":	0,
				"omitted":	false,
				"sender":	true
			}
		}, {
			"streams":	[{
					"socket":	5,
					"start":	9.000684,
					"end":	10.000728,
					"seconds":	1.0000439882278442,
					"bytes":	1310720,
					"bits_per_second":	10485298.770288678,
					"retransmits":	0,
					"snd_cwnd":	440192,
					"rtt":	267435,
					"rttvar":	673,
					"pmtu":	1500,
					"omitted":	false,
					"sender":	true
				}],
			"sum":	{
				"start":	9.000684,
				"end":	10.000728,
				"seconds":	1.0000439882278442,
				"bytes":	1310720,
				"bits_per_second":	10485298.770288678,
				"retransmits":	0,
				"omitted":	false,
				"sender":	true
			}
		}],
	"end":	{
		"streams":	[{
				"sender":	{
					"socket":	5,
					"start":	0,
					"end":	10.000728,
					"seconds":	10.000728,
					"bytes":	15403448,
					"bits_per_second":	12321861.368492372,
					"retransmits":	162,
					"max_snd_cwnd":	440192,
					"max_rtt":	274535,
					"min_rtt":	267043,
					"mean_rtt":	269113,
					"sender":	true
				},
				"receiver":	{
					"socket":	5,
					"start":	0,
					"end":	10.27495,
					"seconds":	10.000728,
					"bytes":	13114536,
					"bits_per_second":	10210880.636888744,
					"sender":	true
				}
			}],
		"sum_sent":	{
			"start":	0,
			"end":	10.000728,
			"seconds":	10.000728,
			"bytes":	15403448,
			"bits_per_second":	12321861.368492372,
			"retransmits":	162,
			"sender":	true
		},
		"sum_received":	{
			"start":	0,
			"end":	10.27495,
			"seconds":	10.27495,
			"bytes":	13114536,
			"bits_per_second":	10210880.636888744,
			"sender":	true
		},
		"cpu_utilization_percent":	{
			"host_total":	4.8189015822355747,
			"host_user":	1.6828979395173365,
			"host_system":	3.1359861026650884,
			"remote_total":	0.045203490507872049,
			"remote_user":	0.012199477007596216,
			"remote_system":	0.033004456763011378
		},
		"sender_tcp_congestion":	"cubic",
		"receiver_tcp_congestion":	"cubic"
	}
}
