{
	"start":	{
		"connected":	[{
				"socket":	5,
				"local_host":	"172.26.184.25",
				"local_port":	33740,
				"remote_host":	"188.166.241.168",
				"remote_port":	5207
			}],
		"version":	"iperf 3.9",
		"system_info":	"Linux A-Tower 5.15.90.1-microsoft-standard-WSL2 #1 SMP Fri Jan 27 02:56:13 UTC 2023 x86_64",
		"timestamp":	{
			"time":	"Sun, 01 Oct 2023 13:59:36 GMT",
			"timesecs":	1696168776
		},
		"connecting_to":	{
			"host":	"sgp1.iperf.comnet-student.eu",
			"port":	5207
		},
		"cookie":	"5tbxbvfgsrgu4uz2qircol3i6iogiswp33uu",
		"tcp_mss_default":	1448,
		"sock_bufsize":	0,
		"sndbuf_actual":	16384,
		"rcvbuf_actual":	131072,
		"test_start":	{
			"protocol":	"TCP",
			"num_streams":	1,
			"blksize":	131072,
			"omit":	0,
			"duration":	10,
			"bytes":	0,
			"blocks":	0,
			"reverse":	1,
			"tos":	0
		}
	},
	"intervals":	[{
			"streams":	[{
					"socket":	5,
					"start":	0,
					"end":	1.000389,
					"seconds":	1.0003889799118042,
					"bytes":	217200,
					"bits_per_second":	1736924.3713112369,
					"omitted":	false,
					"sender":	false
				}],
			"sum":	{
				"start":	0,
				"end":	1.000389,
				"seconds":	1.0003889799118042,
				"bytes":	217200,
				"bits_per_second":	1736924.3713112369,
				"omitted":	false,
				"sender":	false
			}
		}, {
			"streams":	[{
					"socket":	5,
					"start":	1.000389,
					"end":	2.000204,
					"seconds":	0.99981498718261719,
					"bytes":	3091480,
					"bits_per_second":	24736416.554118633,
					"omitted":	false,
					"sender":	false
				}],
			"sum":	{
				"start":	1.000389,
				"end":	2.000204,
				"seconds":	0.99981498718261719,
				"bytes":	3091480,
				"bits_per_second":	24736416.554118633,
				"omitted":	false,
				"sender":	false
			}
		}, {
			"streams":	[{
					"socket":	5,
					"start":	2.000204,
					"end":	3.000704,
					"seconds":	1.000499963760376,
					"bytes":	2961160,
					"bits_per_second":	23677442.1369931,
					"omitted":	false,
					"sender":	false
				}],
			"sum":	{
				"start":	2.000204,
				"end":	3.000704,
				"seconds":	1.000499963760376,
				"bytes":	2961160,
				"bits_per_second":	23677442.1369931,
				"omitted":	false,
				"sender":	false
			}
		}, {
			"streams":	[{
					"socket":	5,
					"start":	3.000704,
					"end":	4.00042,
					"seconds":	0.99971598386764526,
					"bytes":	4449704,
					"bits_per_second":	35607745.1740662,
					"omitted":	false,
					"sender":	false
				}],
			"sum":	{
				"start":	3.000704,
				"end":	4.00042,
				"seconds":	0.99971598386764526,
				"bytes":	4449704,
				"bits_per_second":	35607745.1740662,
				"omitted":	false,
				"sender":	false
			}
		}, {
			"streams":	[{
					"socket":	5,
					"start":	4.00042,
					"end":	5.000252,
					"seconds":	0.99983197450637817,
					"bytes":	2234264,
					"bits_per_second":	17877115.811208714,
					"omitted":	false,
					"sender":	false
				}],
			"sum":	{
				"start":	4.00042,
				"end":	5.000252,
				"seconds":	0.99983197450637817,
				"bytes":	2234264,
				"bits_per_second":	17877115.811208714,
				"omitted":	false,
				"sender":	false
			}
		}, {
			"streams":	[{
					"socket":	5,
					"start":	5.000252,
					"end":	6.000357,
					"seconds":	1.0001050233840942,
					"bytes":	4262912,
					"bits_per_second":	34099714.73256214,
					"omitted":	false,
					"sender":	false
				}],
			"sum":	{
				"start":	5.000252,
				"end":	6.000357,
				"seconds":	1.0001050233840942,
				"bytes":	4262912,
				"bits_per_second":	34099714.73256214,
				"omitted":	false,
				"sender":	false
			}
		}, {
			"streams":	[{
					"socket":	5,
					"start":	6.000357,
					"end":	7.000278,
					"seconds":	0.99992102384567261,
					"bytes":	3443344,
					"bits_per_second":	27548927.708366249,
					"omitted":	false,
					"sender":	false
				}],
			"sum":	{
				"start":	6.000357,
				"end":	7.000278,
				"seconds":	0.99992102384567261,
				"bytes":	3443344,
				"bits_per_second":	27548927.708366249,
				"omitted":	false,
				"sender":	false
			}
		}, {
			"streams":	[{
					"socket":	5,
					"start":	7.000278,
					"end":	8.000379,
					"seconds":	1.0001009702682495,
					"bytes":	3233384,
					"bits_per_second":	25864460.458489377,
					"omitted":	false,
					"sender":	false
				}],
			"sum":	{
				"start":	7.000278,
				"end":	8.000379,
				"seconds":	1.0001009702682495,
				"bytes":	3233384,
				"bits_per_second":	25864460.458489377,
				"omitted":	false,
				"sender":	false
			}
		}, {
			"streams":	[{
					"socket":	5,
					"start":	8.000379,
					"end":	9.000214,
					"seconds":	0.99983501434326172,
					"bytes":	3974760,
					"bits_per_second":	31803327.092806868,
					"omitted":	false,
					"sender":	false
				}],
			"sum":	{
				"start":	8.000379,
				"end":	9.000214,
				"seconds":	0.99983501434326172,
				"bytes":	3974760,
				"bits_per_second":	31803327.092806868,
				"omitted":	false,
				"sender":	false
			}
		}, {
			"streams":	[{
					"socket":	5,
					"start":	9.000214,
					"end":	10.000642,
					"seconds":	1.0004279613494873,
					"bytes":	3719912,
					"bits_per_second":	29746565.619634807,
					"omitted":	false,
					"sender":	false
				}],
			"sum":	{
				"start":	9.000214,
				"end":	10.000642,
				"seconds":	1.0004279613494873,
				"bytes":	3719912,
				"bits_per_second":	29746565.619634807,
				"omitted":	false,
				"sender":	false
			}
		}],
	"end":	{
		"streams":	[{
				"sender":	{
					"socket":	5,
					"start":	0,
					"end":	10.275565,
					"seconds":	10.275565,
					"bytes":	34596824,
					"bits_per_second":	26935218.841980953,
					"retransmits":	1540,
					"max_snd_cwnd":	0,
					"max_rtt":	0,
					"min_rtt":	0,
					"mean_rtt":	0,
					"sender":	false
				},
				"receiver":	{
					"socket":	5,
					"start":	0,
					"end":	10.000642,
					"seconds":	10.000642,
					"bytes":	31588120,
					"bits_per_second":	25268873.738306,
					"sender":	false
				}
			}],
		"sum_sent":	{
			"start":	0,
			"end":	10.275565,
			"seconds":	10.275565,
			"bytes":	34596824,
			"bits_per_second":	26935218.841980953,
			"retransmits":	1540,
			"sender":	false
		},
		"sum_received":	{
			"start":	0,
			"end":	10.000642,
			"seconds":	10.000642,
			"bytes":	31588120,
			"bits_per_second":	25268873.738306,
			"sender":	false
		},
		"cpu_utilization_percent":	{
			"host_total":	2.9126119987610082,
			"host_user":	0.62414992429845251,
			"host_system":	2.288470839259066,
			"remote_total":	0.0066890269462992645,
			"remote_user":	0.00052516002909147857,
			"remote_system":	0.006163866917207785
		},
		"sender_tcp_congestion":	"cubic",
		"receiver_tcp_congestion":	"cubic"
	}
}
