{
	"start":	{
		"connected":	[{
				"socket":	5,
				"local_host":	"172.26.184.25",
				"local_port":	34544,
				"remote_host":	"188.166.241.168",
				"remote_port":	5210
			}],
		"version":	"iperf 3.9",
		"system_info":	"Linux A-Tower 5.15.90.1-microsoft-standard-WSL2 #1 SMP Fri Jan 27 02:56:13 UTC 2023 x86_64",
		"timestamp":	{
			"time":	"Sun, 01 Oct 2023 18:59:22 GMT",
			"timesecs":	1696186762
		},
		"connecting_to":	{
			"host":	"sgp1.iperf.comnet-student.eu",
			"port":	5210
		},
		"cookie":	"a6ifseux53qov6w75cynvedhfpkrjhtgvat2",
		"tcp_mss_default":	1448,
		"sock_bufsize":	0,
		"sndbuf_actual":	16384,
		"rcvbuf_actual":	131072,
		"test_start":	{
			"protocol":	"TCP",
			"num_streams":	1,
			"blksize":	131072,
			"omit":	0,
			"duration":	10,
			"bytes":	0,
			"blocks":	0,
			"reverse":	0,
			"tos":	0
		}
	},
	"intervals":	[{
			"streams":	[{
					"socket":	5,
					"start":	0,
					"end":	1.000396,
					"seconds":	1.0003960132598877,
					"bytes":	295392,
					"bits_per_second":	2362200.53726473,
					"retransmits":	0,
					"snd_cwnd":	57920,
					"rtt":	278789,
					"rttvar":	12103,
					"pmtu":	1500,
					"omitted":	false,
					"sender":	true
				}],
			"sum":	{
				"start":	0,
				"end":	1.000396,
				"seconds":	1.0003960132598877,
				"bytes":	295392,
				"bits_per_second":	2362200.53726473,
				"retransmits":	0,
				"omitted":	false,
				"sender":	true
			}
		}, {
			"streams":	[{
					"socket":	5,
					"start":	1.000396,
					"end":	2.000229,
					"seconds":	0.99983298778533936,
					"bytes":	3766248,
					"bits_per_second":	30135016.915913962,
					"retransmits":	3,
					"snd_cwnd":	741376,
					"rtt":	271704,
					"rttvar":	244,
					"pmtu":	1500,
					"omitted":	false,
					"sender":	true
				}],
			"sum":	{
				"start":	1.000396,
				"end":	2.000229,
				"seconds":	0.99983298778533936,
				"bytes":	3766248,
				"bits_per_second":	30135016.915913962,
				"retransmits":	3,
				"omitted":	false,
				"sender":	true
			}
		}, {
			"streams":	[{
					"socket":	5,
					"start":	2.000229,
					"end":	3.000415,
					"seconds":	1.0001859664916992,
					"bytes":	1310720,
					"bits_per_second":	10483810.362567233,
					"retransmits":	445,
					"snd_cwnd":	642912,
					"rtt":	271843,
					"rttvar":	346,
					"pmtu":	1500,
					"omitted":	false,
					"sender":	true
				}],
			"sum":	{
				"start":	2.000229,
				"end":	3.000415,
				"seconds":	1.0001859664916992,
				"bytes":	1310720,
				"bits_per_second":	10483810.362567233,
				"retransmits":	445,
				"omitted":	false,
				"sender":	true
			}
		}, {
			"streams":	[{
					"socket":	5,
					"start":	3.000415,
					"end":	4.000408,
					"seconds":	0.99999302625656128,
					"bytes":	2621440,
					"bits_per_second":	20971666.251019917,
					"retransmits":	32,
					"snd_cwnd":	648704,
					"rtt":	271915,
					"rttvar":	187,
					"pmtu":	1500,
					"omitted":	false,
					"sender":	true
				}],
			"sum":	{
				"start":	3.000415,
				"end":	4.000408,
				"seconds":	0.99999302625656128,
				"bytes":	2621440,
				"bits_per_second":	20971666.251019917,
				"retransmits":	32,
				"omitted":	false,
				"sender":	true
			}
		}, {
			"streams":	[{
					"socket":	5,
					"start":	4.000408,
					"end":	5.00063,
					"seconds":	1.0002219676971436,
					"bytes":	1310720,
					"bits_per_second":	10483433.016515166,
					"retransmits":	29,
					"snd_cwnd":	487976,
					"rtt":	271828,
					"rttvar":	398,
					"pmtu":	1500,
					"omitted":	false,
					"sender":	true
				}],
			"sum":	{
				"start":	4.000408,
				"end":	5.00063,
				"seconds":	1.0002219676971436,
				"bytes":	1310720,
				"bits_per_second":	10483433.016515166,
				"retransmits":	29,
				"omitted":	false,
				"sender":	true
			}
		}, {
			"streams":	[{
					"socket":	5,
					"start":	5.00063,
					"end":	6.000342,
					"seconds":	0.99971199035644531,
					"bytes":	2621440,
					"bits_per_second":	20977561.740079407,
					"retransmits":	0,
					"snd_cwnd":	521280,
					"rtt":	276533,
					"rttvar":	9789,
					"pmtu":	1500,
					"omitted":	false,
					"sender":	true
				}],
			"sum":	{
				"start":	5.00063,
				"end":	6.000342,
				"seconds":	0.99971199035644531,
				"bytes":	2621440,
				"bits_per_second":	20977561.740079407,
				"retransmits":	0,
				"omitted":	false,
				"sender":	true
			}
		}, {
			"streams":	[{
					"socket":	5,
					"start":	6.000342,
					"end":	7.001209,
					"seconds":	1.0008670091629028,
					"bytes":	1310720,
					"bits_per_second":	10476676.625369035,
					"retransmits":	0,
					"snd_cwnd":	544448,
					"rtt":	272299,
					"rttvar":	322,
					"pmtu":	1500,
					"omitted":	false,
					"sender":	true
				}],
			"sum":	{
				"start":	6.000342,
				"end":	7.001209,
				"seconds":	1.0008670091629028,
				"bytes":	1310720,
				"bits_per_second":	10476676.625369035,
				"retransmits":	0,
				"omitted":	false,
				"sender":	true
			}
		}, {
			"streams":	[{
					"socket":	5,
					"start":	7.001209,
					"end":	8.000299,
					"seconds":	0.999090015888214,
					"bytes":	2621440,
					"bits_per_second":	20990621.131726388,
					"retransmits":	0,
					"snd_cwnd":	557480,
					"rtt":	271708,
					"rttvar":	242,
					"pmtu":	1500,
					"omitted":	false,
					"sender":	true
				}],
			"sum":	{
				"start":	7.001209,
				"end":	8.000299,
				"seconds":	0.999090015888214,
				"bytes":	2621440,
				"bits_per_second":	20990621.131726388,
				"retransmits":	0,
				"omitted":	false,
				"sender":	true
			}
		}, {
			"streams":	[{
					"socket":	5,
					"start":	8.000299,
					"end":	9.000736,
					"seconds":	1.0004370212554932,
					"bytes":	1310720,
					"bits_per_second":	10481179.501775086,
					"retransmits":	0,
					"snd_cwnd":	561824,
					"rtt":	271578,
					"rttvar":	226,
					"pmtu":	1500,
					"omitted":	false,
					"sender":	true
				}],
			"sum":	{
				"start":	8.000299,
				"end":	9.000736,
				"seconds":	1.0004370212554932,
				"bytes":	1310720,
				"bits_per_second":	10481179.501775086,
				"retransmits":	0,
				"omitted":	false,
				"sender":	true
			}
		}, {
			"streams":	[{
					"socket":	5,
					"start":	9.000736,
					"end":	10.00061,
					"seconds":	0.99987399578094482,
					"bytes":	2621440,
					"bits_per_second":	20974162.833008111,
					"retransmits":	0,
					"snd_cwnd":	561824,
					"rtt":	271692,
					"rttvar":	139,
					"pmtu":	1500,
					"omitted":	false,
					"sender":	true
				}],
			"sum":	{
				"start":	9.000736,
				"end":	10.00061,
				"seconds":	0.99987399578094482,
				"bytes":	2621440,
				"bits_per_second":	20974162.833008111,
				"retransmits":	0,
				"omitted":	false,
				"sender":	true
			}
		}],
	"end":	{
		"streams":	[{
				"sender":	{
					"socket":	5,
					"start":	0,
					"end":	10.00061,
					"seconds":	10.00061,
					"bytes":	19790280,
					"bits_per_second":	15831258.293244112,
					"retransmits":	509,
					"max_snd_cwnd":	741376,
					"max_rtt":	278789,
					"min_rtt":	271578,
					"mean_rtt":	272988,
					"sender":	true
				},
				"receiver":	{
					"socket":	5,
					"start":	0,
					"end":	10.278776,
					"seconds":	10.00061,
					"bytes":	17054544,
					"bits_per_second":	13273599.113357466,
					"sender":	true
				}
			}],
		"sum_sent":	{
			"start":	0,
			"end":	10.00061,
			"seconds":	10.00061,
			"bytes":	19790280,
			"bits_per_second":	15831258.293244112,
			"retransmits":	509,
			"sender":	true
		},
		"sum_received":	{
			"start":	0,
			"end":	10.278776,
			"seconds":	10.278776,
			"bytes":	17054544,
			"bits_per_second":	13273599.113357466,
			"sender":	true
		},
		"cpu_utilization_percent":	{
			"host_total":	4.8540260033259983,
			"host_user":	2.2163573693431484,
			"host_system":	2.6377124247805468,
			"remote_total":	0.028949549456687526,
			"remote_user":	0.0043746369675349726,
			"remote_system":	0.024574633903088266
		},
		"sender_tcp_congestion":	"cubic",
		"receiver_tcp_congestion":	"cubic"
	}
}
