{
	"start":	{
		"connected":	[{
				"socket":	5,
				"local_host":	"172.26.184.25",
				"local_port":	53486,
				"remote_host":	"188.166.241.168",
				"remote_port":	5202
			}],
		"version":	"iperf 3.9",
		"system_info":	"Linux A-Tower 5.15.90.1-microsoft-standard-WSL2 #1 SMP Fri Jan 27 02:56:13 UTC 2023 x86_64",
		"timestamp":	{
			"time":	"Mon, 02 Oct 2023 00:59:36 GMT",
			"timesecs":	1696208376
		},
		"connecting_to":	{
			"host":	"sgp1.iperf.comnet-student.eu",
			"port":	5202
		},
		"cookie":	"3nvbqt7nt2rhvhxounezyii4fizlbzhdnpbd",
		"tcp_mss_default":	1448,
		"sock_bufsize":	0,
		"sndbuf_actual":	16384,
		"rcvbuf_actual":	131072,
		"test_start":	{
			"protocol":	"TCP",
			"num_streams":	1,
			"blksize":	131072,
			"omit":	0,
			"duration":	10,
			"bytes":	0,
			"blocks":	0,
			"reverse":	1,
			"tos":	0
		}
	},
	"intervals":	[{
			"streams":	[{
					"socket":	5,
					"start":	0,
					"end":	1.000266,
					"seconds":	1.0002659559249878,
					"bytes":	217200,
					"bits_per_second":	1737137.9978569485,
					"omitted":	false,
					"sender":	false
				}],
			"sum":	{
				"start":	0,
				"end":	1.000266,
				"seconds":	1.0002659559249878,
				"bytes":	217200,
				"bits_per_second":	1737137.9978569485,
				"omitted":	false,
				"sender":	false
			}
		}, {
			"streams":	[{
					"socket":	5,
					"start":	1.000266,
					"end":	2.000473,
					"seconds":	1.00020694732666,
					"bytes":	1560944,
					"bits_per_second":	12484968.269193254,
					"omitted":	false,
					"sender":	false
				}],
			"sum":	{
				"start":	1.000266,
				"end":	2.000473,
				"seconds":	1.00020694732666,
				"bytes":	1560944,
				"bits_per_second":	12484968.269193254,
				"omitted":	false,
				"sender":	false
			}
		}, {
			"streams":	[{
					"socket":	5,
					"start":	2.000473,
					"end":	3.000275,
					"seconds":	0.999801993370056,
					"bytes":	3957384,
					"bits_per_second":	31665341.947645072,
					"omitted":	false,
					"sender":	false
				}],
			"sum":	{
				"start":	2.000473,
				"end":	3.000275,
				"seconds":	0.999801993370056,
				"bytes":	3957384,
				"bits_per_second":	31665341.947645072,
				"omitted":	false,
				"sender":	false
			}
		}, {
			"streams":	[{
					"socket":	5,
					"start":	3.000275,
					"end":	4.000144,
					"seconds":	0.99986898899078369,
					"bytes":	3860368,
					"bits_per_second":	30886990.53580175,
					"omitted":	false,
					"sender":	false
				}],
			"sum":	{
				"start":	3.000275,
				"end":	4.000144,
				"seconds":	0.99986898899078369,
				"bytes":	3860368,
				"bits_per_second":	30886990.53580175,
				"omitted":	false,
				"sender":	false
			}
		}, {
			"streams":	[{
					"socket":	5,
					"start":	4.000144,
					"end":	5.00034,
					"seconds":	1.0001959800720215,
					"bytes":	2943784,
					"bits_per_second":	23545657.520343371,
					"omitted":	false,
					"sender":	false
				}],
			"sum":	{
				"start":	4.000144,
				"end":	5.00034,
				"seconds":	1.0001959800720215,
				"bytes":	2943784,
				"bits_per_second":	23545657.520343371,
				"omitted":	false,
				"sender":	false
			}
		}, {
			"streams":	[{
					"socket":	5,
					"start":	5.00034,
					"end":	6.000219,
					"seconds":	0.999879002571106,
					"bytes":	4149968,
					"bits_per_second":	33203761.569779553,
					"omitted":	false,
					"sender":	false
				}],
			"sum":	{
				"start":	5.00034,
				"end":	6.000219,
				"seconds":	0.999879002571106,
				"bytes":	4149968,
				"bits_per_second":	33203761.569779553,
				"omitted":	false,
				"sender":	false
			}
		}, {
			"streams":	[{
					"socket":	5,
					"start":	6.000219,
					"end":	7.000202,
					"seconds":	0.999983012676239,
					"bytes":	3970416,
					"bits_per_second":	31763867.583102535,
					"omitted":	false,
					"sender":	false
				}],
			"sum":	{
				"start":	6.000219,
				"end":	7.000202,
				"seconds":	0.999983012676239,
				"bytes":	3970416,
				"bits_per_second":	31763867.583102535,
				"omitted":	false,
				"sender":	false
			}
		}, {
			"streams":	[{
					"socket":	5,
					"start":	7.000202,
					"end":	8.00027,
					"seconds":	1.0000679492950439,
					"bytes":	3661992,
					"bits_per_second":	29293945.49705442,
					"omitted":	false,
					"sender":	false
				}],
			"sum":	{
				"start":	7.000202,
				"end":	8.00027,
				"seconds":	1.0000679492950439,
				"bytes":	3661992,
				"bits_per_second":	29293945.49705442,
				"omitted":	false,
				"sender":	false
			}
		}, {
			"streams":	[{
					"socket":	5,
					"start":	8.00027,
					"end":	9.000185,
					"seconds":	0.99991500377655029,
					"bytes":	4344000,
					"bits_per_second":	34754954.039839551,
					"omitted":	false,
					"sender":	false
				}],
			"sum":	{
				"start":	8.00027,
				"end":	9.000185,
				"seconds":	0.99991500377655029,
				"bytes":	4344000,
				"bits_per_second":	34754954.039839551,
				"omitted":	false,
				"sender":	false
			}
		}, {
			"streams":	[{
					"socket":	5,
					"start":	9.000185,
					"end":	10.000221,
					"seconds":	1.0000360012054443,
					"bytes":	3596832,
					"bits_per_second":	28773620.114990864,
					"omitted":	false,
					"sender":	false
				}],
			"sum":	{
				"start":	9.000185,
				"end":	10.000221,
				"seconds":	1.0000360012054443,
				"bytes":	3596832,
				"bits_per_second":	28773620.114990864,
				"omitted":	false,
				"sender":	false
			}
		}],
	"end":	{
		"streams":	[{
				"sender":	{
					"socket":	5,
					"start":	0,
					"end":	10.27315,
					"seconds":	10.27315,
					"bytes":	35985736,
					"bits_per_second":	28023136.817821216,
					"retransmits":	587,
					"max_snd_cwnd":	0,
					"max_rtt":	0,
					"min_rtt":	0,
					"mean_rtt":	0,
					"sender":	false
				},
				"receiver":	{
					"socket":	5,
					"start":	0,
					"end":	10.000221,
					"seconds":	10.000221,
					"bytes":	32262888,
					"bits_per_second":	25809740.0047459,
					"sender":	false
				}
			}],
		"sum_sent":	{
			"start":	0,
			"end":	10.27315,
			"seconds":	10.27315,
			"bytes":	35985736,
			"bits_per_second":	28023136.817821216,
			"retransmits":	587,
			"sender":	false
		},
		"sum_received":	{
			"start":	0,
			"end":	10.000221,
			"seconds":	10.000221,
			"bytes":	32262888,
			"bits_per_second":	25809740.0047459,
			"sender":	false
		},
		"cpu_utilization_percent":	{
			"host_total":	3.0237574177831141,
			"host_user":	0.493703661043799,
			"host_system":	2.5300099280701414,
			"remote_total":	0.00050361926598126844,
			"remote_user":	0.00011459327767700195,
			"remote_system":	0.000389253355918705
		},
		"sender_tcp_congestion":	"cubic",
		"receiver_tcp_congestion":	"cubic"
	}
}
