{
	"start":	{
		"connected":	[{
				"socket":	5,
				"local_host":	"172.26.184.25",
				"local_port":	41446,
				"remote_host":	"188.166.241.168",
				"remote_port":	5205
			}],
		"version":	"iperf 3.9",
		"system_info":	"Linux A-Tower 5.15.90.1-microsoft-standard-WSL2 #1 SMP Fri Jan 27 02:56:13 UTC 2023 x86_64",
		"timestamp":	{
			"time":	"Mon, 02 Oct 2023 07:59:22 GMT",
			"timesecs":	1696233562
		},
		"connecting_to":	{
			"host":	"sgp1.iperf.comnet-student.eu",
			"port":	5205
		},
		"cookie":	"x7q7chtm5ehmvcafzylsfyw73hxafkzevoxo",
		"tcp_mss_default":	1448,
		"sock_bufsize":	0,
		"sndbuf_actual":	16384,
		"rcvbuf_actual":	131072,
		"test_start":	{
			"protocol":	"TCP",
			"num_streams":	1,
			"blksize":	131072,
			"omit":	0,
			"duration":	10,
			"bytes":	0,
			"blocks":	0,
			"reverse":	0,
			"tos":	0
		}
	},
	"intervals":	[{
			"streams":	[{
					"socket":	5,
					"start":	0,
					"end":	1.000355,
					"seconds":	1.0003550052642822,
					"bytes":	295392,
					"bits_per_second":	2362297.3719971408,
					"retransmits":	0,
					"snd_cwnd":	57920,
					"rtt":	282350,
					"rttvar":	12081,
					"pmtu":	1500,
					"omitted":	false,
					"sender":	true
				}],
			"sum":	{
				"start":	0,
				"end":	1.000355,
				"seconds":	1.0003550052642822,
				"bytes":	295392,
				"bits_per_second":	2362297.3719971408,
				"retransmits":	0,
				"omitted":	false,
				"sender":	true
			}
		}, {
			"streams":	[{
					"socket":	5,
					"start":	1.000355,
					"end":	2.000299,
					"seconds":	0.999943971633911,
					"bytes":	3249312,
					"bits_per_second":	25995952.5107441,
					"retransmits":	26,
					"snd_cwnd":	289600,
					"rtt":	275127,
					"rttvar":	610,
					"pmtu":	1500,
					"omitted":	false,
					"sender":	true
				}],
			"sum":	{
				"start":	1.000355,
				"end":	2.000299,
				"seconds":	0.999943971633911,
				"bytes":	3249312,
				"bits_per_second":	25995952.5107441,
				"retransmits":	26,
				"omitted":	false,
				"sender":	true
			}
		}, {
			"streams":	[{
					"socket":	5,
					"start":	2.000299,
					"end":	3.000729,
					"seconds":	1.00042998790741,
					"bytes":	1310720,
					"bits_per_second":	10481253.187874714,
					"retransmits":	116,
					"snd_cwnd":	220096,
					"rtt":	274957,
					"rttvar":	563,
					"pmtu":	1500,
					"omitted":	false,
					"sender":	true
				}],
			"sum":	{
				"start":	2.000299,
				"end":	3.000729,
				"seconds":	1.00042998790741,
				"bytes":	1310720,
				"bits_per_second":	10481253.187874714,
				"retransmits":	116,
				"omitted":	false,
				"sender":	true
			}
		}, {
			"streams":	[{
					"socket":	5,
					"start":	3.000729,
					"end":	4.000599,
					"seconds":	0.999870002269745,
					"bytes":	1310720,
					"bits_per_second":	10487123.302226195,
					"retransmits":	57,
					"snd_cwnd":	415576,
					"rtt":	280266,
					"rttvar":	11102,
					"pmtu":	1500,
					"omitted":	false,
					"sender":	true
				}],
			"sum":	{
				"start":	3.000729,
				"end":	4.000599,
				"seconds":	0.999870002269745,
				"bytes":	1310720,
				"bits_per_second":	10487123.302226195,
				"retransmits":	57,
				"omitted":	false,
				"sender":	true
			}
		}, {
			"streams":	[{
					"socket":	5,
					"start":	4.000599,
					"end":	5.000709,
					"seconds":	1.0001100301742554,
					"bytes":	1310720,
					"bits_per_second":	10484606.376933347,
					"retransmits":	0,
					"snd_cwnd":	444536,
					"rtt":	274908,
					"rttvar":	411,
					"pmtu":	1500,
					"omitted":	false,
					"sender":	true
				}],
			"sum":	{
				"start":	4.000599,
				"end":	5.000709,
				"seconds":	1.0001100301742554,
				"bytes":	1310720,
				"bits_per_second":	10484606.376933347,
				"retransmits":	0,
				"omitted":	false,
				"sender":	true
			}
		}, {
			"streams":	[{
					"socket":	5,
					"start":	5.000709,
					"end":	6.001008,
					"seconds":	1.0002989768981934,
					"bytes":	1310720,
					"bits_per_second":	10482625.93701243,
					"retransmits":	0,
					"snd_cwnd":	457568,
					"rtt":	275405,
					"rttvar":	1048,
					"pmtu":	1500,
					"omitted":	false,
					"sender":	true
				}],
			"sum":	{
				"start":	5.000709,
				"end":	6.001008,
				"seconds":	1.0002989768981934,
				"bytes":	1310720,
				"bits_per_second":	10482625.93701243,
				"retransmits":	0,
				"omitted":	false,
				"sender":	true
			}
		}, {
			"streams":	[{
					"socket":	5,
					"start":	6.001008,
					"end":	7.000278,
					"seconds":	0.99927002191543579,
					"bytes":	2621440,
					"bits_per_second":	20986839.9332155,
					"retransmits":	0,
					"snd_cwnd":	466256,
					"rtt":	274638,
					"rttvar":	312,
					"pmtu":	1500,
					"omitted":	false,
					"sender":	true
				}],
			"sum":	{
				"start":	6.001008,
				"end":	7.000278,
				"seconds":	0.99927002191543579,
				"bytes":	2621440,
				"bits_per_second":	20986839.9332155,
				"retransmits":	0,
				"omitted":	false,
				"sender":	true
			}
		}, {
			"streams":	[{
					"socket":	5,
					"start":	7.000278,
					"end":	8.00063,
					"seconds":	1.0003520250320435,
					"bytes":	1310720,
					"bits_per_second":	10482070.048955135,
					"retransmits":	0,
					"snd_cwnd":	467704,
					"rtt":	275266,
					"rttvar":	291,
					"pmtu":	1500,
					"omitted":	false,
					"sender":	true
				}],
			"sum":	{
				"start":	7.000278,
				"end":	8.00063,
				"seconds":	1.0003520250320435,
				"bytes":	1310720,
				"bits_per_second":	10482070.048955135,
				"retransmits":	0,
				"omitted":	false,
				"sender":	true
			}
		}, {
			"streams":	[{
					"socket":	5,
					"start":	8.00063,
					"end":	9.000959,
					"seconds":	1.00032901763916,
					"bytes":	1310720,
					"bits_per_second":	10482311.134737507,
					"retransmits":	0,
					"snd_cwnd":	467704,
					"rtt":	274543,
					"rttvar":	241,
					"pmtu":	1500,
					"omitted":	false,
					"sender":	true
				}],
			"sum":	{
				"start":	8.00063,
				"end":	9.000959,
				"seconds":	1.00032901763916,
				"bytes":	1310720,
				"bits_per_second":	10482311.134737507,
				"retransmits":	0,
				"omitted":	false,
				"sender":	true
			}
		}, {
			"streams":	[{
					"socket":	5,
					"start":	9.000959,
					"end":	10.000276,
					"seconds":	0.9993169903755188,
					"bytes":	2621440,
					"bits_per_second":	20985853.539945737,
					"retransmits":	0,
					"snd_cwnd":	470600,
					"rtt":	275180,
					"rttvar":	977,
					"pmtu":	1500,
					"omitted":	false,
					"sender":	true
				}],
			"sum":	{
				"start":	9.000959,
				"end":	10.000276,
				"seconds":	0.9993169903755188,
				"bytes":	2621440,
				"bits_per_second":	20985853.539945737,
				"retransmits":	0,
				"omitted":	false,
				"sender":	true
			}
		}],
	"end":	{
		"streams":	[{
				"sender":	{
					"socket":	5,
					"start":	0,
					"end":	10.000276,
					"seconds":	10.000276,
					"bytes":	16651904,
					"bits_per_second":	13321155.536107205,
					"retransmits":	199,
					"max_snd_cwnd":	470600,
					"max_rtt":	282350,
					"min_rtt":	274543,
					"mean_rtt":	276264,
					"sender":	true
				},
				"receiver":	{
					"socket":	5,
					"start":	0,
					"end":	10.265809,
					"seconds":	10.000276,
					"bytes":	13530112,
					"bits_per_second":	10543825.235789988,
					"sender":	true
				}
			}],
		"sum_sent":	{
			"start":	0,
			"end":	10.000276,
			"seconds":	10.000276,
			"bytes":	16651904,
			"bits_per_second":	13321155.536107205,
			"retransmits":	199,
			"sender":	true
		},
		"sum_received":	{
			"start":	0,
			"end":	10.265809,
			"seconds":	10.265809,
			"bytes":	13530112,
			"bits_per_second":	10543825.235789988,
			"sender":	true
		},
		"cpu_utilization_percent":	{
			"host_total":	4.80606748113655,
			"host_user":	2.0129761153669659,
			"host_system":	2.7931089205131743,
			"remote_total":	0.016364405377749979,
			"remote_user":	0.00182376866058415,
			"remote_system":	0.014540803989353352
		},
		"sender_tcp_congestion":	"cubic",
		"receiver_tcp_congestion":	"cubic"
	}
}
