{
	"start":	{
		"connected":	[{
				"socket":	5,
				"local_host":	"172.26.184.25",
				"local_port":	53886,
				"remote_host":	"188.166.241.168",
				"remote_port":	5203
			}],
		"version":	"iperf 3.9",
		"system_info":	"Linux A-Tower 5.15.90.1-microsoft-standard-WSL2 #1 SMP Fri Jan 27 02:56:13 UTC 2023 x86_64",
		"timestamp":	{
			"time":	"Mon, 02 Oct 2023 10:59:31 GMT",
			"timesecs":	1696244371
		},
		"connecting_to":	{
			"host":	"sgp1.iperf.comnet-student.eu",
			"port":	5203
		},
		"cookie":	"4zcaq4m3odzsp5sh2yn2mpehssjn7jvnbwdd",
		"tcp_mss_default":	1448,
		"sock_bufsize":	0,
		"sndbuf_actual":	16384,
		"rcvbuf_actual":	131072,
		"test_start":	{
			"protocol":	"TCP",
			"num_streams":	1,
			"blksize":	131072,
			"omit":	0,
			"duration":	10,
			"bytes":	0,
			"blocks":	0,
			"reverse":	1,
			"tos":	0
		}
	},
	"intervals":	[{
			"streams":	[{
					"socket":	5,
					"start":	0,
					"end":	1.000337,
					"seconds":	1.00033700466156,
					"bytes":	211408,
					"bits_per_second":	1690694.2281638361,
					"omitted":	false,
					"sender":	false
				}],
			"sum":	{
				"start":	0,
				"end":	1.000337,
				"seconds":	1.00033700466156,
				"bytes":	211408,
				"bits_per_second":	1690694.2281638361,
				"omitted":	false,
				"sender":	false
			}
		}, {
			"streams":	[{
					"socket":	5,
					"start":	1.000337,
					"end":	2.000147,
					"seconds":	0.999809980392456,
					"bytes":	2208200,
					"bits_per_second":	17668957.448360048,
					"omitted":	false,
					"sender":	false
				}],
			"sum":	{
				"start":	1.000337,
				"end":	2.000147,
				"seconds":	0.999809980392456,
				"bytes":	2208200,
				"bits_per_second":	17668957.448360048,
				"omitted":	false,
				"sender":	false
			}
		}, {
			"streams":	[{
					"socket":	5,
					"start":	2.000147,
					"end":	3.000384,
					"seconds":	1.000236988067627,
					"bytes":	4220312,
					"bits_per_second":	33754496.5870801,
					"omitted":	false,
					"sender":	false
				}],
			"sum":	{
				"start":	2.000147,
				"end":	3.000384,
				"seconds":	1.000236988067627,
				"bytes":	4220312,
				"bits_per_second":	33754496.5870801,
				"omitted":	false,
				"sender":	false
			}
		}, {
			"streams":	[{
					"socket":	5,
					"start":	3.000384,
					"end":	4.000263,
					"seconds":	0.999879002571106,
					"bytes":	4601136,
					"bits_per_second":	36813542.3439721,
					"omitted":	false,
					"sender":	false
				}],
			"sum":	{
				"start":	3.000384,
				"end":	4.000263,
				"seconds":	0.999879002571106,
				"bytes":	4601136,
				"bits_per_second":	36813542.3439721,
				"omitted":	false,
				"sender":	false
			}
		}, {
			"streams":	[{
					"socket":	5,
					"start":	4.000263,
					"end":	5.000313,
					"seconds":	1.0000499486923218,
					"bytes":	4565544,
					"bits_per_second":	36522527.747498728,
					"omitted":	false,
					"sender":	false
				}],
			"sum":	{
				"start":	4.000263,
				"end":	5.000313,
				"seconds":	1.0000499486923218,
				"bytes":	4565544,
				"bits_per_second":	36522527.747498728,
				"omitted":	false,
				"sender":	false
			}
		}, {
			"streams":	[{
					"socket":	5,
					"start":	5.000313,
					"end":	6.000186,
					"seconds":	0.99987298250198364,
					"bytes":	3937112,
					"bits_per_second":	31500897.165143188,
					"omitted":	false,
					"sender":	false
				}],
			"sum":	{
				"start":	5.000313,
				"end":	6.000186,
				"seconds":	0.99987298250198364,
				"bytes":	3937112,
				"bits_per_second":	31500897.165143188,
				"omitted":	false,
				"sender":	false
			}
		}, {
			"streams":	[{
					"socket":	5,
					"start":	6.000186,
					"end":	7.000194,
					"seconds":	1.0000079870224,
					"bytes":	4178928,
					"bits_per_second":	33431156.984600309,
					"omitted":	false,
					"sender":	false
				}],
			"sum":	{
				"start":	6.000186,
				"end":	7.000194,
				"seconds":	1.0000079870224,
				"bytes":	4178928,
				"bits_per_second":	33431156.984600309,
				"omitted":	false,
				"sender":	false
			}
		}, {
			"streams":	[{
					"socket":	5,
					"start":	7.000194,
					"end":	8.000243,
					"seconds":	1.0000489950180054,
					"bytes":	4448256,
					"bits_per_second":	35584304.546358041,
					"omitted":	false,
					"sender":	false
				}],
			"sum":	{
				"start":	7.000194,
				"end":	8.000243,
				"seconds":	1.0000489950180054,
				"bytes":	4448256,
				"bits_per_second":	35584304.546358041,
				"omitted":	false,
				"sender":	false
			}
		}, {
			"streams":	[{
					"socket":	5,
					"start":	8.000243,
					"end":	9.000203,
					"seconds":	0.99996000528335571,
					"bytes":	4361376,
					"bits_per_second":	34892403.5117915,
					"omitted":	false,
					"sender":	false
				}],
			"sum":	{
				"start":	8.000243,
				"end":	9.000203,
				"seconds":	0.99996000528335571,
				"bytes":	4361376,
				"bits_per_second":	34892403.5117915,
				"omitted":	false,
				"sender":	false
			}
		}, {
			"streams":	[{
					"socket":	5,
					"start":	9.000203,
					"end":	10.000251,
					"seconds":	1.000048041343689,
					"bytes":	4661112,
					"bits_per_second":	37287104.677389026,
					"omitted":	false,
					"sender":	false
				}],
			"sum":	{
				"start":	9.000203,
				"end":	10.000251,
				"seconds":	1.000048041343689,
				"bytes":	4661112,
				"bits_per_second":	37287104.677389026,
				"omitted":	false,
				"sender":	false
			}
		}],
	"end":	{
		"streams":	[{
				"sender":	{
					"socket":	5,
					"start":	0,
					"end":	10.280274,
					"seconds":	10.280274,
					"bytes":	39833912,
					"bits_per_second":	30998327.087390859,
					"retransmits":	1206,
					"max_snd_cwnd":	0,
					"max_rtt":	0,
					"min_rtt":	0,
					"mean_rtt":	0,
					"sender":	false
				},
				"receiver":	{
					"socket":	5,
					"start":	0,
					"end":	10.000251,
					"seconds":	10.000251,
					"bytes":	37393384,
					"bits_per_second":	29913956.359695371,
					"sender":	false
				}
			}],
		"sum_sent":	{
			"start":	0,
			"end":	10.280274,
			"seconds":	10.280274,
			"bytes":	39833912,
			"bits_per_second":	30998327.087390859,
			"retransmits":	1206,
			"sender":	false
		},
		"sum_received":	{
			"start":	0,
			"end":	10.000251,
			"seconds":	10.000251,
			"bytes":	37393384,
			"bits_per_second":	29913956.359695371,
			"sender":	false
		},
		"cpu_utilization_percent":	{
			"host_total":	3.1119365928873641,
			"host_user":	0.73513099591355069,
			"host_system":	2.3768405470419616,
			"remote_total":	0.19628826669729538,
			"remote_user":	0.010847195791288034,
			"remote_system":	0.18543255662359662
		},
		"sender_tcp_congestion":	"cubic",
		"receiver_tcp_congestion":	"cubic"
	}
}
