{
	"start":	{
		"connected":	[{
				"socket":	5,
				"local_host":	"172.26.184.25",
				"local_port":	46822,
				"remote_host":	"188.166.241.168",
				"remote_port":	5204
			}],
		"version":	"iperf 3.9",
		"system_info":	"Linux A-Tower 5.15.90.1-microsoft-standard-WSL2 #1 SMP Fri Jan 27 02:56:13 UTC 2023 x86_64",
		"timestamp":	{
			"time":	"Mon, 02 Oct 2023 06:59:27 GMT",
			"timesecs":	1696229967
		},
		"connecting_to":	{
			"host":	"sgp1.iperf.comnet-student.eu",
			"port":	5204
		},
		"cookie":	"2vyan3gxw4mhmobpnrxlbibxrkjz27itmjnk",
		"tcp_mss_default":	1448,
		"sock_bufsize":	0,
		"sndbuf_actual":	16384,
		"rcvbuf_actual":	131072,
		"test_start":	{
			"protocol":	"TCP",
			"num_streams":	1,
			"blksize":	131072,
			"omit":	0,
			"duration":	10,
			"bytes":	0,
			"blocks":	0,
			"reverse":	0,
			"tos":	0
		}
	},
	"intervals":	[{
			"streams":	[{
					"socket":	5,
					"start":	0,
					"end":	1.000327,
					"seconds":	1.0003269910812378,
					"bytes":	295392,
					"bits_per_second":	2362363.5281956387,
					"retransmits":	0,
					"snd_cwnd":	57920,
					"rtt":	267713,
					"rttvar":	484,
					"pmtu":	1500,
					"omitted":	false,
					"sender":	true
				}],
			"sum":	{
				"start":	0,
				"end":	1.000327,
				"seconds":	1.0003269910812378,
				"bytes":	295392,
				"bits_per_second":	2362363.5281956387,
				"retransmits":	0,
				"omitted":	false,
				"sender":	true
			}
		}, {
			"streams":	[{
					"socket":	5,
					"start":	1.000327,
					"end":	2.000319,
					"seconds":	0.9999920129776,
					"bytes":	3166776,
					"bits_per_second":	25334410.346502926,
					"retransmits":	30,
					"snd_cwnd":	254848,
					"rtt":	267887,
					"rttvar":	278,
					"pmtu":	1500,
					"omitted":	false,
					"sender":	true
				}],
			"sum":	{
				"start":	1.000327,
				"end":	2.000319,
				"seconds":	0.9999920129776,
				"bytes":	3166776,
				"bits_per_second":	25334410.346502926,
				"retransmits":	30,
				"omitted":	false,
				"sender":	true
			}
		}, {
			"streams":	[{
					"socket":	5,
					"start":	2.000319,
					"end":	3.000757,
					"seconds":	1.0004379749298096,
					"bytes":	1310720,
					"bits_per_second":	10481169.510519309,
					"retransmits":	168,
					"snd_cwnd":	270776,
					"rtt":	266641,
					"rttvar":	449,
					"pmtu":	1500,
					"omitted":	false,
					"sender":	true
				}],
			"sum":	{
				"start":	2.000319,
				"end":	3.000757,
				"seconds":	1.0004379749298096,
				"bytes":	1310720,
				"bits_per_second":	10481169.510519309,
				"retransmits":	168,
				"omitted":	false,
				"sender":	true
			}
		}, {
			"streams":	[{
					"socket":	5,
					"start":	3.000757,
					"end":	4.000665,
					"seconds":	0.9999079704284668,
					"bytes":	1310720,
					"bits_per_second":	10486725.08881671,
					"retransmits":	31,
					"snd_cwnd":	209960,
					"rtt":	268048,
					"rttvar":	569,
					"pmtu":	1500,
					"omitted":	false,
					"sender":	true
				}],
			"sum":	{
				"start":	3.000757,
				"end":	4.000665,
				"seconds":	0.9999079704284668,
				"bytes":	1310720,
				"bits_per_second":	10486725.08881671,
				"retransmits":	31,
				"omitted":	false,
				"sender":	true
			}
		}, {
			"streams":	[{
					"socket":	5,
					"start":	4.000665,
					"end":	5.000677,
					"seconds":	1.0000120401382446,
					"bytes":	1310720,
					"bits_per_second":	10485633.751520049,
					"retransmits":	0,
					"snd_cwnd":	305528,
					"rtt":	266615,
					"rttvar":	219,
					"pmtu":	1500,
					"omitted":	false,
					"sender":	true
				}],
			"sum":	{
				"start":	4.000665,
				"end":	5.000677,
				"seconds":	1.0000120401382446,
				"bytes":	1310720,
				"bits_per_second":	10485633.751520049,
				"retransmits":	0,
				"omitted":	false,
				"sender":	true
			}
		}, {
			"streams":	[{
					"socket":	5,
					"start":	5.000677,
					"end":	6.000267,
					"seconds":	0.99958997964859,
					"bytes":	1310720,
					"bits_per_second":	10490061.138554342,
					"retransmits":	0,
					"snd_cwnd":	325800,
					"rtt":	267229,
					"rttvar":	290,
					"pmtu":	1500,
					"omitted":	false,
					"sender":	true
				}],
			"sum":	{
				"start":	5.000677,
				"end":	6.000267,
				"seconds":	0.99958997964859,
				"bytes":	1310720,
				"bits_per_second":	10490061.138554342,
				"retransmits":	0,
				"omitted":	false,
				"sender":	true
			}
		}, {
			"streams":	[{
					"socket":	5,
					"start":	6.000267,
					"end":	7.000128,
					"seconds":	0.99986100196838379,
					"bytes":	1310720,
					"bits_per_second":	10487217.702617794,
					"retransmits":	0,
					"snd_cwnd":	333040,
					"rtt":	266690,
					"rttvar":	291,
					"pmtu":	1500,
					"omitted":	false,
					"sender":	true
				}],
			"sum":	{
				"start":	6.000267,
				"end":	7.000128,
				"seconds":	0.99986100196838379,
				"bytes":	1310720,
				"bits_per_second":	10487217.702617794,
				"retransmits":	0,
				"omitted":	false,
				"sender":	true
			}
		}, {
			"streams":	[{
					"socket":	5,
					"start":	7.000128,
					"end":	8.001167,
					"seconds":	1.0010390281677246,
					"bytes":	0,
					"bits_per_second":	0,
					"retransmits":	0,
					"snd_cwnd":	335936,
					"rtt":	272374,
					"rttvar":	10864,
					"pmtu":	1500,
					"omitted":	false,
					"sender":	true
				}],
			"sum":	{
				"start":	7.000128,
				"end":	8.001167,
				"seconds":	1.0010390281677246,
				"bytes":	0,
				"bits_per_second":	0,
				"retransmits":	0,
				"omitted":	false,
				"sender":	true
			}
		}, {
			"streams":	[{
					"socket":	5,
					"start":	8.001167,
					"end":	9.001136,
					"seconds":	0.9999690055847168,
					"bytes":	1310720,
					"bits_per_second":	10486085.0100735,
					"retransmits":	0,
					"snd_cwnd":	335936,
					"rtt":	266778,
					"rttvar":	384,
					"pmtu":	1500,
					"omitted":	false,
					"sender":	true
				}],
			"sum":	{
				"start":	8.001167,
				"end":	9.001136,
				"seconds":	0.9999690055847168,
				"bytes":	1310720,
				"bits_per_second":	10486085.0100735,
				"retransmits":	0,
				"omitted":	false,
				"sender":	true
			}
		}, {
			"streams":	[{
					"socket":	5,
					"start":	9.001136,
					"end":	10.001236,
					"seconds":	1.0001000165939331,
					"bytes":	1310720,
					"bits_per_second":	10484711.354881912,
					"retransmits":	0,
					"snd_cwnd":	337384,
					"rtt":	271176,
					"rttvar":	9011,
					"pmtu":	1500,
					"omitted":	false,
					"sender":	true
				}],
			"sum":	{
				"start":	9.001136,
				"end":	10.001236,
				"seconds":	1.0001000165939331,
				"bytes":	1310720,
				"bits_per_second":	10484711.354881912,
				"retransmits":	0,
				"omitted":	false,
				"sender":	true
			}
		}],
	"end":	{
		"streams":	[{
				"sender":	{
					"socket":	5,
					"start":	0,
					"end":	10.001236,
					"seconds":	10.001236,
					"bytes":	12637208,
					"bits_per_second":	10108516.98730037,
					"retransmits":	229,
					"max_snd_cwnd":	337384,
					"max_rtt":	272374,
					"min_rtt":	266615,
					"mean_rtt":	268115,
					"sender":	true
				},
				"receiver":	{
					"socket":	5,
					"start":	0,
					"end":	10.2723,
					"seconds":	10.001236,
					"bytes":	10301072,
					"bits_per_second":	8022407.4452654226,
					"sender":	true
				}
			}],
		"sum_sent":	{
			"start":	0,
			"end":	10.001236,
			"seconds":	10.001236,
			"bytes":	12637208,
			"bits_per_second":	10108516.98730037,
			"retransmits":	229,
			"sender":	true
		},
		"sum_received":	{
			"start":	0,
			"end":	10.2723,
			"seconds":	10.2723,
			"bytes":	10301072,
			"bits_per_second":	8022407.4452654226,
			"sender":	true
		},
		"cpu_utilization_percent":	{
			"host_total":	4.82439646491327,
			"host_user":	2.0026312801427784,
			"host_system":	2.82176518477049,
			"remote_total":	0.002057493256898696,
			"remote_user":	0.000385367110985772,
			"remote_system":	0.0016725178056910112
		},
		"sender_tcp_congestion":	"cubic",
		"receiver_tcp_congestion":	"cubic"
	}
}
