{
	"start":	{
		"connected":	[{
				"socket":	5,
				"local_host":	"172.26.184.25",
				"local_port":	58946,
				"remote_host":	"188.166.241.168",
				"remote_port":	5206
			}],
		"version":	"iperf 3.9",
		"system_info":	"Linux A-Tower 5.15.90.1-microsoft-standard-WSL2 #1 SMP Fri Jan 27 02:56:13 UTC 2023 x86_64",
		"timestamp":	{
			"time":	"Sun, 01 Oct 2023 23:59:35 GMT",
			"timesecs":	1696204775
		},
		"connecting_to":	{
			"host":	"sgp1.iperf.comnet-student.eu",
			"port":	5206
		},
		"cookie":	"tjnjoczwqqryxpg7d2bcgp7w2gmb5zkbkjm3",
		"tcp_mss_default":	1448,
		"sock_bufsize":	0,
		"sndbuf_actual":	16384,
		"rcvbuf_actual":	131072,
		"test_start":	{
			"protocol":	"TCP",
			"num_streams":	1,
			"blksize":	131072,
			"omit":	0,
			"duration":	10,
			"bytes":	0,
			"blocks":	0,
			"reverse":	1,
			"tos":	0
		}
	},
	"intervals":	[{
			"streams":	[{
					"socket":	5,
					"start":	0,
					"end":	1.000382,
					"seconds":	1.0003819465637207,
					"bytes":	176656,
					"bits_per_second":	1412708.4208731083,
					"omitted":	false,
					"sender":	false
				}],
			"sum":	{
				"start":	0,
				"end":	1.000382,
				"seconds":	1.0003819465637207,
				"bytes":	176656,
				"bits_per_second":	1412708.4208731083,
				"omitted":	false,
				"sender":	false
			}
		}, {
			"streams":	[{
					"socket":	5,
					"start":	1.000382,
					"end":	2.000297,
					"seconds":	0.99991500377655029,
					"bytes":	2380512,
					"bits_per_second":	19045714.813832074,
					"omitted":	false,
					"sender":	false
				}],
			"sum":	{
				"start":	1.000382,
				"end":	2.000297,
				"seconds":	0.99991500377655029,
				"bytes":	2380512,
				"bits_per_second":	19045714.813832074,
				"omitted":	false,
				"sender":	false
			}
		}, {
			"streams":	[{
					"socket":	5,
					"start":	2.000297,
					"end":	3.000359,
					"seconds":	1.0000619888305664,
					"bytes":	3120440,
					"bits_per_second":	24961972.636507634,
					"omitted":	false,
					"sender":	false
				}],
			"sum":	{
				"start":	2.000297,
				"end":	3.000359,
				"seconds":	1.0000619888305664,
				"bytes":	3120440,
				"bits_per_second":	24961972.636507634,
				"omitted":	false,
				"sender":	false
			}
		}, {
			"streams":	[{
					"socket":	5,
					"start":	3.000359,
					"end":	4.000355,
					"seconds":	0.9999960064888,
					"bytes":	3050936,
					"bits_per_second":	24407585.471965946,
					"omitted":	false,
					"sender":	false
				}],
			"sum":	{
				"start":	3.000359,
				"end":	4.000355,
				"seconds":	0.9999960064888,
				"bytes":	3050936,
				"bits_per_second":	24407585.471965946,
				"omitted":	false,
				"sender":	false
			}
		}, {
			"streams":	[{
					"socket":	5,
					"start":	4.000355,
					"end":	5.000274,
					"seconds":	0.99991899728775024,
					"bytes":	4436672,
					"bits_per_second":	35496251.2926294,
					"omitted":	false,
					"sender":	false
				}],
			"sum":	{
				"start":	4.000355,
				"end":	5.000274,
				"seconds":	0.99991899728775024,
				"bytes":	4436672,
				"bits_per_second":	35496251.2926294,
				"omitted":	false,
				"sender":	false
			}
		}, {
			"streams":	[{
					"socket":	5,
					"start":	5.000274,
					"end":	6.000152,
					"seconds":	0.99987798929214478,
					"bytes":	3557736,
					"bits_per_second":	28465361.078854587,
					"omitted":	false,
					"sender":	false
				}],
			"sum":	{
				"start":	5.000274,
				"end":	6.000152,
				"seconds":	0.99987798929214478,
				"bytes":	3557736,
				"bits_per_second":	28465361.078854587,
				"omitted":	false,
				"sender":	false
			}
		}, {
			"streams":	[{
					"socket":	5,
					"start":	6.000152,
					"end":	7.000238,
					"seconds":	1.0000859498977661,
					"bytes":	3505608,
					"bits_per_second":	28042453.753966734,
					"omitted":	false,
					"sender":	false
				}],
			"sum":	{
				"start":	6.000152,
				"end":	7.000238,
				"seconds":	1.0000859498977661,
				"bytes":	3505608,
				"bits_per_second":	28042453.753966734,
				"omitted":	false,
				"sender":	false
			}
		}, {
			"streams":	[{
					"socket":	5,
					"start":	7.000238,
					"end":	8.000307,
					"seconds":	1.00006902217865,
					"bytes":	4245536,
					"bits_per_second":	33961943.872642726,
					"omitted":	false,
					"sender":	false
				}],
			"sum":	{
				"start":	7.000238,
				"end":	8.000307,
				"seconds":	1.00006902217865,
				"bytes":	4245536,
				"bits_per_second":	33961943.872642726,
				"omitted":	false,
				"sender":	false
			}
		}, {
			"streams":	[{
					"socket":	5,
					"start":	8.000307,
					"end":	9.000231,
					"seconds":	0.99992400407791138,
					"bytes":	3968968,
					"bits_per_second":	31754157.186455533,
					"omitted":	false,
					"sender":	false
				}],
			"sum":	{
				"start":	8.000307,
				"end":	9.000231,
				"seconds":	0.99992400407791138,
				"bytes":	3968968,
				"bits_per_second":	31754157.186455533,
				"omitted":	false,
				"sender":	false
			}
		}, {
			"streams":	[{
					"socket":	5,
					"start":	9.000231,
					"end":	10.000162,
					"seconds":	0.99993097782135,
					"bytes":	3835752,
					"bits_per_second":	30688134.161878552,
					"omitted":	false,
					"sender":	false
				}],
			"sum":	{
				"start":	9.000231,
				"end":	10.000162,
				"seconds":	0.99993097782135,
				"bytes":	3835752,
				"bits_per_second":	30688134.161878552,
				"omitted":	false,
				"sender":	false
			}
		}],
	"end":	{
		"streams":	[{
				"sender":	{
					"socket":	5,
					"start":	0,
					"end":	10.269376,
					"seconds":	10.269376,
					"bytes":	35571608,
					"bits_per_second":	27710823.325584732,
					"retransmits":	1401,
					"max_snd_cwnd":	0,
					"max_rtt":	0,
					"min_rtt":	0,
					"mean_rtt":	0,
					"sender":	false
				},
				"receiver":	{
					"socket":	5,
					"start":	0,
					"end":	10.000162,
					"seconds":	10.000162,
					"bytes":	32278816,
					"bits_per_second":	25822634.473321535,
					"sender":	false
				}
			}],
		"sum_sent":	{
			"start":	0,
			"end":	10.269376,
			"seconds":	10.269376,
			"bytes":	35571608,
			"bits_per_second":	27710823.325584732,
			"retransmits":	1401,
			"sender":	false
		},
		"sum_received":	{
			"start":	0,
			"end":	10.000162,
			"seconds":	10.000162,
			"bytes":	32278816,
			"bits_per_second":	25822634.473321535,
			"sender":	false
		},
		"cpu_utilization_percent":	{
			"host_total":	2.9238638544668882,
			"host_user":	1.0582361782122824,
			"host_system":	1.8655925562433808,
			"remote_total":	0.00862620576661354,
			"remote_user":	0.00298914673355408,
			"remote_system":	0.0056374772125129475
		},
		"sender_tcp_congestion":	"cubic",
		"receiver_tcp_congestion":	"cubic"
	}
}
