{
	"start":	{
		"connected":	[{
				"socket":	5,
				"local_host":	"172.26.184.25",
				"local_port":	60046,
				"remote_host":	"188.166.241.168",
				"remote_port":	5201
			}],
		"version":	"iperf 3.9",
		"system_info":	"Linux A-Tower 5.15.90.1-microsoft-standard-WSL2 #1 SMP Fri Jan 27 02:56:13 UTC 2023 x86_64",
		"timestamp":	{
			"time":	"Sun, 01 Oct 2023 16:59:22 GMT",
			"timesecs":	1696179562
		},
		"connecting_to":	{
			"host":	"sgp1.iperf.comnet-student.eu",
			"port":	5201
		},
		"cookie":	"yolbihdgrf6s644w4lcfmujc6ubwhrdpn4v3",
		"tcp_mss_default":	1448,
		"sock_bufsize":	0,
		"sndbuf_actual":	16384,
		"rcvbuf_actual":	131072,
		"test_start":	{
			"protocol":	"TCP",
			"num_streams":	1,
			"blksize":	131072,
			"omit":	0,
			"duration":	10,
			"bytes":	0,
			"blocks":	0,
			"reverse":	0,
			"tos":	0
		}
	},
	"intervals":	[{
			"streams":	[{
					"socket":	5,
					"start":	0,
					"end":	1.000548,
					"seconds":	1.0005480051040649,
					"bytes":	295392,
					"bits_per_second":	2361841.698694122,
					"retransmits":	5,
					"snd_cwnd":	21720,
					"rtt":	278866,
					"rttvar":	350,
					"pmtu":	1500,
					"omitted":	false,
					"sender":	true
				}],
			"sum":	{
				"start":	0,
				"end":	1.000548,
				"seconds":	1.0005480051040649,
				"bytes":	295392,
				"bits_per_second":	2361841.698694122,
				"retransmits":	5,
				"omitted":	false,
				"sender":	true
			}
		}, {
			"streams":	[{
					"socket":	5,
					"start":	1.000548,
					"end":	2.000957,
					"seconds":	1.0004090070724487,
					"bytes":	201272,
					"bits_per_second":	1609517.6958791541,
					"retransmits":	0,
					"snd_cwnd":	57920,
					"rtt":	277739,
					"rttvar":	288,
					"pmtu":	1500,
					"omitted":	false,
					"sender":	true
				}],
			"sum":	{
				"start":	1.000548,
				"end":	2.000957,
				"seconds":	1.0004090070724487,
				"bytes":	201272,
				"bits_per_second":	1609517.6958791541,
				"retransmits":	0,
				"omitted":	false,
				"sender":	true
			}
		}, {
			"streams":	[{
					"socket":	5,
					"start":	2.000957,
					"end":	3.000956,
					"seconds":	0.99999898672103882,
					"bytes":	215752,
					"bits_per_second":	1726017.7489374715,
					"retransmits":	0,
					"snd_cwnd":	63712,
					"rtt":	277679,
					"rttvar":	433,
					"pmtu":	1500,
					"omitted":	false,
					"sender":	true
				}],
			"sum":	{
				"start":	2.000957,
				"end":	3.000956,
				"seconds":	0.99999898672103882,
				"bytes":	215752,
				"bits_per_second":	1726017.7489374715,
				"retransmits":	0,
				"omitted":	false,
				"sender":	true
			}
		}, {
			"streams":	[{
					"socket":	5,
					"start":	3.000956,
					"end":	4.000162,
					"seconds":	0.999206006526947,
					"bytes":	373584,
					"bits_per_second":	2991046.87169372,
					"retransmits":	0,
					"snd_cwnd":	63712,
					"rtt":	278553,
					"rttvar":	1569,
					"pmtu":	1500,
					"omitted":	false,
					"sender":	true
				}],
			"sum":	{
				"start":	3.000956,
				"end":	4.000162,
				"seconds":	0.999206006526947,
				"bytes":	373584,
				"bits_per_second":	2991046.87169372,
				"retransmits":	0,
				"omitted":	false,
				"sender":	true
			}
		}, {
			"streams":	[{
					"socket":	5,
					"start":	4.000162,
					"end":	5.000396,
					"seconds":	1.0002340078353882,
					"bytes":	186792,
					"bits_per_second":	1493986.3954774949,
					"retransmits":	0,
					"snd_cwnd":	63712,
					"rtt":	282201,
					"rttvar":	7057,
					"pmtu":	1500,
					"omitted":	false,
					"sender":	true
				}],
			"sum":	{
				"start":	4.000162,
				"end":	5.000396,
				"seconds":	1.0002340078353882,
				"bytes":	186792,
				"bits_per_second":	1493986.3954774949,
				"retransmits":	0,
				"omitted":	false,
				"sender":	true
			}
		}, {
			"streams":	[{
					"socket":	5,
					"start":	5.000396,
					"end":	6.00046,
					"seconds":	1.0000640153884888,
					"bytes":	186792,
					"bits_per_second":	1494240.3456237793,
					"retransmits":	0,
					"snd_cwnd":	66608,
					"rtt":	278494,
					"rttvar":	2177,
					"pmtu":	1500,
					"omitted":	false,
					"sender":	true
				}],
			"sum":	{
				"start":	5.000396,
				"end":	6.00046,
				"seconds":	1.0000640153884888,
				"bytes":	186792,
				"bits_per_second":	1494240.3456237793,
				"retransmits":	0,
				"omitted":	false,
				"sender":	true
			}
		}, {
			"streams":	[{
					"socket":	5,
					"start":	6.00046,
					"end":	7.00022,
					"seconds":	0.9997599720954895,
					"bytes":	373584,
					"bits_per_second":	2989389.53690631,
					"retransmits":	0,
					"snd_cwnd":	75296,
					"rtt":	278259,
					"rttvar":	1596,
					"pmtu":	1500,
					"omitted":	false,
					"sender":	true
				}],
			"sum":	{
				"start":	6.00046,
				"end":	7.00022,
				"seconds":	0.9997599720954895,
				"bytes":	373584,
				"bits_per_second":	2989389.53690631,
				"retransmits":	0,
				"omitted":	false,
				"sender":	true
			}
		}, {
			"streams":	[{
					"socket":	5,
					"start":	7.00022,
					"end":	8.000593,
					"seconds":	1.0003730058670044,
					"bytes":	186792,
					"bits_per_second":	1493778.8117392145,
					"retransmits":	3,
					"snd_cwnd":	59368,
					"rtt":	278541,
					"rttvar":	523,
					"pmtu":	1500,
					"omitted":	false,
					"sender":	true
				}],
			"sum":	{
				"start":	7.00022,
				"end":	8.000593,
				"seconds":	1.0003730058670044,
				"bytes":	186792,
				"bits_per_second":	1493778.8117392145,
				"retransmits":	3,
				"omitted":	false,
				"sender":	true
			}
		}, {
			"streams":	[{
					"socket":	5,
					"start":	8.000593,
					"end":	9.000123,
					"seconds":	0.999530017375946,
					"bytes":	373584,
					"bits_per_second":	2990077.2843682314,
					"retransmits":	0,
					"snd_cwnd":	76744,
					"rtt":	278814,
					"rttvar":	2980,
					"pmtu":	1500,
					"omitted":	false,
					"sender":	true
				}],
			"sum":	{
				"start":	8.000593,
				"end":	9.000123,
				"seconds":	0.999530017375946,
				"bytes":	373584,
				"bits_per_second":	2990077.2843682314,
				"retransmits":	0,
				"omitted":	false,
				"sender":	true
			}
		}, {
			"streams":	[{
					"socket":	5,
					"start":	9.000123,
					"end":	10.000388,
					"seconds":	1.0002650022506714,
					"bytes":	186792,
					"bits_per_second":	1493940.1025104665,
					"retransmits":	0,
					"snd_cwnd":	82536,
					"rtt":	277435,
					"rttvar":	431,
					"pmtu":	1500,
					"omitted":	false,
					"sender":	true
				}],
			"sum":	{
				"start":	9.000123,
				"end":	10.000388,
				"seconds":	1.0002650022506714,
				"bytes":	186792,
				"bits_per_second":	1493940.1025104665,
				"retransmits":	0,
				"omitted":	false,
				"sender":	true
			}
		}],
	"end":	{
		"streams":	[{
				"sender":	{
					"socket":	5,
					"start":	0,
					"end":	10.000388,
					"seconds":	10.000388,
					"bytes":	2580336,
					"bits_per_second":	2064188.7094780724,
					"retransmits":	8,
					"max_snd_cwnd":	82536,
					"max_rtt":	282201,
					"min_rtt":	277435,
					"mean_rtt":	278658,
					"sender":	true
				},
				"receiver":	{
					"socket":	5,
					"start":	0,
					"end":	10.266038,
					"seconds":	10.000388,
					"bytes":	2244400,
					"bits_per_second":	1748990.2141410348,
					"sender":	true
				}
			}],
		"sum_sent":	{
			"start":	0,
			"end":	10.000388,
			"seconds":	10.000388,
			"bytes":	2580336,
			"bits_per_second":	2064188.7094780724,
			"retransmits":	8,
			"sender":	true
		},
		"sum_received":	{
			"start":	0,
			"end":	10.266038,
			"seconds":	10.266038,
			"bytes":	2244400,
			"bits_per_second":	1748990.2141410348,
			"sender":	true
		},
		"cpu_utilization_percent":	{
			"host_total":	2.42598837246047,
			"host_user":	0.88395950093853159,
			"host_system":	1.5420200936354707,
			"remote_total":	0.2078013009279025,
			"remote_user":	0.0077439663543656528,
			"remote_system":	0.20006707541171845
		},
		"sender_tcp_congestion":	"cubic",
		"receiver_tcp_congestion":	"cubic"
	}
}
