{
	"start":	{
		"connected":	[{
				"socket":	5,
				"local_host":	"172.26.184.25",
				"local_port":	40340,
				"remote_host":	"188.166.241.168",
				"remote_port":	5203
			}],
		"version":	"iperf 3.9",
		"system_info":	"Linux A-Tower 5.15.90.1-microsoft-standard-WSL2 #1 SMP Fri Jan 27 02:56:13 UTC 2023 x86_64",
		"timestamp":	{
			"time":	"Sun, 01 Oct 2023 22:59:36 GMT",
			"timesecs":	1696201176
		},
		"connecting_to":	{
			"host":	"sgp1.iperf.comnet-student.eu",
			"port":	5203
		},
		"cookie":	"iub6sckeiuk6drducyng3pelcqkbmmcso26x",
		"tcp_mss_default":	1448,
		"sock_bufsize":	0,
		"sndbuf_actual":	16384,
		"rcvbuf_actual":	131072,
		"test_start":	{
			"protocol":	"TCP",
			"num_streams":	1,
			"blksize":	131072,
			"omit":	0,
			"duration":	10,
			"bytes":	0,
			"blocks":	0,
			"reverse":	1,
			"tos":	0
		}
	},
	"intervals":	[{
			"streams":	[{
					"socket":	5,
					"start":	0,
					"end":	1.000295,
					"seconds":	1.0002950429916382,
					"bytes":	143352,
					"bits_per_second":	1146477.7397778095,
					"omitted":	false,
					"sender":	false
				}],
			"sum":	{
				"start":	0,
				"end":	1.000295,
				"seconds":	1.0002950429916382,
				"bytes":	143352,
				"bits_per_second":	1146477.7397778095,
				"omitted":	false,
				"sender":	false
			}
		}, {
			"streams":	[{
					"socket":	5,
					"start":	1.000295,
					"end":	2.000212,
					"seconds":	0.999916970729828,
					"bytes":	2119872,
					"bits_per_second":	16960384.208322655,
					"omitted":	false,
					"sender":	false
				}],
			"sum":	{
				"start":	1.000295,
				"end":	2.000212,
				"seconds":	0.999916970729828,
				"bytes":	2119872,
				"bits_per_second":	16960384.208322655,
				"omitted":	false,
				"sender":	false
			}
		}, {
			"streams":	[{
					"socket":	5,
					"start":	2.000212,
					"end":	3.000343,
					"seconds":	1.0001310110092163,
					"bytes":	3042248,
					"bits_per_second":	24334795.8738335,
					"omitted":	false,
					"sender":	false
				}],
			"sum":	{
				"start":	2.000212,
				"end":	3.000343,
				"seconds":	1.0001310110092163,
				"bytes":	3042248,
				"bits_per_second":	24334795.8738335,
				"omitted":	false,
				"sender":	false
			}
		}, {
			"streams":	[{
					"socket":	5,
					"start":	3.000343,
					"end":	4.000227,
					"seconds":	0.999884009361267,
					"bytes":	5098408,
					"bits_per_second":	40791995.489612028,
					"omitted":	false,
					"sender":	false
				}],
			"sum":	{
				"start":	3.000343,
				"end":	4.000227,
				"seconds":	0.999884009361267,
				"bytes":	5098408,
				"bits_per_second":	40791995.489612028,
				"omitted":	false,
				"sender":	false
			}
		}, {
			"streams":	[{
					"socket":	5,
					"start":	4.000227,
					"end":	5.000217,
					"seconds":	0.99998998641967773,
					"bytes":	3776384,
					"bits_per_second":	30211374.524025444,
					"omitted":	false,
					"sender":	false
				}],
			"sum":	{
				"start":	4.000227,
				"end":	5.000217,
				"seconds":	0.99998998641967773,
				"bytes":	3776384,
				"bits_per_second":	30211374.524025444,
				"omitted":	false,
				"sender":	false
			}
		}, {
			"streams":	[{
					"socket":	5,
					"start":	5.000217,
					"end":	6.00013,
					"seconds":	0.999912977218628,
					"bytes":	4074672,
					"bits_per_second":	32600212.961205207,
					"omitted":	false,
					"sender":	false
				}],
			"sum":	{
				"start":	5.000217,
				"end":	6.00013,
				"seconds":	0.999912977218628,
				"bytes":	4074672,
				"bits_per_second":	32600212.961205207,
				"omitted":	false,
				"sender":	false
			}
		}, {
			"streams":	[{
					"socket":	5,
					"start":	6.00013,
					"end":	7.000254,
					"seconds":	1.0001239776611328,
					"bytes":	3355016,
					"bits_per_second":	26836800.83620004,
					"omitted":	false,
					"sender":	false
				}],
			"sum":	{
				"start":	6.00013,
				"end":	7.000254,
				"seconds":	1.0001239776611328,
				"bytes":	3355016,
				"bits_per_second":	26836800.83620004,
				"omitted":	false,
				"sender":	false
			}
		}, {
			"streams":	[{
					"socket":	5,
					"start":	7.000254,
					"end":	8.000237,
					"seconds":	0.999983012676239,
					"bytes":	3630136,
					"bits_per_second":	29041581.338744733,
					"omitted":	false,
					"sender":	false
				}],
			"sum":	{
				"start":	7.000254,
				"end":	8.000237,
				"seconds":	0.999983012676239,
				"bytes":	3630136,
				"bits_per_second":	29041581.338744733,
				"omitted":	false,
				"sender":	false
			}
		}, {
			"streams":	[{
					"socket":	5,
					"start":	8.000237,
					"end":	9.000214,
					"seconds":	0.9999769926071167,
					"bytes":	3818376,
					"bits_per_second":	30547710.8231846,
					"omitted":	false,
					"sender":	false
				}],
			"sum":	{
				"start":	8.000237,
				"end":	9.000214,
				"seconds":	0.9999769926071167,
				"bytes":	3818376,
				"bits_per_second":	30547710.8231846,
				"omitted":	false,
				"sender":	false
			}
		}, {
			"streams":	[{
					"socket":	5,
					"start":	9.000214,
					"end":	10.00019,
					"seconds":	0.99997597932815552,
					"bytes":	3753216,
					"bits_per_second":	30026449.25548422,
					"omitted":	false,
					"sender":	false
				}],
			"sum":	{
				"start":	9.000214,
				"end":	10.00019,
				"seconds":	0.99997597932815552,
				"bytes":	3753216,
				"bits_per_second":	30026449.25548422,
				"omitted":	false,
				"sender":	false
			}
		}],
	"end":	{
		"streams":	[{
				"sender":	{
					"socket":	5,
					"start":	0,
					"end":	10.280556,
					"seconds":	10.280556,
					"bytes":	35458384,
					"bits_per_second":	27592580.790377483,
					"retransmits":	926,
					"max_snd_cwnd":	0,
					"max_rtt":	0,
					"min_rtt":	0,
					"mean_rtt":	0,
					"sender":	false
				},
				"receiver":	{
					"socket":	5,
					"start":	0,
					"end":	10.00019,
					"seconds":	10.00019,
					"bytes":	32811680,
					"bits_per_second":	26248845.271939833,
					"sender":	false
				}
			}],
		"sum_sent":	{
			"start":	0,
			"end":	10.280556,
			"seconds":	10.280556,
			"bytes":	35458384,
			"bits_per_second":	27592580.790377483,
			"retransmits":	926,
			"sender":	false
		},
		"sum_received":	{
			"start":	0,
			"end":	10.00019,
			"seconds":	10.00019,
			"bytes":	32811680,
			"bits_per_second":	26248845.271939833,
			"sender":	false
		},
		"cpu_utilization_percent":	{
			"host_total":	3.1145922391778522,
			"host_user":	0.93459014418221642,
			"host_system":	2.1799583763888744,
			"remote_total":	0.00598147595328496,
			"remote_user":	0,
			"remote_system":	0.00598147595328496
		},
		"sender_tcp_congestion":	"cubic",
		"receiver_tcp_congestion":	"cubic"
	}
}
