{
	"start":	{
		"connected":	[{
				"socket":	5,
				"local_host":	"172.26.184.25",
				"local_port":	47932,
				"remote_host":	"188.166.241.168",
				"remote_port":	5200
			}],
		"version":	"iperf 3.9",
		"system_info":	"Linux A-Tower 5.15.90.1-microsoft-standard-WSL2 #1 SMP Fri Jan 27 02:56:13 UTC 2023 x86_64",
		"timestamp":	{
			"time":	"Sun, 01 Oct 2023 15:59:35 GMT",
			"timesecs":	1696175975
		},
		"connecting_to":	{
			"host":	"sgp1.iperf.comnet-student.eu",
			"port":	5200
		},
		"cookie":	"hswv4ggwhcbj5nkh5mx3wy3kpcaflo2nakft",
		"tcp_mss_default":	1448,
		"sock_bufsize":	0,
		"sndbuf_actual":	16384,
		"rcvbuf_actual":	131072,
		"test_start":	{
			"protocol":	"TCP",
			"num_streams":	1,
			"blksize":	131072,
			"omit":	0,
			"duration":	10,
			"bytes":	0,
			"blocks":	0,
			"reverse":	1,
			"tos":	0
		}
	},
	"intervals":	[{
			"streams":	[{
					"socket":	5,
					"start":	0,
					"end":	1.000374,
					"seconds":	1.0003739595413208,
					"bytes":	124320,
					"bits_per_second":	994188.213831569,
					"omitted":	false,
					"sender":	false
				}],
			"sum":	{
				"start":	0,
				"end":	1.000374,
				"seconds":	1.0003739595413208,
				"bytes":	124320,
				"bits_per_second":	994188.213831569,
				"omitted":	false,
				"sender":	false
			}
		}, {
			"streams":	[{
					"socket":	5,
					"start":	1.000374,
					"end":	2.000277,
					"seconds":	0.99990302324295044,
					"bytes":	961680,
					"bits_per_second":	7694186.1572216628,
					"omitted":	false,
					"sender":	false
				}],
			"sum":	{
				"start":	1.000374,
				"end":	2.000277,
				"seconds":	0.99990302324295044,
				"bytes":	961680,
				"bits_per_second":	7694186.1572216628,
				"omitted":	false,
				"sender":	false
			}
		}, {
			"streams":	[{
					"socket":	5,
					"start":	2.000277,
					"end":	3.000053,
					"seconds":	0.999776005744934,
					"bytes":	2325488,
					"bits_per_second":	18608072.101248533,
					"omitted":	false,
					"sender":	false
				}],
			"sum":	{
				"start":	2.000277,
				"end":	3.000053,
				"seconds":	0.999776005744934,
				"bytes":	2325488,
				"bits_per_second":	18608072.101248533,
				"omitted":	false,
				"sender":	false
			}
		}, {
			"streams":	[{
					"socket":	5,
					"start":	3.000053,
					"end":	4.000294,
					"seconds":	1.0002410411834717,
					"bytes":	2697624,
					"bits_per_second":	21575791.345719691,
					"omitted":	false,
					"sender":	false
				}],
			"sum":	{
				"start":	3.000053,
				"end":	4.000294,
				"seconds":	1.0002410411834717,
				"bytes":	2697624,
				"bits_per_second":	21575791.345719691,
				"omitted":	false,
				"sender":	false
			}
		}, {
			"streams":	[{
					"socket":	5,
					"start":	4.000294,
					"end":	5.000165,
					"seconds":	0.999871015548706,
					"bytes":	2790296,
					"bits_per_second":	22325247.609812953,
					"omitted":	false,
					"sender":	false
				}],
			"sum":	{
				"start":	4.000294,
				"end":	5.000165,
				"seconds":	0.999871015548706,
				"bytes":	2790296,
				"bits_per_second":	22325247.609812953,
				"omitted":	false,
				"sender":	false
			}
		}, {
			"streams":	[{
					"socket":	5,
					"start":	5.000165,
					"end":	6.000164,
					"seconds":	0.99999898672103882,
					"bytes":	2422504,
					"bits_per_second":	19380051.637398589,
					"omitted":	false,
					"sender":	false
				}],
			"sum":	{
				"start":	5.000165,
				"end":	6.000164,
				"seconds":	0.99999898672103882,
				"bytes":	2422504,
				"bits_per_second":	19380051.637398589,
				"omitted":	false,
				"sender":	false
			}
		}, {
			"streams":	[{
					"socket":	5,
					"start":	6.000164,
					"end":	7.000297,
					"seconds":	1.0001330375671387,
					"bytes":	3133472,
					"bits_per_second":	25064441.48768279,
					"omitted":	false,
					"sender":	false
				}],
			"sum":	{
				"start":	6.000164,
				"end":	7.000297,
				"seconds":	1.0001330375671387,
				"bytes":	3133472,
				"bits_per_second":	25064441.48768279,
				"omitted":	false,
				"sender":	false
			}
		}, {
			"streams":	[{
					"socket":	5,
					"start":	7.000297,
					"end":	8.000236,
					"seconds":	0.99993902444839478,
					"bytes":	3410040,
					"bits_per_second":	27281983.533994868,
					"omitted":	false,
					"sender":	false
				}],
			"sum":	{
				"start":	7.000297,
				"end":	8.000236,
				"seconds":	0.99993902444839478,
				"bytes":	3410040,
				"bits_per_second":	27281983.533994868,
				"omitted":	false,
				"sender":	false
			}
		}, {
			"streams":	[{
					"socket":	5,
					"start":	8.000236,
					"end":	9.000903,
					"seconds":	1.0006669759750366,
					"bytes":	3030664,
					"bits_per_second":	24229151.737895306,
					"omitted":	false,
					"sender":	false
				}],
			"sum":	{
				"start":	8.000236,
				"end":	9.000903,
				"seconds":	1.0006669759750366,
				"bytes":	3030664,
				"bits_per_second":	24229151.737895306,
				"omitted":	false,
				"sender":	false
			}
		}, {
			"streams":	[{
					"socket":	5,
					"start":	9.000903,
					"end":	10.000238,
					"seconds":	0.999334990978241,
					"bytes":	3265240,
					"bits_per_second":	26139302.872232527,
					"omitted":	false,
					"sender":	false
				}],
			"sum":	{
				"start":	9.000903,
				"end":	10.000238,
				"seconds":	0.999334990978241,
				"bytes":	3265240,
				"bits_per_second":	26139302.872232527,
				"omitted":	false,
				"sender":	false
			}
		}],
	"end":	{
		"streams":	[{
				"sender":	{
					"socket":	5,
					"start":	0,
					"end":	10.269476,
					"seconds":	10.269476,
					"bytes":	25933680,
					"bits_per_second":	20202534.18967044,
					"retransmits":	2,
					"max_snd_cwnd":	0,
					"max_rtt":	0,
					"min_rtt":	0,
					"mean_rtt":	0,
					"sender":	false
				},
				"receiver":	{
					"socket":	5,
					"start":	0,
					"end":	10.000238,
					"seconds":	10.000238,
					"bytes":	24161328,
					"bits_per_second":	19328602.379263375,
					"sender":	false
				}
			}],
		"sum_sent":	{
			"start":	0,
			"end":	10.269476,
			"seconds":	10.269476,
			"bytes":	25933680,
			"bits_per_second":	20202534.18967044,
			"retransmits":	2,
			"sender":	false
		},
		"sum_received":	{
			"start":	0,
			"end":	10.000238,
			"seconds":	10.000238,
			"bytes":	24161328,
			"bits_per_second":	19328602.379263375,
			"sender":	false
		},
		"cpu_utilization_percent":	{
			"host_total":	3.0394690107315552,
			"host_user":	0.69251301830718381,
			"host_system":	2.3470086643574124,
			"remote_total":	0.0016894802445211043,
			"remote_user":	0.00026354898628578216,
			"remote_system":	0.0014260494946580612
		},
		"sender_tcp_congestion":	"cubic",
		"receiver_tcp_congestion":	"cubic"
	}
}
