{
	"start":	{
		"connected":	[{
				"socket":	5,
				"local_host":	"172.26.184.25",
				"local_port":	34064,
				"remote_host":	"188.166.241.168",
				"remote_port":	5200
			}],
		"version":	"iperf 3.9",
		"system_info":	"Linux A-Tower 5.15.90.1-microsoft-standard-WSL2 #1 SMP Fri Jan 27 02:56:13 UTC 2023 x86_64",
		"timestamp":	{
			"time":	"Sun, 01 Oct 2023 12:59:57 GMT",
			"timesecs":	1696165197
		},
		"connecting_to":	{
			"host":	"sgp1.iperf.comnet-student.eu",
			"port":	5200
		},
		"cookie":	"ppcx6qxzv7uj7p57mrmvhcqsmnrmgw5wokys",
		"tcp_mss_default":	1448,
		"sock_bufsize":	0,
		"sndbuf_actual":	16384,
		"rcvbuf_actual":	131072,
		"test_start":	{
			"protocol":	"TCP",
			"num_streams":	1,
			"blksize":	131072,
			"omit":	0,
			"duration":	10,
			"bytes":	0,
			"blocks":	0,
			"reverse":	1,
			"tos":	0
		}
	},
	"intervals":	[{
			"streams":	[{
					"socket":	5,
					"start":	0,
					"end":	1.000392,
					"seconds":	1.000391960144043,
					"bytes":	124320,
					"bits_per_second":	994170.324856266,
					"omitted":	false,
					"sender":	false
				}],
			"sum":	{
				"start":	0,
				"end":	1.000392,
				"seconds":	1.000391960144043,
				"bytes":	124320,
				"bits_per_second":	994170.324856266,
				"omitted":	false,
				"sender":	false
			}
		}, {
			"streams":	[{
					"socket":	5,
					"start":	1.000392,
					"end":	2.000214,
					"seconds":	0.99982202053070068,
					"bytes":	1542328,
					"bits_per_second":	12340820.412667764,
					"omitted":	false,
					"sender":	false
				}],
			"sum":	{
				"start":	1.000392,
				"end":	2.000214,
				"seconds":	0.99982202053070068,
				"bytes":	1542328,
				"bits_per_second":	12340820.412667764,
				"omitted":	false,
				"sender":	false
			}
		}, {
			"streams":	[{
					"socket":	5,
					"start":	2.000214,
					"end":	3.001017,
					"seconds":	1.0008029937744141,
					"bytes":	1269896,
					"bits_per_second":	10151016.796708271,
					"omitted":	false,
					"sender":	false
				}],
			"sum":	{
				"start":	2.000214,
				"end":	3.001017,
				"seconds":	1.0008029937744141,
				"bytes":	1269896,
				"bits_per_second":	10151016.796708271,
				"omitted":	false,
				"sender":	false
			}
		}, {
			"streams":	[{
					"socket":	5,
					"start":	3.001017,
					"end":	4.000326,
					"seconds":	0.999309003353119,
					"bytes":	5533368,
					"bits_per_second":	44297553.46090652,
					"omitted":	false,
					"sender":	false
				}],
			"sum":	{
				"start":	3.001017,
				"end":	4.000326,
				"seconds":	0.999309003353119,
				"bytes":	5533368,
				"bits_per_second":	44297553.46090652,
				"omitted":	false,
				"sender":	false
			}
		}, {
			"streams":	[{
					"socket":	5,
					"start":	4.000326,
					"end":	5.00019,
					"seconds":	0.99986398220062256,
					"bytes":	2984328,
					"bits_per_second":	23877871.81557817,
					"omitted":	false,
					"sender":	false
				}],
			"sum":	{
				"start":	4.000326,
				"end":	5.00019,
				"seconds":	0.99986398220062256,
				"bytes":	2984328,
				"bits_per_second":	23877871.81557817,
				"omitted":	false,
				"sender":	false
			}
		}, {
			"streams":	[{
					"socket":	5,
					"start":	5.00019,
					"end":	6.000365,
					"seconds":	1.0001749992370605,
					"bytes":	3321712,
					"bits_per_second":	26569046.437144075,
					"omitted":	false,
					"sender":	false
				}],
			"sum":	{
				"start":	5.00019,
				"end":	6.000365,
				"seconds":	1.0001749992370605,
				"bytes":	3321712,
				"bits_per_second":	26569046.437144075,
				"omitted":	false,
				"sender":	false
			}
		}, {
			"streams":	[{
					"socket":	5,
					"start":	6.000365,
					"end":	7.000256,
					"seconds":	0.99989098310470581,
					"bytes":	3602624,
					"bits_per_second":	28824134.31763285,
					"omitted":	false,
					"sender":	false
				}],
			"sum":	{
				"start":	6.000365,
				"end":	7.000256,
				"seconds":	0.99989098310470581,
				"bytes":	3602624,
				"bits_per_second":	28824134.31763285,
				"omitted":	false,
				"sender":	false
			}
		}, {
			"streams":	[{
					"socket":	5,
					"start":	7.000256,
					"end":	8.000231,
					"seconds":	0.999975025653839,
					"bytes":	2851112,
					"bits_per_second":	22809465.651490927,
					"omitted":	false,
					"sender":	false
				}],
			"sum":	{
				"start":	7.000256,
				"end":	8.000231,
				"seconds":	0.999975025653839,
				"bytes":	2851112,
				"bits_per_second":	22809465.651490927,
				"omitted":	false,
				"sender":	false
			}
		}, {
			"streams":	[{
					"socket":	5,
					"start":	8.000231,
					"end":	9.000278,
					"seconds":	1.000046968460083,
					"bytes":	3366600,
					"bits_per_second":	26931535.067270219,
					"omitted":	false,
					"sender":	false
				}],
			"sum":	{
				"start":	8.000231,
				"end":	9.000278,
				"seconds":	1.000046968460083,
				"bytes":	3366600,
				"bits_per_second":	26931535.067270219,
				"omitted":	false,
				"sender":	false
			}
		}, {
			"streams":	[{
					"socket":	5,
					"start":	9.000278,
					"end":	10.000221,
					"seconds":	0.99994301795959473,
					"bytes":	3715568,
					"bits_per_second":	29726237.86168693,
					"omitted":	false,
					"sender":	false
				}],
			"sum":	{
				"start":	9.000278,
				"end":	10.000221,
				"seconds":	0.99994301795959473,
				"bytes":	3715568,
				"bits_per_second":	29726237.86168693,
				"omitted":	false,
				"sender":	false
			}
		}],
	"end":	{
		"streams":	[{
				"sender":	{
					"socket":	5,
					"start":	0,
					"end":	10.289552,
					"seconds":	10.289552,
					"bytes":	30835248,
					"bits_per_second":	23974025.691303179,
					"retransmits":	1235,
					"max_snd_cwnd":	0,
					"max_rtt":	0,
					"min_rtt":	0,
					"mean_rtt":	0,
					"sender":	false
				},
				"receiver":	{
					"socket":	5,
					"start":	0,
					"end":	10.000221,
					"seconds":	10.000221,
					"bytes":	28311856,
					"bits_per_second":	22648984.25744791,
					"sender":	false
				}
			}],
		"sum_sent":	{
			"start":	0,
			"end":	10.289552,
			"seconds":	10.289552,
			"bytes":	30835248,
			"bits_per_second":	23974025.691303179,
			"retransmits":	1235,
			"sender":	false
		},
		"sum_received":	{
			"start":	0,
			"end":	10.000221,
			"seconds":	10.000221,
			"bytes":	28311856,
			"bits_per_second":	22648984.25744791,
			"sender":	false
		},
		"cpu_utilization_percent":	{
			"host_total":	3.1903893589734516,
			"host_user":	1.05373903976939,
			"host_system":	2.136615371926835,
			"remote_total":	0.0030455655368695311,
			"remote_user":	0,
			"remote_system":	0.0030457266523293454
		},
		"sender_tcp_congestion":	"cubic",
		"receiver_tcp_congestion":	"cubic"
	}
}
