{
	"start":	{
		"connected":	[{
				"socket":	5,
				"local_host":	"172.26.184.25",
				"local_port":	36702,
				"remote_host":	"188.166.241.168",
				"remote_port":	5202
			}],
		"version":	"iperf 3.9",
		"system_info":	"Linux A-Tower 5.15.90.1-microsoft-standard-WSL2 #1 SMP Fri Jan 27 02:56:13 UTC 2023 x86_64",
		"timestamp":	{
			"time":	"Sun, 01 Oct 2023 15:59:22 GMT",
			"timesecs":	1696175962
		},
		"connecting_to":	{
			"host":	"sgp1.iperf.comnet-student.eu",
			"port":	5202
		},
		"cookie":	"zaa2gxilgrijoqqbupzgat3zu37vpsuu67qq",
		"tcp_mss_default":	1448,
		"sock_bufsize":	0,
		"sndbuf_actual":	16384,
		"rcvbuf_actual":	131072,
		"test_start":	{
			"protocol":	"TCP",
			"num_streams":	1,
			"blksize":	131072,
			"omit":	0,
			"duration":	10,
			"bytes":	0,
			"blocks":	0,
			"reverse":	0,
			"tos":	0
		}
	},
	"intervals":	[{
			"streams":	[{
					"socket":	5,
					"start":	0,
					"end":	1.000403,
					"seconds":	1.0004030466079712,
					"bytes":	263536,
					"bits_per_second":	2107438.6040191427,
					"retransmits":	0,
					"snd_cwnd":	57920,
					"rtt":	281440,
					"rttvar":	11743,
					"pmtu":	1500,
					"omitted":	false,
					"sender":	true
				}],
			"sum":	{
				"start":	0,
				"end":	1.000403,
				"seconds":	1.0004030466079712,
				"bytes":	263536,
				"bits_per_second":	2107438.6040191427,
				"retransmits":	0,
				"omitted":	false,
				"sender":	true
			}
		}, {
			"streams":	[{
					"socket":	5,
					"start":	1.000403,
					"end":	2.000563,
					"seconds":	1.0001599788665771,
					"bytes":	2147384,
					"bits_per_second":	17176324.151130341,
					"retransmits":	14,
					"snd_cwnd":	131768,
					"rtt":	272270,
					"rttvar":	391,
					"pmtu":	1500,
					"omitted":	false,
					"sender":	true
				}],
			"sum":	{
				"start":	1.000403,
				"end":	2.000563,
				"seconds":	1.0001599788665771,
				"bytes":	2147384,
				"bits_per_second":	17176324.151130341,
				"retransmits":	14,
				"omitted":	false,
				"sender":	true
			}
		}, {
			"streams":	[{
					"socket":	5,
					"start":	2.000563,
					"end":	3.00082,
					"seconds":	1.0002570152282715,
					"bytes":	871696,
					"bits_per_second":	6971776.1473620282,
					"retransmits":	16,
					"snd_cwnd":	221544,
					"rtt":	272816,
					"rttvar":	529,
					"pmtu":	1500,
					"omitted":	false,
					"sender":	true
				}],
			"sum":	{
				"start":	2.000563,
				"end":	3.00082,
				"seconds":	1.0002570152282715,
				"bytes":	871696,
				"bits_per_second":	6971776.1473620282,
				"retransmits":	16,
				"omitted":	false,
				"sender":	true
			}
		}, {
			"streams":	[{
					"socket":	5,
					"start":	3.00082,
					"end":	4.000666,
					"seconds":	0.99984598159790039,
					"bytes":	871696,
					"bits_per_second":	6974642.22325044,
					"retransmits":	0,
					"snd_cwnd":	247608,
					"rtt":	272386,
					"rttvar":	200,
					"pmtu":	1500,
					"omitted":	false,
					"sender":	true
				}],
			"sum":	{
				"start":	3.00082,
				"end":	4.000666,
				"seconds":	0.99984598159790039,
				"bytes":	871696,
				"bits_per_second":	6974642.22325044,
				"retransmits":	0,
				"omitted":	false,
				"sender":	true
			}
		}, {
			"streams":	[{
					"socket":	5,
					"start":	4.000666,
					"end":	5.000763,
					"seconds":	1.0000970363616943,
					"bytes":	933960,
					"bits_per_second":	7470955.0457039829,
					"retransmits":	5,
					"snd_cwnd":	182448,
					"rtt":	277441,
					"rttvar":	10182,
					"pmtu":	1500,
					"omitted":	false,
					"sender":	true
				}],
			"sum":	{
				"start":	4.000666,
				"end":	5.000763,
				"seconds":	1.0000970363616943,
				"bytes":	933960,
				"bits_per_second":	7470955.0457039829,
				"retransmits":	5,
				"omitted":	false,
				"sender":	true
			}
		}, {
			"streams":	[{
					"socket":	5,
					"start":	5.000763,
					"end":	6.00055,
					"seconds":	0.99978697299957275,
					"bytes":	871696,
					"bits_per_second":	6975053.8748047678,
					"retransmits":	0,
					"snd_cwnd":	204168,
					"rtt":	276286,
					"rttvar":	7377,
					"pmtu":	1500,
					"omitted":	false,
					"sender":	true
				}],
			"sum":	{
				"start":	5.000763,
				"end":	6.00055,
				"seconds":	0.99978697299957275,
				"bytes":	871696,
				"bits_per_second":	6975053.8748047678,
				"retransmits":	0,
				"omitted":	false,
				"sender":	true
			}
		}, {
			"streams":	[{
					"socket":	5,
					"start":	6.00055,
					"end":	7.000359,
					"seconds":	0.99980902671813965,
					"bytes":	871696,
					"bits_per_second":	6974900.01954738,
					"retransmits":	0,
					"snd_cwnd":	217200,
					"rtt":	272333,
					"rttvar":	426,
					"pmtu":	1500,
					"omitted":	false,
					"sender":	true
				}],
			"sum":	{
				"start":	6.00055,
				"end":	7.000359,
				"seconds":	0.99980902671813965,
				"bytes":	871696,
				"bits_per_second":	6974900.01954738,
				"retransmits":	0,
				"omitted":	false,
				"sender":	true
			}
		}, {
			"streams":	[{
					"socket":	5,
					"start":	7.000359,
					"end":	8.000236,
					"seconds":	0.99987697601318359,
					"bytes":	871696,
					"bits_per_second":	6974426.0216949452,
					"retransmits":	0,
					"snd_cwnd":	221544,
					"rtt":	272387,
					"rttvar":	538,
					"pmtu":	1500,
					"omitted":	false,
					"sender":	true
				}],
			"sum":	{
				"start":	7.000359,
				"end":	8.000236,
				"seconds":	0.99987697601318359,
				"bytes":	871696,
				"bits_per_second":	6974426.0216949452,
				"retransmits":	0,
				"omitted":	false,
				"sender":	true
			}
		}, {
			"streams":	[{
					"socket":	5,
					"start":	8.000236,
					"end":	9.001129,
					"seconds":	1.0008929967880249,
					"bytes":	0,
					"bits_per_second":	0,
					"retransmits":	0,
					"snd_cwnd":	221544,
					"rtt":	276826,
					"rttvar":	8864,
					"pmtu":	1500,
					"omitted":	false,
					"sender":	true
				}],
			"sum":	{
				"start":	8.000236,
				"end":	9.001129,
				"seconds":	1.0008929967880249,
				"bytes":	0,
				"bits_per_second":	0,
				"retransmits":	0,
				"omitted":	false,
				"sender":	true
			}
		}, {
			"streams":	[{
					"socket":	5,
					"start":	9.001129,
					"end":	10.001195,
					"seconds":	1.0000660419464111,
					"bytes":	871696,
					"bits_per_second":	6973107.4824093273,
					"retransmits":	0,
					"snd_cwnd":	221544,
					"rtt":	276501,
					"rttvar":	8923,
					"pmtu":	1500,
					"omitted":	false,
					"sender":	true
				}],
			"sum":	{
				"start":	9.001129,
				"end":	10.001195,
				"seconds":	1.0000660419464111,
				"bytes":	871696,
				"bits_per_second":	6973107.4824093273,
				"retransmits":	0,
				"omitted":	false,
				"sender":	true
			}
		}],
	"end":	{
		"streams":	[{
				"sender":	{
					"socket":	5,
					"start":	0,
					"end":	10.001195,
					"seconds":	10.001195,
					"bytes":	8575056,
					"bits_per_second":	6859225.12259785,
					"retransmits":	35,
					"max_snd_cwnd":	247608,
					"max_rtt":	281440,
					"min_rtt":	272270,
					"mean_rtt":	275068,
					"sender":	true
				},
				"receiver":	{
					"socket":	5,
					"start":	0,
					"end":	10.275331,
					"seconds":	10.001195,
					"bytes":	7222624,
					"bits_per_second":	5623273.0604980029,
					"sender":	true
				}
			}],
		"sum_sent":	{
			"start":	0,
			"end":	10.001195,
			"seconds":	10.001195,
			"bytes":	8575056,
			"bits_per_second":	6859225.12259785,
			"retransmits":	35,
			"sender":	true
		},
		"sum_received":	{
			"start":	0,
			"end":	10.275331,
			"seconds":	10.275331,
			"bytes":	7222624,
			"bits_per_second":	5623273.0604980029,
			"sender":	true
		},
		"cpu_utilization_percent":	{
			"host_total":	4.82561758049878,
			"host_user":	1.81932314056695,
			"host_system":	3.0063207156669423,
			"remote_total":	0.0020063666837641077,
			"remote_user":	7.181343860254576e-05,
			"remote_system":	0.001934590300599437
		},
		"sender_tcp_congestion":	"cubic",
		"receiver_tcp_congestion":	"cubic"
	}
}
