{
	"start":	{
		"connected":	[{
				"socket":	5,
				"local_host":	"172.26.184.25",
				"local_port":	59642,
				"remote_host":	"188.166.241.168",
				"remote_port":	5200
			}],
		"version":	"iperf 3.9",
		"system_info":	"Linux A-Tower 5.15.90.1-microsoft-standard-WSL2 #1 SMP Fri Jan 27 02:56:13 UTC 2023 x86_64",
		"timestamp":	{
			"time":	"Mon, 02 Oct 2023 05:59:36 GMT",
			"timesecs":	1696226376
		},
		"connecting_to":	{
			"host":	"sgp1.iperf.comnet-student.eu",
			"port":	5200
		},
		"cookie":	"v3xpays577ga55tejwxfvt7gikv42zypgf4g",
		"tcp_mss_default":	1448,
		"sock_bufsize":	0,
		"sndbuf_actual":	16384,
		"rcvbuf_actual":	131072,
		"test_start":	{
			"protocol":	"TCP",
			"num_streams":	1,
			"blksize":	131072,
			"omit":	0,
			"duration":	10,
			"bytes":	0,
			"blocks":	0,
			"reverse":	1,
			"tos":	0
		}
	},
	"intervals":	[{
			"streams":	[{
					"socket":	5,
					"start":	0,
					"end":	1.000366,
					"seconds":	1.0003659725189209,
					"bytes":	144800,
					"bits_per_second":	1157976.2125286504,
					"omitted":	false,
					"sender":	false
				}],
			"sum":	{
				"start":	0,
				"end":	1.000366,
				"seconds":	1.0003659725189209,
				"bytes":	144800,
				"bits_per_second":	1157976.2125286504,
				"omitted":	false,
				"sender":	false
			}
		}, {
			"streams":	[{
					"socket":	5,
					"start":	1.000366,
					"end":	2.000209,
					"seconds":	0.99984300136566162,
					"bytes":	2099600,
					"bits_per_second":	16799437.488743387,
					"omitted":	false,
					"sender":	false
				}],
			"sum":	{
				"start":	1.000366,
				"end":	2.000209,
				"seconds":	0.99984300136566162,
				"bytes":	2099600,
				"bits_per_second":	16799437.488743387,
				"omitted":	false,
				"sender":	false
			}
		}, {
			"streams":	[{
					"socket":	5,
					"start":	2.000209,
					"end":	3.00003,
					"seconds":	0.9998210072517395,
					"bytes":	3844080,
					"bits_per_second":	30758145.484991755,
					"omitted":	false,
					"sender":	false
				}],
			"sum":	{
				"start":	2.000209,
				"end":	3.00003,
				"seconds":	0.9998210072517395,
				"bytes":	3844080,
				"bits_per_second":	30758145.484991755,
				"omitted":	false,
				"sender":	false
			}
		}, {
			"streams":	[{
					"socket":	5,
					"start":	3.00003,
					"end":	4.000246,
					"seconds":	1.000216007232666,
					"bytes":	4934256,
					"bits_per_second":	39465523.161556154,
					"omitted":	false,
					"sender":	false
				}],
			"sum":	{
				"start":	3.00003,
				"end":	4.000246,
				"seconds":	1.000216007232666,
				"bytes":	4934256,
				"bits_per_second":	39465523.161556154,
				"omitted":	false,
				"sender":	false
			}
		}, {
			"streams":	[{
					"socket":	5,
					"start":	4.000246,
					"end":	5.000231,
					"seconds":	0.9999849796295166,
					"bytes":	3454928,
					"bits_per_second":	27639839.1606243,
					"omitted":	false,
					"sender":	false
				}],
			"sum":	{
				"start":	4.000246,
				"end":	5.000231,
				"seconds":	0.9999849796295166,
				"bytes":	3454928,
				"bits_per_second":	27639839.1606243,
				"omitted":	false,
				"sender":	false
			}
		}, {
			"streams":	[{
					"socket":	5,
					"start":	5.000231,
					"end":	6.00033,
					"seconds":	1.0000989437103271,
					"bytes":	3188496,
					"bits_per_second":	25505444.396697849,
					"omitted":	false,
					"sender":	false
				}],
			"sum":	{
				"start":	5.000231,
				"end":	6.00033,
				"seconds":	1.0000989437103271,
				"bytes":	3188496,
				"bits_per_second":	25505444.396697849,
				"omitted":	false,
				"sender":	false
			}
		}, {
			"streams":	[{
					"socket":	5,
					"start":	6.00033,
					"end":	7.000318,
					"seconds":	0.9999880194664,
					"bytes":	3838648,
					"bits_per_second":	30709551.916818574,
					"omitted":	false,
					"sender":	false
				}],
			"sum":	{
				"start":	6.00033,
				"end":	7.000318,
				"seconds":	0.9999880194664,
				"bytes":	3838648,
				"bits_per_second":	30709551.916818574,
				"omitted":	false,
				"sender":	false
			}
		}, {
			"streams":	[{
					"socket":	5,
					"start":	7.000318,
					"end":	8.000263,
					"seconds":	0.99994498491287231,
					"bytes":	3046592,
					"bits_per_second":	24374076.941966619,
					"omitted":	false,
					"sender":	false
				}],
			"sum":	{
				"start":	7.000318,
				"end":	8.000263,
				"seconds":	0.99994498491287231,
				"bytes":	3046592,
				"bits_per_second":	24374076.941966619,
				"omitted":	false,
				"sender":	false
			}
		}, {
			"streams":	[{
					"socket":	5,
					"start":	8.000263,
					"end":	9.000342,
					"seconds":	1.0000790357589722,
					"bytes":	3960280,
					"bits_per_second":	31679736.168007925,
					"omitted":	false,
					"sender":	false
				}],
			"sum":	{
				"start":	8.000263,
				"end":	9.000342,
				"seconds":	1.0000790357589722,
				"bytes":	3960280,
				"bits_per_second":	31679736.168007925,
				"omitted":	false,
				"sender":	false
			}
		}, {
			"streams":	[{
					"socket":	5,
					"start":	9.000342,
					"end":	10.000254,
					"seconds":	0.99991202354431152,
					"bytes":	3948696,
					"bits_per_second":	31592347.382749613,
					"omitted":	false,
					"sender":	false
				}],
			"sum":	{
				"start":	9.000342,
				"end":	10.000254,
				"seconds":	0.99991202354431152,
				"bytes":	3948696,
				"bits_per_second":	31592347.382749613,
				"omitted":	false,
				"sender":	false
			}
		}],
	"end":	{
		"streams":	[{
				"sender":	{
					"socket":	5,
					"start":	0,
					"end":	10.273848,
					"seconds":	10.273848,
					"bytes":	35316480,
					"bits_per_second":	27500099.281204086,
					"retransmits":	728,
					"max_snd_cwnd":	0,
					"max_rtt":	0,
					"min_rtt":	0,
					"mean_rtt":	0,
					"sender":	false
				},
				"receiver":	{
					"socket":	5,
					"start":	0,
					"end":	10.000254,
					"seconds":	10.000254,
					"bytes":	32460376,
					"bits_per_second":	25967641.221912965,
					"sender":	false
				}
			}],
		"sum_sent":	{
			"start":	0,
			"end":	10.273848,
			"seconds":	10.273848,
			"bytes":	35316480,
			"bits_per_second":	27500099.281204086,
			"retransmits":	728,
			"sender":	false
		},
		"sum_received":	{
			"start":	0,
			"end":	10.000254,
			"seconds":	10.000254,
			"bytes":	32460376,
			"bits_per_second":	25967641.221912965,
			"sender":	false
		},
		"cpu_utilization_percent":	{
			"host_total":	3.0780577550351138,
			"host_user":	0.837104838703325,
			"host_system":	2.2409266599853019,
			"remote_total":	0.00031783981979851438,
			"remote_user":	0,
			"remote_system":	0.000317852944997548
		},
		"sender_tcp_congestion":	"cubic",
		"receiver_tcp_congestion":	"cubic"
	}
}
