{
	"start":	{
		"connected":	[{
				"socket":	5,
				"local_host":	"172.26.184.25",
				"local_port":	52918,
				"remote_host":	"188.166.241.168",
				"remote_port":	5210
			}],
		"version":	"iperf 3.9",
		"system_info":	"Linux A-Tower 5.15.90.1-microsoft-standard-WSL2 #1 SMP Fri Jan 27 02:56:13 UTC 2023 x86_64",
		"timestamp":	{
			"time":	"Sun, 01 Oct 2023 17:59:51 GMT",
			"timesecs":	1696183191
		},
		"connecting_to":	{
			"host":	"sgp1.iperf.comnet-student.eu",
			"port":	5210
		},
		"cookie":	"7zqozzkdkc7szjbn755w65dwsjywx5ecrhlm",
		"tcp_mss_default":	1448,
		"sock_bufsize":	0,
		"sndbuf_actual":	16384,
		"rcvbuf_actual":	131072,
		"test_start":	{
			"protocol":	"TCP",
			"num_streams":	1,
			"blksize":	131072,
			"omit":	0,
			"duration":	10,
			"bytes":	0,
			"blocks":	0,
			"reverse":	1,
			"tos":	0
		}
	},
	"intervals":	[{
			"streams":	[{
					"socket":	5,
					"start":	0,
					"end":	1.000353,
					"seconds":	1.00035297870636,
					"bytes":	140456,
					"bits_per_second":	1123251.5161329187,
					"omitted":	false,
					"sender":	false
				}],
			"sum":	{
				"start":	0,
				"end":	1.000353,
				"seconds":	1.00035297870636,
				"bytes":	140456,
				"bits_per_second":	1123251.5161329187,
				"omitted":	false,
				"sender":	false
			}
		}, {
			"streams":	[{
					"socket":	5,
					"start":	1.000353,
					"end":	2.000266,
					"seconds":	0.999912977218628,
					"bytes":	1449448,
					"bits_per_second":	11596593.1677919,
					"omitted":	false,
					"sender":	false
				}],
			"sum":	{
				"start":	1.000353,
				"end":	2.000266,
				"seconds":	0.999912977218628,
				"bytes":	1449448,
				"bits_per_second":	11596593.1677919,
				"omitted":	false,
				"sender":	false
			}
		}, {
			"streams":	[{
					"socket":	5,
					"start":	2.000266,
					"end":	3.000237,
					"seconds":	0.99997097253799438,
					"bytes":	1003464,
					"bits_per_second":	8027945.0308693666,
					"omitted":	false,
					"sender":	false
				}],
			"sum":	{
				"start":	2.000266,
				"end":	3.000237,
				"seconds":	0.99997097253799438,
				"bytes":	1003464,
				"bits_per_second":	8027945.0308693666,
				"omitted":	false,
				"sender":	false
			}
		}, {
			"streams":	[{
					"socket":	5,
					"start":	3.000237,
					"end":	4.000374,
					"seconds":	1.0001369714736938,
					"bytes":	4565544,
					"bits_per_second":	36519349.890827112,
					"omitted":	false,
					"sender":	false
				}],
			"sum":	{
				"start":	3.000237,
				"end":	4.000374,
				"seconds":	1.0001369714736938,
				"bytes":	4565544,
				"bits_per_second":	36519349.890827112,
				"omitted":	false,
				"sender":	false
			}
		}, {
			"streams":	[{
					"socket":	5,
					"start":	4.000374,
					"end":	5.000301,
					"seconds":	0.99992698431015,
					"bytes":	5864400,
					"bits_per_second":	46918625.795829289,
					"omitted":	false,
					"sender":	false
				}],
			"sum":	{
				"start":	4.000374,
				"end":	5.000301,
				"seconds":	0.99992698431015,
				"bytes":	5864400,
				"bits_per_second":	46918625.795829289,
				"omitted":	false,
				"sender":	false
			}
		}, {
			"streams":	[{
					"socket":	5,
					"start":	5.000301,
					"end":	6.000216,
					"seconds":	0.99991500377655029,
					"bytes":	5028904,
					"bits_per_second":	40234651.79345426,
					"omitted":	false,
					"sender":	false
				}],
			"sum":	{
				"start":	5.000301,
				"end":	6.000216,
				"seconds":	0.99991500377655029,
				"bytes":	5028904,
				"bits_per_second":	40234651.79345426,
				"omitted":	false,
				"sender":	false
			}
		}, {
			"streams":	[{
					"socket":	5,
					"start":	6.000216,
					"end":	7.000489,
					"seconds":	1.0002729892730713,
					"bytes":	4949264,
					"bits_per_second":	39583306.182019614,
					"omitted":	false,
					"sender":	false
				}],
			"sum":	{
				"start":	6.000216,
				"end":	7.000489,
				"seconds":	1.0002729892730713,
				"bytes":	4949264,
				"bits_per_second":	39583306.182019614,
				"omitted":	false,
				"sender":	false
			}
		}, {
			"streams":	[{
					"socket":	5,
					"start":	7.000489,
					"end":	8.000349,
					"seconds":	0.99985998868942261,
					"bytes":	5906392,
					"bits_per_second":	47257752.619879253,
					"omitted":	false,
					"sender":	false
				}],
			"sum":	{
				"start":	7.000489,
				"end":	8.000349,
				"seconds":	0.99985998868942261,
				"bytes":	5906392,
				"bits_per_second":	47257752.619879253,
				"omitted":	false,
				"sender":	false
			}
		}, {
			"streams":	[{
					"socket":	5,
					"start":	8.000349,
					"end":	9.000212,
					"seconds":	0.999863028526306,
					"bytes":	5195424,
					"bits_per_second":	41569085.778939247,
					"omitted":	false,
					"sender":	false
				}],
			"sum":	{
				"start":	8.000349,
				"end":	9.000212,
				"seconds":	0.999863028526306,
				"bytes":	5195424,
				"bits_per_second":	41569085.778939247,
				"omitted":	false,
				"sender":	false
			}
		}, {
			"streams":	[{
					"socket":	5,
					"start":	9.000212,
					"end":	10.000237,
					"seconds":	1.0000250339508057,
					"bytes":	5020216,
					"bits_per_second":	40160722.61844565,
					"omitted":	false,
					"sender":	false
				}],
			"sum":	{
				"start":	9.000212,
				"end":	10.000237,
				"seconds":	1.0000250339508057,
				"bytes":	5020216,
				"bits_per_second":	40160722.61844565,
				"omitted":	false,
				"sender":	false
			}
		}],
	"end":	{
		"streams":	[{
				"sender":	{
					"socket":	5,
					"start":	0,
					"end":	10.268066,
					"seconds":	10.268066,
					"bytes":	42145480,
					"bits_per_second":	32836158.24050995,
					"retransmits":	1383,
					"max_snd_cwnd":	0,
					"max_rtt":	0,
					"min_rtt":	0,
					"mean_rtt":	0,
					"sender":	false
				},
				"receiver":	{
					"socket":	5,
					"start":	0,
					"end":	10.000237,
					"seconds":	10.000237,
					"bytes":	39123512,
					"bits_per_second":	31298067.835792292,
					"sender":	false
				}
			}],
		"sum_sent":	{
			"start":	0,
			"end":	10.268066,
			"seconds":	10.268066,
			"bytes":	42145480,
			"bits_per_second":	32836158.24050995,
			"retransmits":	1383,
			"sender":	false
		},
		"sum_received":	{
			"start":	0,
			"end":	10.000237,
			"seconds":	10.000237,
			"bytes":	39123512,
			"bits_per_second":	31298067.835792292,
			"sender":	false
		},
		"cpu_utilization_percent":	{
			"host_total":	3.0297216425781279,
			"host_user":	1.1482311733677273,
			"host_system":	1.8815168233243043,
			"remote_total":	0.00029903050651884151,
			"remote_user":	0.00010307048903650374,
			"remote_system":	0.00019617463588741116
		},
		"sender_tcp_congestion":	"cubic",
		"receiver_tcp_congestion":	"cubic"
	}
}
