{
	"start":	{
		"connected":	[{
				"socket":	5,
				"local_host":	"172.26.184.25",
				"local_port":	38570,
				"remote_host":	"188.166.241.168",
				"remote_port":	5204
			}],
		"version":	"iperf 3.9",
		"system_info":	"Linux A-Tower 5.15.90.1-microsoft-standard-WSL2 #1 SMP Fri Jan 27 02:56:13 UTC 2023 x86_64",
		"timestamp":	{
			"time":	"Mon, 02 Oct 2023 08:59:35 GMT",
			"timesecs":	1696237175
		},
		"connecting_to":	{
			"host":	"sgp1.iperf.comnet-student.eu",
			"port":	5204
		},
		"cookie":	"xq2kixsojwbeqruguewclwqnowvomiuo74mn",
		"tcp_mss_default":	1448,
		"sock_bufsize":	0,
		"sndbuf_actual":	16384,
		"rcvbuf_actual":	131072,
		"test_start":	{
			"protocol":	"TCP",
			"num_streams":	1,
			"blksize":	131072,
			"omit":	0,
			"duration":	10,
			"bytes":	0,
			"blocks":	0,
			"reverse":	1,
			"tos":	0
		}
	},
	"intervals":	[{
			"streams":	[{
					"socket":	5,
					"start":	0,
					"end":	1.000353,
					"seconds":	1.00035297870636,
					"bytes":	217200,
					"bits_per_second":	1736986.8806179154,
					"omitted":	false,
					"sender":	false
				}],
			"sum":	{
				"start":	0,
				"end":	1.000353,
				"seconds":	1.00035297870636,
				"bytes":	217200,
				"bits_per_second":	1736986.8806179154,
				"omitted":	false,
				"sender":	false
			}
		}, {
			"streams":	[{
					"socket":	5,
					"start":	1.000353,
					"end":	2.000132,
					"seconds":	0.999778985977173,
					"bytes":	2916272,
					"bits_per_second":	23335333.435916685,
					"omitted":	false,
					"sender":	false
				}],
			"sum":	{
				"start":	1.000353,
				"end":	2.000132,
				"seconds":	0.999778985977173,
				"bytes":	2916272,
				"bits_per_second":	23335333.435916685,
				"omitted":	false,
				"sender":	false
			}
		}, {
			"streams":	[{
					"socket":	5,
					"start":	2.000132,
					"end":	3.000343,
					"seconds":	1.0002110004425049,
					"bytes":	2558616,
					"bits_per_second":	20464609.95824312,
					"omitted":	false,
					"sender":	false
				}],
			"sum":	{
				"start":	2.000132,
				"end":	3.000343,
				"seconds":	1.0002110004425049,
				"bytes":	2558616,
				"bits_per_second":	20464609.95824312,
				"omitted":	false,
				"sender":	false
			}
		}, {
			"streams":	[{
					"socket":	5,
					"start":	3.000343,
					"end":	4.00019,
					"seconds":	0.99984699487686157,
					"bytes":	5742768,
					"bits_per_second":	45949174.459096223,
					"omitted":	false,
					"sender":	false
				}],
			"sum":	{
				"start":	3.000343,
				"end":	4.00019,
				"seconds":	0.99984699487686157,
				"bytes":	5742768,
				"bits_per_second":	45949174.459096223,
				"omitted":	false,
				"sender":	false
			}
		}, {
			"streams":	[{
					"socket":	5,
					"start":	4.00019,
					"end":	5.000395,
					"seconds":	1.0002050399780273,
					"bytes":	2688936,
					"bits_per_second":	21507078.189160664,
					"omitted":	false,
					"sender":	false
				}],
			"sum":	{
				"start":	4.00019,
				"end":	5.000395,
				"seconds":	1.0002050399780273,
				"bytes":	2688936,
				"bits_per_second":	21507078.189160664,
				"omitted":	false,
				"sender":	false
			}
		}, {
			"streams":	[{
					"socket":	5,
					"start":	5.000395,
					"end":	6.000217,
					"seconds":	0.99982202053070068,
					"bytes":	4055848,
					"bits_per_second":	32452559.889386516,
					"omitted":	false,
					"sender":	false
				}],
			"sum":	{
				"start":	5.000395,
				"end":	6.000217,
				"seconds":	0.99982202053070068,
				"bytes":	4055848,
				"bits_per_second":	32452559.889386516,
				"omitted":	false,
				"sender":	false
			}
		}, {
			"streams":	[{
					"socket":	5,
					"start":	6.000217,
					"end":	7.000369,
					"seconds":	1.0001519918441772,
					"bytes":	4348344,
					"bits_per_second":	34781465.500915326,
					"omitted":	false,
					"sender":	false
				}],
			"sum":	{
				"start":	6.000217,
				"end":	7.000369,
				"seconds":	1.0001519918441772,
				"bytes":	4348344,
				"bits_per_second":	34781465.500915326,
				"omitted":	false,
				"sender":	false
			}
		}, {
			"streams":	[{
					"socket":	5,
					"start":	7.000369,
					"end":	8.000179,
					"seconds":	0.999809980392456,
					"bytes":	4539480,
					"bits_per_second":	36322742.033186063,
					"omitted":	false,
					"sender":	false
				}],
			"sum":	{
				"start":	7.000369,
				"end":	8.000179,
				"seconds":	0.999809980392456,
				"bytes":	4539480,
				"bits_per_second":	36322742.033186063,
				"omitted":	false,
				"sender":	false
			}
		}, {
			"streams":	[{
					"socket":	5,
					"start":	8.000179,
					"end":	9.000206,
					"seconds":	1.0000269412994385,
					"bytes":	4674144,
					"bits_per_second":	37392144.6070355,
					"omitted":	false,
					"sender":	false
				}],
			"sum":	{
				"start":	8.000179,
				"end":	9.000206,
				"seconds":	1.0000269412994385,
				"bytes":	4674144,
				"bits_per_second":	37392144.6070355,
				"omitted":	false,
				"sender":	false
			}
		}, {
			"streams":	[{
					"socket":	5,
					"start":	9.000206,
					"end":	10.000227,
					"seconds":	1.0000209808349609,
					"bytes":	4830528,
					"bits_per_second":	38643413.228924714,
					"omitted":	false,
					"sender":	false
				}],
			"sum":	{
				"start":	9.000206,
				"end":	10.000227,
				"seconds":	1.0000209808349609,
				"bytes":	4830528,
				"bits_per_second":	38643413.228924714,
				"omitted":	false,
				"sender":	false
			}
		}],
	"end":	{
		"streams":	[{
				"sender":	{
					"socket":	5,
					"start":	0,
					"end":	10.268103,
					"seconds":	10.268103,
					"bytes":	39878800,
					"bits_per_second":	31070042.830696188,
					"retransmits":	1589,
					"max_snd_cwnd":	0,
					"max_rtt":	0,
					"min_rtt":	0,
					"mean_rtt":	0,
					"sender":	false
				},
				"receiver":	{
					"socket":	5,
					"start":	0,
					"end":	10.000227,
					"seconds":	10.000227,
					"bytes":	36572136,
					"bits_per_second":	29257044.6650861,
					"sender":	false
				}
			}],
		"sum_sent":	{
			"start":	0,
			"end":	10.268103,
			"seconds":	10.268103,
			"bytes":	39878800,
			"bits_per_second":	31070042.830696188,
			"retransmits":	1589,
			"sender":	false
		},
		"sum_received":	{
			"start":	0,
			"end":	10.000227,
			"seconds":	10.000227,
			"bytes":	36572136,
			"bits_per_second":	29257044.6650861,
			"sender":	false
		},
		"cpu_utilization_percent":	{
			"host_total":	2.9462358064137786,
			"host_user":	0.94415271925509936,
			"host_system":	2.0020479976756724,
			"remote_total":	0.0052450944567917473,
			"remote_user":	0.00042899012034360777,
			"remote_system":	0.00481633634841155
		},
		"sender_tcp_congestion":	"cubic",
		"receiver_tcp_congestion":	"cubic"
	}
}
