{
	"start":	{
		"connected":	[{
				"socket":	5,
				"local_host":	"172.26.184.25",
				"local_port":	55044,
				"remote_host":	"188.166.241.168",
				"remote_port":	5203
			}],
		"version":	"iperf 3.9",
		"system_info":	"Linux A-Tower 5.15.90.1-microsoft-standard-WSL2 #1 SMP Fri Jan 27 02:56:13 UTC 2023 x86_64",
		"timestamp":	{
			"time":	"Mon, 02 Oct 2023 10:59:17 GMT",
			"timesecs":	1696244357
		},
		"connecting_to":	{
			"host":	"sgp1.iperf.comnet-student.eu",
			"port":	5203
		},
		"cookie":	"632zyokfjeouwa56zf34vvezxdb2mu24aszb",
		"tcp_mss_default":	1448,
		"sock_bufsize":	0,
		"sndbuf_actual":	16384,
		"rcvbuf_actual":	131072,
		"test_start":	{
			"protocol":	"TCP",
			"num_streams":	1,
			"blksize":	131072,
			"omit":	0,
			"duration":	10,
			"bytes":	0,
			"blocks":	0,
			"reverse":	0,
			"tos":	0
		}
	},
	"intervals":	[{
			"streams":	[{
					"socket":	5,
					"start":	0,
					"end":	1.000413,
					"seconds":	1.0004129409790039,
					"bytes":	263536,
					"bits_per_second":	2107417.7608466656,
					"retransmits":	0,
					"snd_cwnd":	57920,
					"rtt":	268774,
					"rttvar":	465,
					"pmtu":	1500,
					"omitted":	false,
					"sender":	true
				}],
			"sum":	{
				"start":	0,
				"end":	1.000413,
				"seconds":	1.0004129409790039,
				"bytes":	263536,
				"bits_per_second":	2107417.7608466656,
				"retransmits":	0,
				"omitted":	false,
				"sender":	true
			}
		}, {
			"streams":	[{
					"socket":	5,
					"start":	1.000413,
					"end":	2.000382,
					"seconds":	0.9999690055847168,
					"bytes":	4206720,
					"bits_per_second":	33654803.1109439,
					"retransmits":	1,
					"snd_cwnd":	613952,
					"rtt":	268014,
					"rttvar":	221,
					"pmtu":	1500,
					"omitted":	false,
					"sender":	true
				}],
			"sum":	{
				"start":	1.000413,
				"end":	2.000382,
				"seconds":	0.9999690055847168,
				"bytes":	4206720,
				"bits_per_second":	33654803.1109439,
				"retransmits":	1,
				"omitted":	false,
				"sender":	true
			}
		}, {
			"streams":	[{
					"socket":	5,
					"start":	2.000382,
					"end":	3.000268,
					"seconds":	0.99988597631454468,
					"bytes":	1310720,
					"bits_per_second":	10486955.761345116,
					"retransmits":	186,
					"snd_cwnd":	544448,
					"rtt":	266351,
					"rttvar":	96,
					"pmtu":	1500,
					"omitted":	false,
					"sender":	true
				}],
			"sum":	{
				"start":	2.000382,
				"end":	3.000268,
				"seconds":	0.99988597631454468,
				"bytes":	1310720,
				"bits_per_second":	10486955.761345116,
				"retransmits":	186,
				"omitted":	false,
				"sender":	true
			}
		}, {
			"streams":	[{
					"socket":	5,
					"start":	3.000268,
					"end":	4.000747,
					"seconds":	1.000478982925415,
					"bytes":	1310720,
					"bits_per_second":	10480739.90454001,
					"retransmits":	0,
					"snd_cwnd":	608160,
					"rtt":	267066,
					"rttvar":	778,
					"pmtu":	1500,
					"omitted":	false,
					"sender":	true
				}],
			"sum":	{
				"start":	3.000268,
				"end":	4.000747,
				"seconds":	1.000478982925415,
				"bytes":	1310720,
				"bits_per_second":	10480739.90454001,
				"retransmits":	0,
				"omitted":	false,
				"sender":	true
			}
		}, {
			"streams":	[{
					"socket":	5,
					"start":	4.000747,
					"end":	5.000308,
					"seconds":	0.99956101179122925,
					"bytes":	2621440,
					"bits_per_second":	20980730.293210119,
					"retransmits":	1,
					"snd_cwnd":	461912,
					"rtt":	266423,
					"rttvar":	155,
					"pmtu":	1500,
					"omitted":	false,
					"sender":	true
				}],
			"sum":	{
				"start":	4.000747,
				"end":	5.000308,
				"seconds":	0.99956101179122925,
				"bytes":	2621440,
				"bits_per_second":	20980730.293210119,
				"retransmits":	1,
				"omitted":	false,
				"sender":	true
			}
		}, {
			"streams":	[{
					"socket":	5,
					"start":	5.000308,
					"end":	6.000686,
					"seconds":	1.0003780126571655,
					"bytes":	1310720,
					"bits_per_second":	10481797.747781489,
					"retransmits":	0,
					"snd_cwnd":	493768,
					"rtt":	270311,
					"rttvar":	7236,
					"pmtu":	1500,
					"omitted":	false,
					"sender":	true
				}],
			"sum":	{
				"start":	5.000308,
				"end":	6.000686,
				"seconds":	1.0003780126571655,
				"bytes":	1310720,
				"bits_per_second":	10481797.747781489,
				"retransmits":	0,
				"omitted":	false,
				"sender":	true
			}
		}, {
			"streams":	[{
					"socket":	5,
					"start":	6.000686,
					"end":	7.000168,
					"seconds":	0.999481976032257,
					"bytes":	2621440,
					"bits_per_second":	20982389.380599666,
					"retransmits":	0,
					"snd_cwnd":	514040,
					"rtt":	267556,
					"rttvar":	490,
					"pmtu":	1500,
					"omitted":	false,
					"sender":	true
				}],
			"sum":	{
				"start":	6.000686,
				"end":	7.000168,
				"seconds":	0.999481976032257,
				"bytes":	2621440,
				"bits_per_second":	20982389.380599666,
				"retransmits":	0,
				"omitted":	false,
				"sender":	true
			}
		}, {
			"streams":	[{
					"socket":	5,
					"start":	7.000168,
					"end":	8.000595,
					"seconds":	1.0004270076751709,
					"bytes":	1310720,
					"bits_per_second":	10481284.411110807,
					"retransmits":	0,
					"snd_cwnd":	522728,
					"rtt":	269533,
					"rttvar":	5634,
					"pmtu":	1500,
					"omitted":	false,
					"sender":	true
				}],
			"sum":	{
				"start":	7.000168,
				"end":	8.000595,
				"seconds":	1.0004270076751709,
				"bytes":	1310720,
				"bits_per_second":	10481284.411110807,
				"retransmits":	0,
				"omitted":	false,
				"sender":	true
			}
		}, {
			"streams":	[{
					"socket":	5,
					"start":	8.000595,
					"end":	9.000293,
					"seconds":	0.999697983264923,
					"bytes":	2621440,
					"bits_per_second":	20977855.6634764,
					"retransmits":	0,
					"snd_cwnd":	525624,
					"rtt":	268212,
					"rttvar":	3174,
					"pmtu":	1500,
					"omitted":	false,
					"sender":	true
				}],
			"sum":	{
				"start":	8.000595,
				"end":	9.000293,
				"seconds":	0.999697983264923,
				"bytes":	2621440,
				"bits_per_second":	20977855.6634764,
				"retransmits":	0,
				"omitted":	false,
				"sender":	true
			}
		}, {
			"streams":	[{
					"socket":	5,
					"start":	9.000293,
					"end":	10.000559,
					"seconds":	1.0002659559249878,
					"bytes":	1310720,
					"bits_per_second":	10482971.991487382,
					"retransmits":	0,
					"snd_cwnd":	525624,
					"rtt":	267262,
					"rttvar":	573,
					"pmtu":	1500,
					"omitted":	false,
					"sender":	true
				}],
			"sum":	{
				"start":	9.000293,
				"end":	10.000559,
				"seconds":	1.0002659559249878,
				"bytes":	1310720,
				"bits_per_second":	10482971.991487382,
				"retransmits":	0,
				"omitted":	false,
				"sender":	true
			}
		}],
	"end":	{
		"streams":	[{
				"sender":	{
					"socket":	5,
					"start":	0,
					"end":	10.000559,
					"seconds":	10.000559,
					"bytes":	18888176,
					"bits_per_second":	15109696.167984208,
					"retransmits":	188,
					"max_snd_cwnd":	613952,
					"max_rtt":	270311,
					"min_rtt":	266351,
					"mean_rtt":	267950,
					"sender":	true
				},
				"receiver":	{
					"socket":	5,
					"start":	0,
					"end":	10.267082,
					"seconds":	10.000559,
					"bytes":	16275520,
					"bits_per_second":	12681710.343795832,
					"sender":	true
				}
			}],
		"sum_sent":	{
			"start":	0,
			"end":	10.000559,
			"seconds":	10.000559,
			"bytes":	18888176,
			"bits_per_second":	15109696.167984208,
			"retransmits":	188,
			"sender":	true
		},
		"sum_received":	{
			"start":	0,
			"end":	10.267082,
			"seconds":	10.267082,
			"bytes":	16275520,
			"bits_per_second":	12681710.343795832,
			"sender":	true
		},
		"cpu_utilization_percent":	{
			"host_total":	4.48806484181802,
			"host_user":	1.2675834340339516,
			"host_system":	3.2205058069108414,
			"remote_total":	0.00440233786546269,
			"remote_user":	0.000723876340101754,
			"remote_system":	0.0036784964631639246
		},
		"sender_tcp_congestion":	"cubic",
		"receiver_tcp_congestion":	"cubic"
	}
}
