{
	"start":	{
		"connected":	[{
				"socket":	5,
				"local_host":	"172.26.184.25",
				"local_port":	56496,
				"remote_host":	"188.166.241.168",
				"remote_port":	5201
			}],
		"version":	"iperf 3.9",
		"system_info":	"Linux A-Tower 5.15.90.1-microsoft-standard-WSL2 #1 SMP Fri Jan 27 02:56:13 UTC 2023 x86_64",
		"timestamp":	{
			"time":	"Sun, 01 Oct 2023 21:59:22 GMT",
			"timesecs":	1696197562
		},
		"connecting_to":	{
			"host":	"sgp1.iperf.comnet-student.eu",
			"port":	5201
		},
		"cookie":	"dfzjt34i2e2j564uimcfxrvg5zdpejc52bth",
		"tcp_mss_default":	1448,
		"sock_bufsize":	0,
		"sndbuf_actual":	16384,
		"rcvbuf_actual":	131072,
		"test_start":	{
			"protocol":	"TCP",
			"num_streams":	1,
			"blksize":	131072,
			"omit":	0,
			"duration":	10,
			"bytes":	0,
			"blocks":	0,
			"reverse":	0,
			"tos":	0
		}
	},
	"intervals":	[{
			"streams":	[{
					"socket":	5,
					"start":	0,
					"end":	1.000345,
					"seconds":	1.00034499168396,
					"bytes":	734136,
					"bits_per_second":	5871062.5322503643,
					"retransmits":	0,
					"snd_cwnd":	115840,
					"rtt":	268499,
					"rttvar":	390,
					"pmtu":	1500,
					"omitted":	false,
					"sender":	true
				}],
			"sum":	{
				"start":	0,
				"end":	1.000345,
				"seconds":	1.00034499168396,
				"bytes":	734136,
				"bits_per_second":	5871062.5322503643,
				"retransmits":	0,
				"omitted":	false,
				"sender":	true
			}
		}, {
			"streams":	[{
					"socket":	5,
					"start":	1.000345,
					"end":	2.000709,
					"seconds":	1.0003639459609985,
					"bytes":	2988672,
					"bits_per_second":	23900677.44497877,
					"retransmits":	102,
					"snd_cwnd":	642912,
					"rtt":	274815,
					"rttvar":	10402,
					"pmtu":	1500,
					"omitted":	false,
					"sender":	true
				}],
			"sum":	{
				"start":	1.000345,
				"end":	2.000709,
				"seconds":	1.0003639459609985,
				"bytes":	2988672,
				"bits_per_second":	23900677.44497877,
				"retransmits":	102,
				"omitted":	false,
				"sender":	true
			}
		}, {
			"streams":	[{
					"socket":	5,
					"start":	2.000709,
					"end":	3.000396,
					"seconds":	0.99968701601028442,
					"bytes":	2621440,
					"bits_per_second":	20978085.804991841,
					"retransmits":	466,
					"snd_cwnd":	489424,
					"rtt":	266596,
					"rttvar":	273,
					"pmtu":	1500,
					"omitted":	false,
					"sender":	true
				}],
			"sum":	{
				"start":	2.000709,
				"end":	3.000396,
				"seconds":	0.99968701601028442,
				"bytes":	2621440,
				"bits_per_second":	20978085.804991841,
				"retransmits":	466,
				"omitted":	false,
				"sender":	true
			}
		}, {
			"streams":	[{
					"socket":	5,
					"start":	3.000396,
					"end":	4.000378,
					"seconds":	0.99998199939727783,
					"bytes":	1310720,
					"bits_per_second":	10485948.753397675,
					"retransmits":	39,
					"snd_cwnd":	421368,
					"rtt":	267049,
					"rttvar":	481,
					"pmtu":	1500,
					"omitted":	false,
					"sender":	true
				}],
			"sum":	{
				"start":	3.000396,
				"end":	4.000378,
				"seconds":	0.99998199939727783,
				"bytes":	1310720,
				"bits_per_second":	10485948.753397675,
				"retransmits":	39,
				"omitted":	false,
				"sender":	true
			}
		}, {
			"streams":	[{
					"socket":	5,
					"start":	4.000378,
					"end":	5.000848,
					"seconds":	1.0004700422286987,
					"bytes":	1310720,
					"bits_per_second":	10480833.565632191,
					"retransmits":	9,
					"snd_cwnd":	330144,
					"rtt":	267450,
					"rttvar":	501,
					"pmtu":	1500,
					"omitted":	false,
					"sender":	true
				}],
			"sum":	{
				"start":	4.000378,
				"end":	5.000848,
				"seconds":	1.0004700422286987,
				"bytes":	1310720,
				"bits_per_second":	10480833.565632191,
				"retransmits":	9,
				"omitted":	false,
				"sender":	true
			}
		}, {
			"streams":	[{
					"socket":	5,
					"start":	5.000848,
					"end":	6.00077,
					"seconds":	0.999921977519989,
					"bytes":	1310720,
					"bits_per_second":	10486578.188837122,
					"retransmits":	0,
					"snd_cwnd":	354760,
					"rtt":	266874,
					"rttvar":	266,
					"pmtu":	1500,
					"omitted":	false,
					"sender":	true
				}],
			"sum":	{
				"start":	5.000848,
				"end":	6.00077,
				"seconds":	0.999921977519989,
				"bytes":	1310720,
				"bits_per_second":	10486578.188837122,
				"retransmits":	0,
				"omitted":	false,
				"sender":	true
			}
		}, {
			"streams":	[{
					"socket":	5,
					"start":	6.00077,
					"end":	7.000709,
					"seconds":	0.99993902444839478,
					"bytes":	1310720,
					"bits_per_second":	10486399.41398862,
					"retransmits":	0,
					"snd_cwnd":	367792,
					"rtt":	266932,
					"rttvar":	150,
					"pmtu":	1500,
					"omitted":	false,
					"sender":	true
				}],
			"sum":	{
				"start":	6.00077,
				"end":	7.000709,
				"seconds":	0.99993902444839478,
				"bytes":	1310720,
				"bits_per_second":	10486399.41398862,
				"retransmits":	0,
				"omitted":	false,
				"sender":	true
			}
		}, {
			"streams":	[{
					"socket":	5,
					"start":	7.000709,
					"end":	8.000692,
					"seconds":	0.999983012676239,
					"bytes":	1310720,
					"bits_per_second":	10485938.128025919,
					"retransmits":	0,
					"snd_cwnd":	372136,
					"rtt":	270058,
					"rttvar":	6726,
					"pmtu":	1500,
					"omitted":	false,
					"sender":	true
				}],
			"sum":	{
				"start":	7.000709,
				"end":	8.000692,
				"seconds":	0.999983012676239,
				"bytes":	1310720,
				"bits_per_second":	10485938.128025919,
				"retransmits":	0,
				"omitted":	false,
				"sender":	true
			}
		}, {
			"streams":	[{
					"socket":	5,
					"start":	8.000692,
					"end":	9.000827,
					"seconds":	1.0001349449157715,
					"bytes":	1310720,
					"bits_per_second":	10484345.190921292,
					"retransmits":	0,
					"snd_cwnd":	372136,
					"rtt":	266859,
					"rttvar":	219,
					"pmtu":	1500,
					"omitted":	false,
					"sender":	true
				}],
			"sum":	{
				"start":	8.000692,
				"end":	9.000827,
				"seconds":	1.0001349449157715,
				"bytes":	1310720,
				"bits_per_second":	10484345.190921292,
				"retransmits":	0,
				"omitted":	false,
				"sender":	true
			}
		}, {
			"streams":	[{
					"socket":	5,
					"start":	9.000827,
					"end":	10.000871,
					"seconds":	1.0000439882278442,
					"bytes":	1310720,
					"bits_per_second":	10485298.770288678,
					"retransmits":	0,
					"snd_cwnd":	372136,
					"rtt":	266983,
					"rttvar":	398,
					"pmtu":	1500,
					"omitted":	false,
					"sender":	true
				}],
			"sum":	{
				"start":	9.000827,
				"end":	10.000871,
				"seconds":	1.0000439882278442,
				"bytes":	1310720,
				"bits_per_second":	10485298.770288678,
				"retransmits":	0,
				"omitted":	false,
				"sender":	true
			}
		}],
	"end":	{
		"streams":	[{
				"sender":	{
					"socket":	5,
					"start":	0,
					"end":	10.000871,
					"seconds":	10.000871,
					"bytes":	15519288,
					"bits_per_second":	12414349.1101925,
					"retransmits":	616,
					"max_snd_cwnd":	642912,
					"max_rtt":	274815,
					"min_rtt":	266596,
					"mean_rtt":	268211,
					"sender":	true
				},
				"receiver":	{
					"socket":	5,
					"start":	0,
					"end":	10.267219,
					"seconds":	10.000871,
					"bytes":	13043584,
					"bits_per_second":	10163284.916782236,
					"sender":	true
				}
			}],
		"sum_sent":	{
			"start":	0,
			"end":	10.000871,
			"seconds":	10.000871,
			"bytes":	15519288,
			"bits_per_second":	12414349.1101925,
			"retransmits":	616,
			"sender":	true
		},
		"sum_received":	{
			"start":	0,
			"end":	10.267219,
			"seconds":	10.267219,
			"bytes":	13043584,
			"bits_per_second":	10163284.916782236,
			"sender":	true
		},
		"cpu_utilization_percent":	{
			"host_total":	2.4158810528571979,
			"host_user":	1.1086378282272829,
			"host_system":	1.3072432246299153,
			"remote_total":	0.77120013900517026,
			"remote_user":	0.17182799980208907,
			"remote_system":	0.599352659779002
		},
		"sender_tcp_congestion":	"cubic",
		"receiver_tcp_congestion":	"cubic"
	}
}
