{
	"start":	{
		"connected":	[{
				"socket":	5,
				"local_host":	"172.26.184.25",
				"local_port":	57950,
				"remote_host":	"188.166.241.168",
				"remote_port":	5202
			}],
		"version":	"iperf 3.9",
		"system_info":	"Linux A-Tower 5.15.90.1-microsoft-standard-WSL2 #1 SMP Fri Jan 27 02:56:13 UTC 2023 x86_64",
		"timestamp":	{
			"time":	"Sun, 01 Oct 2023 16:59:35 GMT",
			"timesecs":	1696179575
		},
		"connecting_to":	{
			"host":	"sgp1.iperf.comnet-student.eu",
			"port":	5202
		},
		"cookie":	"fqotkhunggan25dmfs2rtvun3a2c3u7hardb",
		"tcp_mss_default":	1448,
		"sock_bufsize":	0,
		"sndbuf_actual":	16384,
		"rcvbuf_actual":	131072,
		"test_start":	{
			"protocol":	"TCP",
			"num_streams":	1,
			"blksize":	131072,
			"omit":	0,
			"duration":	10,
			"bytes":	0,
			"blocks":	0,
			"reverse":	1,
			"tos":	0
		}
	},
	"intervals":	[{
			"streams":	[{
					"socket":	5,
					"start":	0,
					"end":	1.000286,
					"seconds":	1.0002859830856323,
					"bytes":	217200,
					"bits_per_second":	1737103.2178616941,
					"omitted":	false,
					"sender":	false
				}],
			"sum":	{
				"start":	0,
				"end":	1.000286,
				"seconds":	1.0002859830856323,
				"bytes":	217200,
				"bits_per_second":	1737103.2178616941,
				"omitted":	false,
				"sender":	false
			}
		}, {
			"streams":	[{
					"socket":	5,
					"start":	1.000286,
					"end":	2.000195,
					"seconds":	0.999908983707428,
					"bytes":	2361688,
					"bits_per_second":	18895223.773215156,
					"omitted":	false,
					"sender":	false
				}],
			"sum":	{
				"start":	1.000286,
				"end":	2.000195,
				"seconds":	0.999908983707428,
				"bytes":	2361688,
				"bits_per_second":	18895223.773215156,
				"omitted":	false,
				"sender":	false
			}
		}, {
			"streams":	[{
					"socket":	5,
					"start":	2.000195,
					"end":	3.000284,
					"seconds":	1.0000890493392944,
					"bytes":	3358472,
					"bits_per_second":	26865383.6553356,
					"omitted":	false,
					"sender":	false
				}],
			"sum":	{
				"start":	2.000195,
				"end":	3.000284,
				"seconds":	1.0000890493392944,
				"bytes":	3358472,
				"bits_per_second":	26865383.6553356,
				"omitted":	false,
				"sender":	false
			}
		}, {
			"streams":	[{
					"socket":	5,
					"start":	3.000284,
					"end":	4.000159,
					"seconds":	0.999875009059906,
					"bytes":	3217456,
					"bits_per_second":	25742865.624975178,
					"omitted":	false,
					"sender":	false
				}],
			"sum":	{
				"start":	3.000284,
				"end":	4.000159,
				"seconds":	0.999875009059906,
				"bytes":	3217456,
				"bits_per_second":	25742865.624975178,
				"omitted":	false,
				"sender":	false
			}
		}, {
			"streams":	[{
					"socket":	5,
					"start":	4.000159,
					"end":	5.000277,
					"seconds":	1.0001180171966553,
					"bytes":	4291872,
					"bits_per_second":	34330924.360548384,
					"omitted":	false,
					"sender":	false
				}],
			"sum":	{
				"start":	4.000159,
				"end":	5.000277,
				"seconds":	1.0001180171966553,
				"bytes":	4291872,
				"bits_per_second":	34330924.360548384,
				"omitted":	false,
				"sender":	false
			}
		}, {
			"streams":	[{
					"socket":	5,
					"start":	5.000277,
					"end":	6.000224,
					"seconds":	0.99994701147079468,
					"bytes":	4275944,
					"bits_per_second":	34209364.7039207,
					"omitted":	false,
					"sender":	false
				}],
			"sum":	{
				"start":	5.000277,
				"end":	6.000224,
				"seconds":	0.99994701147079468,
				"bytes":	4275944,
				"bits_per_second":	34209364.7039207,
				"omitted":	false,
				"sender":	false
			}
		}, {
			"streams":	[{
					"socket":	5,
					"start":	6.000224,
					"end":	7.000137,
					"seconds":	0.999912977218628,
					"bytes":	4252776,
					"bits_per_second":	34025168.964839973,
					"omitted":	false,
					"sender":	false
				}],
			"sum":	{
				"start":	6.000224,
				"end":	7.000137,
				"seconds":	0.999912977218628,
				"bytes":	4252776,
				"bits_per_second":	34025168.964839973,
				"omitted":	false,
				"sender":	false
			}
		}, {
			"streams":	[{
					"socket":	5,
					"start":	7.000137,
					"end":	8.000221,
					"seconds":	1.0000840425491333,
					"bytes":	4044264,
					"bits_per_second":	32351393.106455319,
					"omitted":	false,
					"sender":	false
				}],
			"sum":	{
				"start":	7.000137,
				"end":	8.000221,
				"seconds":	1.0000840425491333,
				"bytes":	4044264,
				"bits_per_second":	32351393.106455319,
				"omitted":	false,
				"sender":	false
			}
		}, {
			"streams":	[{
					"socket":	5,
					"start":	8.000221,
					"end":	9.000222,
					"seconds":	1.0000009536743164,
					"bytes":	4535136,
					"bits_per_second":	36281053.3996912,
					"omitted":	false,
					"sender":	false
				}],
			"sum":	{
				"start":	8.000221,
				"end":	9.000222,
				"seconds":	1.0000009536743164,
				"bytes":	4535136,
				"bits_per_second":	36281053.3996912,
				"omitted":	false,
				"sender":	false
			}
		}, {
			"streams":	[{
					"socket":	5,
					"start":	9.000222,
					"end":	10.000214,
					"seconds":	0.9999920129776,
					"bytes":	4304904,
					"bits_per_second":	34439507.0691144,
					"omitted":	false,
					"sender":	false
				}],
			"sum":	{
				"start":	9.000222,
				"end":	10.000214,
				"seconds":	0.9999920129776,
				"bytes":	4304904,
				"bits_per_second":	34439507.0691144,
				"omitted":	false,
				"sender":	false
			}
		}],
	"end":	{
		"streams":	[{
				"sender":	{
					"socket":	5,
					"start":	0,
					"end":	10.272058,
					"seconds":	10.272058,
					"bytes":	38266616,
					"bits_per_second":	29802492.158825427,
					"retransmits":	1609,
					"max_snd_cwnd":	0,
					"max_rtt":	0,
					"min_rtt":	0,
					"mean_rtt":	0,
					"sender":	false
				},
				"receiver":	{
					"socket":	5,
					"start":	0,
					"end":	10.000214,
					"seconds":	10.000214,
					"bytes":	34859712,
					"bits_per_second":	27887172.81450177,
					"sender":	false
				}
			}],
		"sum_sent":	{
			"start":	0,
			"end":	10.272058,
			"seconds":	10.272058,
			"bytes":	38266616,
			"bits_per_second":	29802492.158825427,
			"retransmits":	1609,
			"sender":	false
		},
		"sum_received":	{
			"start":	0,
			"end":	10.000214,
			"seconds":	10.000214,
			"bytes":	34859712,
			"bits_per_second":	27887172.81450177,
			"sender":	false
		},
		"cpu_utilization_percent":	{
			"host_total":	2.8034910010427638,
			"host_user":	0.88845822521528228,
			"host_system":	1.9150065229619813,
			"remote_total":	0.0082310905245106866,
			"remote_user":	0.00209451482176611,
			"remote_system":	0.0061369956134947282
		},
		"sender_tcp_congestion":	"cubic",
		"receiver_tcp_congestion":	"cubic"
	}
}
