{
	"start":	{
		"connected":	[{
				"socket":	5,
				"local_host":	"172.26.184.25",
				"local_port":	33068,
				"remote_host":	"188.166.241.168",
				"remote_port":	5210
			}],
		"version":	"iperf 3.9",
		"system_info":	"Linux A-Tower 5.15.90.1-microsoft-standard-WSL2 #1 SMP Fri Jan 27 02:56:13 UTC 2023 x86_64",
		"timestamp":	{
			"time":	"Mon, 02 Oct 2023 03:59:36 GMT",
			"timesecs":	1696219176
		},
		"connecting_to":	{
			"host":	"sgp1.iperf.comnet-student.eu",
			"port":	5210
		},
		"cookie":	"evw5yfdfasjo6f4n3fx6lvfdcfa7xq3zhrpn",
		"tcp_mss_default":	1448,
		"sock_bufsize":	0,
		"sndbuf_actual":	16384,
		"rcvbuf_actual":	131072,
		"test_start":	{
			"protocol":	"TCP",
			"num_streams":	1,
			"blksize":	131072,
			"omit":	0,
			"duration":	10,
			"bytes":	0,
			"blocks":	0,
			"reverse":	1,
			"tos":	0
		}
	},
	"intervals":	[{
			"streams":	[{
					"socket":	5,
					"start":	0,
					"end":	1.000306,
					"seconds":	1.0003060102462769,
					"bytes":	217200,
					"bits_per_second":	1737068.4392591026,
					"omitted":	false,
					"sender":	false
				}],
			"sum":	{
				"start":	0,
				"end":	1.000306,
				"seconds":	1.0003060102462769,
				"bytes":	217200,
				"bits_per_second":	1737068.4392591026,
				"omitted":	false,
				"sender":	false
			}
		}, {
			"streams":	[{
					"socket":	5,
					"start":	1.000306,
					"end":	2.000238,
					"seconds":	0.99993199110031128,
					"bytes":	2077880,
					"bits_per_second":	16624170.59155017,
					"omitted":	false,
					"sender":	false
				}],
			"sum":	{
				"start":	1.000306,
				"end":	2.000238,
				"seconds":	0.99993199110031128,
				"bytes":	2077880,
				"bits_per_second":	16624170.59155017,
				"omitted":	false,
				"sender":	false
			}
		}, {
			"streams":	[{
					"socket":	5,
					"start":	2.000238,
					"end":	3.000265,
					"seconds":	1.0000269412994385,
					"bytes":	4415232,
					"bits_per_second":	35320904.408937879,
					"omitted":	false,
					"sender":	false
				}],
			"sum":	{
				"start":	2.000238,
				"end":	3.000265,
				"seconds":	1.0000269412994385,
				"bytes":	4415232,
				"bits_per_second":	35320904.408937879,
				"omitted":	false,
				"sender":	false
			}
		}, {
			"streams":	[{
					"socket":	5,
					"start":	3.000265,
					"end":	4.000196,
					"seconds":	0.99993097782135,
					"bytes":	4375856,
					"bits_per_second":	35009264.4157029,
					"omitted":	false,
					"sender":	false
				}],
			"sum":	{
				"start":	3.000265,
				"end":	4.000196,
				"seconds":	0.99993097782135,
				"bytes":	4375856,
				"bits_per_second":	35009264.4157029,
				"omitted":	false,
				"sender":	false
			}
		}, {
			"streams":	[{
					"socket":	5,
					"start":	4.000196,
					"end":	5.00019,
					"seconds":	0.99999397993087769,
					"bytes":	4013856,
					"bits_per_second":	32111041.31068828,
					"omitted":	false,
					"sender":	false
				}],
			"sum":	{
				"start":	4.000196,
				"end":	5.00019,
				"seconds":	0.99999397993087769,
				"bytes":	4013856,
				"bits_per_second":	32111041.31068828,
				"omitted":	false,
				"sender":	false
			}
		}, {
			"streams":	[{
					"socket":	5,
					"start":	5.00019,
					"end":	6.00017,
					"seconds":	0.99997997283935547,
					"bytes":	3457824,
					"bits_per_second":	27663146.014269162,
					"omitted":	false,
					"sender":	false
				}],
			"sum":	{
				"start":	5.00019,
				"end":	6.00017,
				"seconds":	0.99997997283935547,
				"bytes":	3457824,
				"bits_per_second":	27663146.014269162,
				"omitted":	false,
				"sender":	false
			}
		}, {
			"streams":	[{
					"socket":	5,
					"start":	6.00017,
					"end":	7.00024,
					"seconds":	1.0000699758529663,
					"bytes":	3103064,
					"bits_per_second":	24822775.005146023,
					"omitted":	false,
					"sender":	false
				}],
			"sum":	{
				"start":	6.00017,
				"end":	7.00024,
				"seconds":	1.0000699758529663,
				"bytes":	3103064,
				"bits_per_second":	24822775.005146023,
				"omitted":	false,
				"sender":	false
			}
		}, {
			"streams":	[{
					"socket":	5,
					"start":	7.00024,
					"end":	8.000185,
					"seconds":	0.99994498491287231,
					"bytes":	3289856,
					"bits_per_second":	26320296.0133784,
					"omitted":	false,
					"sender":	false
				}],
			"sum":	{
				"start":	7.00024,
				"end":	8.000185,
				"seconds":	0.99994498491287231,
				"bytes":	3289856,
				"bits_per_second":	26320296.0133784,
				"omitted":	false,
				"sender":	false
			}
		}, {
			"streams":	[{
					"socket":	5,
					"start":	8.000185,
					"end":	9.000305,
					"seconds":	1.0001200437545776,
					"bytes":	3372392,
					"bits_per_second":	26975897.711955555,
					"omitted":	false,
					"sender":	false
				}],
			"sum":	{
				"start":	8.000185,
				"end":	9.000305,
				"seconds":	1.0001200437545776,
				"bytes":	3372392,
				"bits_per_second":	26975897.711955555,
				"omitted":	false,
				"sender":	false
			}
		}, {
			"streams":	[{
					"socket":	5,
					"start":	9.000305,
					"end":	10.000243,
					"seconds":	0.99993801116943359,
					"bytes":	3221800,
					"bits_per_second":	25775997.823961791,
					"omitted":	false,
					"sender":	false
				}],
			"sum":	{
				"start":	9.000305,
				"end":	10.000243,
				"seconds":	0.99993801116943359,
				"bytes":	3221800,
				"bits_per_second":	25775997.823961791,
				"omitted":	false,
				"sender":	false
			}
		}],
	"end":	{
		"streams":	[{
				"sender":	{
					"socket":	5,
					"start":	0,
					"end":	10.266606,
					"seconds":	10.266606,
					"bytes":	34612192,
					"bits_per_second":	26970698.593089089,
					"retransmits":	1651,
					"max_snd_cwnd":	0,
					"max_rtt":	0,
					"min_rtt":	0,
					"mean_rtt":	0,
					"sender":	false
				},
				"receiver":	{
					"socket":	5,
					"start":	0,
					"end":	10.000243,
					"seconds":	10.000243,
					"bytes":	31544960,
					"bits_per_second":	25235354.780878827,
					"sender":	false
				}
			}],
		"sum_sent":	{
			"start":	0,
			"end":	10.266606,
			"seconds":	10.266606,
			"bytes":	34612192,
			"bits_per_second":	26970698.593089089,
			"retransmits":	1651,
			"sender":	false
		},
		"sum_received":	{
			"start":	0,
			"end":	10.000243,
			"seconds":	10.000243,
			"bytes":	31544960,
			"bits_per_second":	25235354.780878827,
			"sender":	false
		},
		"cpu_utilization_percent":	{
			"host_total":	2.8515043430508773,
			"host_user":	0.81860856548021854,
			"host_system":	2.0328519088129964,
			"remote_total":	0.0049669502290450532,
			"remote_user":	3.0120189640380784e-05,
			"remote_system":	0.0049370919540971973
		},
		"sender_tcp_congestion":	"cubic",
		"receiver_tcp_congestion":	"cubic"
	}
}
