{
	"start":	{
		"connected":	[{
				"socket":	5,
				"local_host":	"172.26.184.25",
				"local_port":	44956,
				"remote_host":	"188.166.241.168",
				"remote_port":	5209
			}],
		"version":	"iperf 3.9",
		"system_info":	"Linux A-Tower 5.15.90.1-microsoft-standard-WSL2 #1 SMP Fri Jan 27 02:56:13 UTC 2023 x86_64",
		"timestamp":	{
			"time":	"Sun, 01 Oct 2023 19:59:22 GMT",
			"timesecs":	1696190362
		},
		"connecting_to":	{
			"host":	"sgp1.iperf.comnet-student.eu",
			"port":	5209
		},
		"cookie":	"ebjcri5i5cuvvwvdh4k6bwowlbesgrungpch",
		"tcp_mss_default":	1448,
		"sock_bufsize":	0,
		"sndbuf_actual":	16384,
		"rcvbuf_actual":	131072,
		"test_start":	{
			"protocol":	"TCP",
			"num_streams":	1,
			"blksize":	131072,
			"omit":	0,
			"duration":	10,
			"bytes":	0,
			"blocks":	0,
			"reverse":	0,
			"tos":	0
		}
	},
	"intervals":	[{
			"streams":	[{
					"socket":	5,
					"start":	0,
					"end":	1.000392,
					"seconds":	1.000391960144043,
					"bytes":	263536,
					"bits_per_second":	2107461.9589070217,
					"retransmits":	0,
					"snd_cwnd":	57920,
					"rtt":	281319,
					"rttvar":	970,
					"pmtu":	1500,
					"omitted":	false,
					"sender":	true
				}],
			"sum":	{
				"start":	0,
				"end":	1.000392,
				"seconds":	1.000391960144043,
				"bytes":	263536,
				"bits_per_second":	2107461.9589070217,
				"retransmits":	0,
				"omitted":	false,
				"sender":	true
			}
		}, {
			"streams":	[{
					"socket":	5,
					"start":	1.000392,
					"end":	2.000207,
					"seconds":	0.99981498718261719,
					"bytes":	4012408,
					"bits_per_second":	32105203.874221418,
					"retransmits":	3,
					"snd_cwnd":	715312,
					"rtt":	284288,
					"rttvar":	605,
					"pmtu":	1500,
					"omitted":	false,
					"sender":	true
				}],
			"sum":	{
				"start":	1.000392,
				"end":	2.000207,
				"seconds":	0.99981498718261719,
				"bytes":	4012408,
				"bits_per_second":	32105203.874221418,
				"retransmits":	3,
				"omitted":	false,
				"sender":	true
			}
		}, {
			"streams":	[{
					"socket":	5,
					"start":	2.000207,
					"end":	3.001134,
					"seconds":	1.0009269714355469,
					"bytes":	0,
					"bits_per_second":	0,
					"retransmits":	226,
					"snd_cwnd":	509696,
					"rtt":	280471,
					"rttvar":	241,
					"pmtu":	1500,
					"omitted":	false,
					"sender":	true
				}],
			"sum":	{
				"start":	2.000207,
				"end":	3.001134,
				"seconds":	1.0009269714355469,
				"bytes":	0,
				"bits_per_second":	0,
				"retransmits":	226,
				"omitted":	false,
				"sender":	true
			}
		}, {
			"streams":	[{
					"socket":	5,
					"start":	3.001134,
					"end":	4.000231,
					"seconds":	0.99909698963165283,
					"bytes":	2621440,
					"bits_per_second":	20990474.616214972,
					"retransmits":	50,
					"snd_cwnd":	388064,
					"rtt":	280876,
					"rttvar":	737,
					"pmtu":	1500,
					"omitted":	false,
					"sender":	true
				}],
			"sum":	{
				"start":	3.001134,
				"end":	4.000231,
				"seconds":	0.99909698963165283,
				"bytes":	2621440,
				"bits_per_second":	20990474.616214972,
				"retransmits":	50,
				"omitted":	false,
				"sender":	true
			}
		}, {
			"streams":	[{
					"socket":	5,
					"start":	4.000231,
					"end":	5.000487,
					"seconds":	1.0002559423446655,
					"bytes":	1310720,
					"bits_per_second":	10483076.93670951,
					"retransmits":	0,
					"snd_cwnd":	418472,
					"rtt":	280470,
					"rttvar":	415,
					"pmtu":	1500,
					"omitted":	false,
					"sender":	true
				}],
			"sum":	{
				"start":	4.000231,
				"end":	5.000487,
				"seconds":	1.0002559423446655,
				"bytes":	1310720,
				"bits_per_second":	10483076.93670951,
				"retransmits":	0,
				"omitted":	false,
				"sender":	true
			}
		}, {
			"streams":	[{
					"socket":	5,
					"start":	5.000487,
					"end":	6.000658,
					"seconds":	1.0001709461212158,
					"bytes":	1310720,
					"bits_per_second":	10483967.80636855,
					"retransmits":	0,
					"snd_cwnd":	437296,
					"rtt":	279654,
					"rttvar":	346,
					"pmtu":	1500,
					"omitted":	false,
					"sender":	true
				}],
			"sum":	{
				"start":	5.000487,
				"end":	6.000658,
				"seconds":	1.0001709461212158,
				"bytes":	1310720,
				"bits_per_second":	10483967.80636855,
				"retransmits":	0,
				"omitted":	false,
				"sender":	true
			}
		}, {
			"streams":	[{
					"socket":	5,
					"start":	6.000658,
					"end":	7.000603,
					"seconds":	0.99994498491287231,
					"bytes":	1310720,
					"bits_per_second":	10486336.906738574,
					"retransmits":	0,
					"snd_cwnd":	447432,
					"rtt":	285548,
					"rttvar":	10219,
					"pmtu":	1500,
					"omitted":	false,
					"sender":	true
				}],
			"sum":	{
				"start":	6.000658,
				"end":	7.000603,
				"seconds":	0.99994498491287231,
				"bytes":	1310720,
				"bits_per_second":	10486336.906738574,
				"retransmits":	0,
				"omitted":	false,
				"sender":	true
			}
		}, {
			"streams":	[{
					"socket":	5,
					"start":	7.000603,
					"end":	8.000818,
					"seconds":	1.0002150535583496,
					"bytes":	1310720,
					"bits_per_second":	10483505.484841507,
					"retransmits":	0,
					"snd_cwnd":	450328,
					"rtt":	281946,
					"rttvar":	712,
					"pmtu":	1500,
					"omitted":	false,
					"sender":	true
				}],
			"sum":	{
				"start":	7.000603,
				"end":	8.000818,
				"seconds":	1.0002150535583496,
				"bytes":	1310720,
				"bits_per_second":	10483505.484841507,
				"retransmits":	0,
				"omitted":	false,
				"sender":	true
			}
		}, {
			"streams":	[{
					"socket":	5,
					"start":	8.000818,
					"end":	9.000971,
					"seconds":	1.0001529455184937,
					"bytes":	1310720,
					"bits_per_second":	10484156.495248865,
					"retransmits":	0,
					"snd_cwnd":	450328,
					"rtt":	280524,
					"rttvar":	374,
					"pmtu":	1500,
					"omitted":	false,
					"sender":	true
				}],
			"sum":	{
				"start":	8.000818,
				"end":	9.000971,
				"seconds":	1.0001529455184937,
				"bytes":	1310720,
				"bits_per_second":	10484156.495248865,
				"retransmits":	0,
				"omitted":	false,
				"sender":	true
			}
		}, {
			"streams":	[{
					"socket":	5,
					"start":	9.000971,
					"end":	10.000269,
					"seconds":	0.99929797649383545,
					"bytes":	2621440,
					"bits_per_second":	20986252.842801958,
					"retransmits":	0,
					"snd_cwnd":	451776,
					"rtt":	280034,
					"rttvar":	607,
					"pmtu":	1500,
					"omitted":	false,
					"sender":	true
				}],
			"sum":	{
				"start":	9.000971,
				"end":	10.000269,
				"seconds":	0.99929797649383545,
				"bytes":	2621440,
				"bits_per_second":	20986252.842801958,
				"retransmits":	0,
				"omitted":	false,
				"sender":	true
			}
		}],
	"end":	{
		"streams":	[{
				"sender":	{
					"socket":	5,
					"start":	0,
					"end":	10.000269,
					"seconds":	10.000269,
					"bytes":	16072424,
					"bits_per_second":	12857593.330739403,
					"retransmits":	279,
					"max_snd_cwnd":	715312,
					"max_rtt":	285548,
					"min_rtt":	279654,
					"mean_rtt":	281513,
					"sender":	true
				},
				"receiver":	{
					"socket":	5,
					"start":	0,
					"end":	10.274681,
					"seconds":	10.000269,
					"bytes":	12879960,
					"bits_per_second":	10028504.047960224,
					"sender":	true
				}
			}],
		"sum_sent":	{
			"start":	0,
			"end":	10.000269,
			"seconds":	10.000269,
			"bytes":	16072424,
			"bits_per_second":	12857593.330739403,
			"retransmits":	279,
			"sender":	true
		},
		"sum_received":	{
			"start":	0,
			"end":	10.274681,
			"seconds":	10.274681,
			"bytes":	12879960,
			"bits_per_second":	10028504.047960224,
			"sender":	true
		},
		"cpu_utilization_percent":	{
			"host_total":	4.9401825830358,
			"host_user":	1.3938467913917241,
			"host_system":	3.546335791644077,
			"remote_total":	0.37843635262093561,
			"remote_user":	0.064436107863626677,
			"remote_system":	0.31399662515794574
		},
		"sender_tcp_congestion":	"cubic",
		"receiver_tcp_congestion":	"cubic"
	}
}
