{
	"start":	{
		"connected":	[{
				"socket":	5,
				"local_host":	"172.26.184.25",
				"local_port":	33230,
				"remote_host":	"188.166.241.168",
				"remote_port":	5207
			}],
		"version":	"iperf 3.9",
		"system_info":	"Linux A-Tower 5.15.90.1-microsoft-standard-WSL2 #1 SMP Fri Jan 27 02:56:13 UTC 2023 x86_64",
		"timestamp":	{
			"time":	"Mon, 02 Oct 2023 04:59:36 GMT",
			"timesecs":	1696222776
		},
		"connecting_to":	{
			"host":	"sgp1.iperf.comnet-student.eu",
			"port":	5207
		},
		"cookie":	"glyzi5v72je7k3kl6ova2iwgeb2ztsraybsr",
		"tcp_mss_default":	1448,
		"sock_bufsize":	0,
		"sndbuf_actual":	16384,
		"rcvbuf_actual":	131072,
		"test_start":	{
			"protocol":	"TCP",
			"num_streams":	1,
			"blksize":	131072,
			"omit":	0,
			"duration":	10,
			"bytes":	0,
			"blocks":	0,
			"reverse":	1,
			"tos":	0
		}
	},
	"intervals":	[{
			"streams":	[{
					"socket":	5,
					"start":	0,
					"end":	1.000307,
					"seconds":	1.0003069639205933,
					"bytes":	165072,
					"bits_per_second":	1320170.7552091284,
					"omitted":	false,
					"sender":	false
				}],
			"sum":	{
				"start":	0,
				"end":	1.000307,
				"seconds":	1.0003069639205933,
				"bytes":	165072,
				"bits_per_second":	1320170.7552091284,
				"omitted":	false,
				"sender":	false
			}
		}, {
			"streams":	[{
					"socket":	5,
					"start":	1.000307,
					"end":	2.000213,
					"seconds":	0.99990600347518921,
					"bytes":	2173448,
					"bits_per_second":	17389218.52611063,
					"omitted":	false,
					"sender":	false
				}],
			"sum":	{
				"start":	1.000307,
				"end":	2.000213,
				"seconds":	0.99990600347518921,
				"bytes":	2173448,
				"bits_per_second":	17389218.52611063,
				"omitted":	false,
				"sender":	false
			}
		}, {
			"streams":	[{
					"socket":	5,
					"start":	2.000213,
					"end":	3.00038,
					"seconds":	1.0001670122146606,
					"bytes":	2487664,
					"bits_per_second":	19897988.792824417,
					"omitted":	false,
					"sender":	false
				}],
			"sum":	{
				"start":	2.000213,
				"end":	3.00038,
				"seconds":	1.0001670122146606,
				"bytes":	2487664,
				"bits_per_second":	19897988.792824417,
				"omitted":	false,
				"sender":	false
			}
		}, {
			"streams":	[{
					"socket":	5,
					"start":	3.00038,
					"end":	4.000232,
					"seconds":	0.99985200166702271,
					"bytes":	6270400,
					"bits_per_second":	50170625.168889426,
					"omitted":	false,
					"sender":	false
				}],
			"sum":	{
				"start":	3.00038,
				"end":	4.000232,
				"seconds":	0.99985200166702271,
				"bytes":	6270400,
				"bits_per_second":	50170625.168889426,
				"omitted":	false,
				"sender":	false
			}
		}, {
			"streams":	[{
					"socket":	5,
					"start":	4.000232,
					"end":	5.000257,
					"seconds":	1.0000250339508057,
					"bytes":	6382784,
					"bits_per_second":	51060993.741594583,
					"omitted":	false,
					"sender":	false
				}],
			"sum":	{
				"start":	4.000232,
				"end":	5.000257,
				"seconds":	1.0000250339508057,
				"bytes":	6382784,
				"bits_per_second":	51060993.741594583,
				"omitted":	false,
				"sender":	false
			}
		}, {
			"streams":	[{
					"socket":	5,
					"start":	5.000257,
					"end":	6.000183,
					"seconds":	0.999925971031189,
					"bytes":	7489056,
					"bits_per_second":	59916883.585106179,
					"omitted":	false,
					"sender":	false
				}],
			"sum":	{
				"start":	5.000257,
				"end":	6.000183,
				"seconds":	0.999925971031189,
				"bytes":	7489056,
				"bits_per_second":	59916883.585106179,
				"omitted":	false,
				"sender":	false
			}
		}, {
			"streams":	[{
					"socket":	5,
					"start":	6.000183,
					"end":	7.00012,
					"seconds":	0.99993699789047241,
					"bytes":	7051760,
					"bits_per_second":	56417634.429983646,
					"omitted":	false,
					"sender":	false
				}],
			"sum":	{
				"start":	6.000183,
				"end":	7.00012,
				"seconds":	0.99993699789047241,
				"bytes":	7051760,
				"bits_per_second":	56417634.429983646,
				"omitted":	false,
				"sender":	false
			}
		}, {
			"streams":	[{
					"socket":	5,
					"start":	7.00012,
					"end":	8.000175,
					"seconds":	1.0000549554824829,
					"bytes":	7164704,
					"bits_per_second":	57314482.254974417,
					"omitted":	false,
					"sender":	false
				}],
			"sum":	{
				"start":	7.00012,
				"end":	8.000175,
				"seconds":	1.0000549554824829,
				"bytes":	7164704,
				"bits_per_second":	57314482.254974417,
				"omitted":	false,
				"sender":	false
			}
		}, {
			"streams":	[{
					"socket":	5,
					"start":	8.000175,
					"end":	9.000216,
					"seconds":	1.0000410079956055,
					"bytes":	8473696,
					"bits_per_second":	67786788.1996874,
					"omitted":	false,
					"sender":	false
				}],
			"sum":	{
				"start":	8.000175,
				"end":	9.000216,
				"seconds":	1.0000410079956055,
				"bytes":	8473696,
				"bits_per_second":	67786788.1996874,
				"omitted":	false,
				"sender":	false
			}
		}, {
			"streams":	[{
					"socket":	5,
					"start":	9.000216,
					"end":	10.000252,
					"seconds":	1.0000360012054443,
					"bytes":	7445616,
					"bits_per_second":	59562783.66798833,
					"omitted":	false,
					"sender":	false
				}],
			"sum":	{
				"start":	9.000216,
				"end":	10.000252,
				"seconds":	1.0000360012054443,
				"bytes":	7445616,
				"bits_per_second":	59562783.66798833,
				"omitted":	false,
				"sender":	false
			}
		}],
	"end":	{
		"streams":	[{
				"sender":	{
					"socket":	5,
					"start":	0,
					"end":	10.281477,
					"seconds":	10.281477,
					"bytes":	57611752,
					"bits_per_second":	44827607.55093845,
					"retransmits":	498,
					"max_snd_cwnd":	0,
					"max_rtt":	0,
					"min_rtt":	0,
					"mean_rtt":	0,
					"sender":	false
				},
				"receiver":	{
					"socket":	5,
					"start":	0,
					"end":	10.000252,
					"seconds":	10.000252,
					"bytes":	55104200,
					"bits_per_second":	44082249.127322,
					"sender":	false
				}
			}],
		"sum_sent":	{
			"start":	0,
			"end":	10.281477,
			"seconds":	10.281477,
			"bytes":	57611752,
			"bits_per_second":	44827607.55093845,
			"retransmits":	498,
			"sender":	false
		},
		"sum_received":	{
			"start":	0,
			"end":	10.000252,
			"seconds":	10.000252,
			"bytes":	55104200,
			"bits_per_second":	44082249.127322,
			"sender":	false
		},
		"cpu_utilization_percent":	{
			"host_total":	3.31894545511418,
			"host_user":	1.008095114648244,
			"host_system":	2.31084160306494,
			"remote_total":	0.0091427861367175869,
			"remote_user":	0.00048779821858888756,
			"remote_system":	0.0086549879181287
		},
		"sender_tcp_congestion":	"cubic",
		"receiver_tcp_congestion":	"cubic"
	}
}
