{
	"start":	{
		"connected":	[{
				"socket":	5,
				"local_host":	"172.26.184.25",
				"local_port":	38684,
				"remote_host":	"188.166.241.168",
				"remote_port":	5203
			}],
		"version":	"iperf 3.9",
		"system_info":	"Linux A-Tower 5.15.90.1-microsoft-standard-WSL2 #1 SMP Fri Jan 27 02:56:13 UTC 2023 x86_64",
		"timestamp":	{
			"time":	"Sun, 01 Oct 2023 11:59:26 GMT",
			"timesecs":	1696161566
		},
		"connecting_to":	{
			"host":	"sgp1.iperf.comnet-student.eu",
			"port":	5203
		},
		"cookie":	"wtq7okzivualevionqoh6nxkuy6jrzz2dkld",
		"tcp_mss_default":	1448,
		"sock_bufsize":	0,
		"sndbuf_actual":	16384,
		"rcvbuf_actual":	131072,
		"test_start":	{
			"protocol":	"TCP",
			"num_streams":	1,
			"blksize":	131072,
			"omit":	0,
			"duration":	10,
			"bytes":	0,
			"blocks":	0,
			"reverse":	1,
			"tos":	0
		}
	},
	"intervals":	[{
			"streams":	[{
					"socket":	5,
					"start":	0,
					"end":	1.000303,
					"seconds":	1.0003030300140381,
					"bytes":	217200,
					"bits_per_second":	1737073.6145581952,
					"omitted":	false,
					"sender":	false
				}],
			"sum":	{
				"start":	0,
				"end":	1.000303,
				"seconds":	1.0003030300140381,
				"bytes":	217200,
				"bits_per_second":	1737073.6145581952,
				"omitted":	false,
				"sender":	false
			}
		}, {
			"streams":	[{
					"socket":	5,
					"start":	1.000303,
					"end":	2.000033,
					"seconds":	0.99972999095916748,
					"bytes":	2843872,
					"bits_per_second":	22757120.62831296,
					"omitted":	false,
					"sender":	false
				}],
			"sum":	{
				"start":	1.000303,
				"end":	2.000033,
				"seconds":	0.99972999095916748,
				"bytes":	2843872,
				"bits_per_second":	22757120.62831296,
				"omitted":	false,
				"sender":	false
			}
		}, {
			"streams":	[{
					"socket":	5,
					"start":	2.000033,
					"end":	3.000311,
					"seconds":	1.0002779960632324,
					"bytes":	2886704,
					"bits_per_second":	23087213.845439963,
					"omitted":	false,
					"sender":	false
				}],
			"sum":	{
				"start":	2.000033,
				"end":	3.000311,
				"seconds":	1.0002779960632324,
				"bytes":	2886704,
				"bits_per_second":	23087213.845439963,
				"omitted":	false,
				"sender":	false
			}
		}, {
			"streams":	[{
					"socket":	5,
					"start":	3.000311,
					"end":	4.000304,
					"seconds":	0.99999302625656128,
					"bytes":	3588144,
					"bits_per_second":	28705352.183761448,
					"omitted":	false,
					"sender":	false
				}],
			"sum":	{
				"start":	3.000311,
				"end":	4.000304,
				"seconds":	0.99999302625656128,
				"bytes":	3588144,
				"bits_per_second":	28705352.183761448,
				"omitted":	false,
				"sender":	false
			}
		}, {
			"streams":	[{
					"socket":	5,
					"start":	4.000304,
					"end":	5.000476,
					"seconds":	1.0001720190048218,
					"bytes":	2251640,
					"bits_per_second":	18010021.9339501,
					"omitted":	false,
					"sender":	false
				}],
			"sum":	{
				"start":	4.000304,
				"end":	5.000476,
				"seconds":	1.0001720190048218,
				"bytes":	2251640,
				"bits_per_second":	18010021.9339501,
				"omitted":	false,
				"sender":	false
			}
		}, {
			"streams":	[{
					"socket":	5,
					"start":	5.000476,
					"end":	6.000169,
					"seconds":	0.999692976474762,
					"bytes":	3189944,
					"bits_per_second":	25527389.509117212,
					"omitted":	false,
					"sender":	false
				}],
			"sum":	{
				"start":	5.000476,
				"end":	6.000169,
				"seconds":	0.999692976474762,
				"bytes":	3189944,
				"bits_per_second":	25527389.509117212,
				"omitted":	false,
				"sender":	false
			}
		}, {
			"streams":	[{
					"socket":	5,
					"start":	6.000169,
					"end":	7.000299,
					"seconds":	1.0001300573349,
					"bytes":	3239176,
					"bits_per_second":	25910038.209483322,
					"omitted":	false,
					"sender":	false
				}],
			"sum":	{
				"start":	6.000169,
				"end":	7.000299,
				"seconds":	1.0001300573349,
				"bytes":	3239176,
				"bits_per_second":	25910038.209483322,
				"omitted":	false,
				"sender":	false
			}
		}, {
			"streams":	[{
					"socket":	5,
					"start":	7.000299,
					"end":	8.000154,
					"seconds":	0.99985498189926147,
					"bytes":	3217456,
					"bits_per_second":	25743381.256256372,
					"omitted":	false,
					"sender":	false
				}],
			"sum":	{
				"start":	7.000299,
				"end":	8.000154,
				"seconds":	0.99985498189926147,
				"bytes":	3217456,
				"bits_per_second":	25743381.256256372,
				"omitted":	false,
				"sender":	false
			}
		}, {
			"streams":	[{
					"socket":	5,
					"start":	8.000154,
					"end":	9.000284,
					"seconds":	1.0001300573349,
					"bytes":	3541808,
					"bits_per_second":	28330779.374338936,
					"omitted":	false,
					"sender":	false
				}],
			"sum":	{
				"start":	8.000154,
				"end":	9.000284,
				"seconds":	1.0001300573349,
				"bytes":	3541808,
				"bits_per_second":	28330779.374338936,
				"omitted":	false,
				"sender":	false
			}
		}, {
			"streams":	[{
					"socket":	5,
					"start":	9.000284,
					"end":	10.000207,
					"seconds":	0.9999229907989502,
					"bytes":	3323160,
					"bits_per_second":	26587327.468846425,
					"omitted":	false,
					"sender":	false
				}],
			"sum":	{
				"start":	9.000284,
				"end":	10.000207,
				"seconds":	0.9999229907989502,
				"bytes":	3323160,
				"bits_per_second":	26587327.468846425,
				"omitted":	false,
				"sender":	false
			}
		}],
	"end":	{
		"streams":	[{
				"sender":	{
					"socket":	5,
					"start":	0,
					"end":	10.274578,
					"seconds":	10.274578,
					"bytes":	31798728,
					"bits_per_second":	24759150.594798151,
					"retransmits":	1756,
					"max_snd_cwnd":	0,
					"max_rtt":	0,
					"min_rtt":	0,
					"mean_rtt":	0,
					"sender":	false
				},
				"receiver":	{
					"socket":	5,
					"start":	0,
					"end":	10.000207,
					"seconds":	10.000207,
					"bytes":	28299104,
					"bits_per_second":	22638814.576538265,
					"sender":	false
				}
			}],
		"sum_sent":	{
			"start":	0,
			"end":	10.274578,
			"seconds":	10.274578,
			"bytes":	31798728,
			"bits_per_second":	24759150.594798151,
			"retransmits":	1756,
			"sender":	false
		},
		"sum_received":	{
			"start":	0,
			"end":	10.000207,
			"seconds":	10.000207,
			"bytes":	28299104,
			"bits_per_second":	22638814.576538265,
			"sender":	false
		},
		"cpu_utilization_percent":	{
			"host_total":	3.0109135533630127,
			"host_user":	1.2842333783145632,
			"host_system":	1.7267064491312736,
			"remote_total":	0.00023380053432039407,
			"remote_user":	4.902865604493524e-05,
			"remote_system":	0.00018478508286906106
		},
		"sender_tcp_congestion":	"cubic",
		"receiver_tcp_congestion":	"cubic"
	}
}
