{
	"start":	{
		"connected":	[{
				"socket":	5,
				"local_host":	"172.26.184.25",
				"local_port":	48516,
				"remote_host":	"188.166.241.168",
				"remote_port":	5204
			}],
		"version":	"iperf 3.9",
		"system_info":	"Linux A-Tower 5.15.90.1-microsoft-standard-WSL2 #1 SMP Fri Jan 27 02:56:13 UTC 2023 x86_64",
		"timestamp":	{
			"time":	"Mon, 02 Oct 2023 11:59:23 GMT",
			"timesecs":	1696247963
		},
		"connecting_to":	{
			"host":	"sgp1.iperf.comnet-student.eu",
			"port":	5204
		},
		"cookie":	"jzdzxlf2nsebdlwlpid2pycisfw4qgi36nnz",
		"tcp_mss_default":	1448,
		"sock_bufsize":	0,
		"sndbuf_actual":	16384,
		"rcvbuf_actual":	131072,
		"test_start":	{
			"protocol":	"TCP",
			"num_streams":	1,
			"blksize":	131072,
			"omit":	0,
			"duration":	10,
			"bytes":	0,
			"blocks":	0,
			"reverse":	0,
			"tos":	0
		}
	},
	"intervals":	[{
			"streams":	[{
					"socket":	5,
					"start":	0,
					"end":	1.000273,
					"seconds":	1.0002729892730713,
					"bytes":	295392,
					"bits_per_second":	2362491.0652814512,
					"retransmits":	0,
					"snd_cwnd":	57920,
					"rtt":	273953,
					"rttvar":	11589,
					"pmtu":	1500,
					"omitted":	false,
					"sender":	true
				}],
			"sum":	{
				"start":	0,
				"end":	1.000273,
				"seconds":	1.0002729892730713,
				"bytes":	295392,
				"bits_per_second":	2362491.0652814512,
				"retransmits":	0,
				"omitted":	false,
				"sender":	true
			}
		}, {
			"streams":	[{
					"socket":	5,
					"start":	1.000273,
					"end":	2.000362,
					"seconds":	1.0000890493392944,
					"bytes":	3169672,
					"bits_per_second":	25355118.14348159,
					"retransmits":	1,
					"snd_cwnd":	776128,
					"rtt":	267420,
					"rttvar":	595,
					"pmtu":	1500,
					"omitted":	false,
					"sender":	true
				}],
			"sum":	{
				"start":	1.000273,
				"end":	2.000362,
				"seconds":	1.0000890493392944,
				"bytes":	3169672,
				"bits_per_second":	25355118.14348159,
				"retransmits":	1,
				"omitted":	false,
				"sender":	true
			}
		}, {
			"streams":	[{
					"socket":	5,
					"start":	2.000362,
					"end":	3.000167,
					"seconds":	0.999804973602295,
					"bytes":	2621440,
					"bits_per_second":	20975610.797813561,
					"retransmits":	236,
					"snd_cwnd":	618296,
					"rtt":	267327,
					"rttvar":	397,
					"pmtu":	1500,
					"omitted":	false,
					"sender":	true
				}],
			"sum":	{
				"start":	2.000362,
				"end":	3.000167,
				"seconds":	0.999804973602295,
				"bytes":	2621440,
				"bits_per_second":	20975610.797813561,
				"retransmits":	236,
				"omitted":	false,
				"sender":	true
			}
		}, {
			"streams":	[{
					"socket":	5,
					"start":	3.000167,
					"end":	4.000603,
					"seconds":	1.0004359483718872,
					"bytes":	1310720,
					"bits_per_second":	10481190.741960604,
					"retransmits":	0,
					"snd_cwnd":	696488,
					"rtt":	272670,
					"rttvar":	11243,
					"pmtu":	1500,
					"omitted":	false,
					"sender":	true
				}],
			"sum":	{
				"start":	3.000167,
				"end":	4.000603,
				"seconds":	1.0004359483718872,
				"bytes":	1310720,
				"bits_per_second":	10481190.741960604,
				"retransmits":	0,
				"omitted":	false,
				"sender":	true
			}
		}, {
			"streams":	[{
					"socket":	5,
					"start":	4.000603,
					"end":	5.000478,
					"seconds":	0.999875009059906,
					"bytes":	2621440,
					"bits_per_second":	20974141.577673458,
					"retransmits":	0,
					"snd_cwnd":	760200,
					"rtt":	273025,
					"rttvar":	5278,
					"pmtu":	1500,
					"omitted":	false,
					"sender":	true
				}],
			"sum":	{
				"start":	4.000603,
				"end":	5.000478,
				"seconds":	0.999875009059906,
				"bytes":	2621440,
				"bits_per_second":	20974141.577673458,
				"retransmits":	0,
				"omitted":	false,
				"sender":	true
			}
		}, {
			"streams":	[{
					"socket":	5,
					"start":	5.000478,
					"end":	6.000109,
					"seconds":	0.99963098764419556,
					"bytes":	3932160,
					"bits_per_second":	31468892.410122816,
					"retransmits":	0,
					"snd_cwnd":	800744,
					"rtt":	272584,
					"rttvar":	10543,
					"pmtu":	1500,
					"omitted":	false,
					"sender":	true
				}],
			"sum":	{
				"start":	5.000478,
				"end":	6.000109,
				"seconds":	0.99963098764419556,
				"bytes":	3932160,
				"bits_per_second":	31468892.410122816,
				"retransmits":	0,
				"omitted":	false,
				"sender":	true
			}
		}, {
			"streams":	[{
					"socket":	5,
					"start":	6.000109,
					"end":	7.000246,
					"seconds":	1.0001369714736938,
					"bytes":	2621440,
					"bits_per_second":	20968647.893396676,
					"retransmits":	0,
					"snd_cwnd":	826808,
					"rtt":	267604,
					"rttvar":	509,
					"pmtu":	1500,
					"omitted":	false,
					"sender":	true
				}],
			"sum":	{
				"start":	6.000109,
				"end":	7.000246,
				"seconds":	1.0001369714736938,
				"bytes":	2621440,
				"bits_per_second":	20968647.893396676,
				"retransmits":	0,
				"omitted":	false,
				"sender":	true
			}
		}, {
			"streams":	[{
					"socket":	5,
					"start":	7.000246,
					"end":	8.000511,
					"seconds":	1.0002650022506714,
					"bytes":	2621440,
					"bits_per_second":	20965963.972359829,
					"retransmits":	0,
					"snd_cwnd":	839840,
					"rtt":	267305,
					"rttvar":	560,
					"pmtu":	1500,
					"omitted":	false,
					"sender":	true
				}],
			"sum":	{
				"start":	7.000246,
				"end":	8.000511,
				"seconds":	1.0002650022506714,
				"bytes":	2621440,
				"bits_per_second":	20965963.972359829,
				"retransmits":	0,
				"omitted":	false,
				"sender":	true
			}
		}, {
			"streams":	[{
					"socket":	5,
					"start":	8.000511,
					"end":	9.000232,
					"seconds":	0.9997209906578064,
					"bytes":	3932160,
					"bits_per_second":	31466059.324513558,
					"retransmits":	0,
					"snd_cwnd":	847080,
					"rtt":	267298,
					"rttvar":	630,
					"pmtu":	1500,
					"omitted":	false,
					"sender":	true
				}],
			"sum":	{
				"start":	8.000511,
				"end":	9.000232,
				"seconds":	0.9997209906578064,
				"bytes":	3932160,
				"bits_per_second":	31466059.324513558,
				"retransmits":	0,
				"omitted":	false,
				"sender":	true
			}
		}, {
			"streams":	[{
					"socket":	5,
					"start":	9.000232,
					"end":	10.000216,
					"seconds":	0.9999840259552002,
					"bytes":	2621440,
					"bits_per_second":	20971855.005351391,
					"retransmits":	27,
					"snd_cwnd":	561824,
					"rtt":	269333,
					"rttvar":	1577,
					"pmtu":	1500,
					"omitted":	false,
					"sender":	true
				}],
			"sum":	{
				"start":	9.000232,
				"end":	10.000216,
				"seconds":	0.9999840259552002,
				"bytes":	2621440,
				"bits_per_second":	20971855.005351391,
				"retransmits":	27,
				"omitted":	false,
				"sender":	true
			}
		}],
	"end":	{
		"streams":	[{
				"sender":	{
					"socket":	5,
					"start":	0,
					"end":	10.000216,
					"seconds":	10.000216,
					"bytes":	25747304,
					"bits_per_second":	20597398.2961968,
					"retransmits":	264,
					"max_snd_cwnd":	847080,
					"max_rtt":	273953,
					"min_rtt":	267298,
					"mean_rtt":	269851,
					"sender":	true
				},
				"receiver":	{
					"socket":	5,
					"start":	0,
					"end":	10.273624,
					"seconds":	10.000216,
					"bytes":	23357688,
					"bits_per_second":	18188470.202919632,
					"sender":	true
				}
			}],
		"sum_sent":	{
			"start":	0,
			"end":	10.000216,
			"seconds":	10.000216,
			"bytes":	25747304,
			"bits_per_second":	20597398.2961968,
			"retransmits":	264,
			"sender":	true
		},
		"sum_received":	{
			"start":	0,
			"end":	10.273624,
			"seconds":	10.273624,
			"bytes":	23357688,
			"bits_per_second":	18188470.202919632,
			"sender":	true
		},
		"cpu_utilization_percent":	{
			"host_total":	4.8171947527820551,
			"host_user":	1.8545369608823354,
			"host_system":	2.9626402495988731,
			"remote_total":	0.050155361677950115,
			"remote_user":	0.0045875915601771072,
			"remote_system":	0.045567770117773
		},
		"sender_tcp_congestion":	"cubic",
		"receiver_tcp_congestion":	"cubic"
	}
}
