{
	"start":	{
		"connected":	[{
				"socket":	5,
				"local_host":	"172.26.184.25",
				"local_port":	40016,
				"remote_host":	"188.166.241.168",
				"remote_port":	5203
			}],
		"version":	"iperf 3.9",
		"system_info":	"Linux A-Tower 5.15.90.1-microsoft-standard-WSL2 #1 SMP Fri Jan 27 02:56:13 UTC 2023 x86_64",
		"timestamp":	{
			"time":	"Mon, 02 Oct 2023 11:59:36 GMT",
			"timesecs":	1696247976
		},
		"connecting_to":	{
			"host":	"sgp1.iperf.comnet-student.eu",
			"port":	5203
		},
		"cookie":	"ewqpn35v7kqb5mn5zdvehb4wbirsnmkhrkfi",
		"tcp_mss_default":	1448,
		"sock_bufsize":	0,
		"sndbuf_actual":	16384,
		"rcvbuf_actual":	131072,
		"test_start":	{
			"protocol":	"TCP",
			"num_streams":	1,
			"blksize":	131072,
			"omit":	0,
			"duration":	10,
			"bytes":	0,
			"blocks":	0,
			"reverse":	1,
			"tos":	0
		}
	},
	"intervals":	[{
			"streams":	[{
					"socket":	5,
					"start":	0,
					"end":	1.000358,
					"seconds":	1.000357985496521,
					"bytes":	163624,
					"bits_per_second":	1308523.5675409643,
					"omitted":	false,
					"sender":	false
				}],
			"sum":	{
				"start":	0,
				"end":	1.000358,
				"seconds":	1.000357985496521,
				"bytes":	163624,
				"bits_per_second":	1308523.5675409643,
				"omitted":	false,
				"sender":	false
			}
		}, {
			"streams":	[{
					"socket":	5,
					"start":	1.000358,
					"end":	2.00023,
					"seconds":	0.99987202882766724,
					"bytes":	2567304,
					"bits_per_second":	20541060.663614079,
					"omitted":	false,
					"sender":	false
				}],
			"sum":	{
				"start":	1.000358,
				"end":	2.00023,
				"seconds":	0.99987202882766724,
				"bytes":	2567304,
				"bits_per_second":	20541060.663614079,
				"omitted":	false,
				"sender":	false
			}
		}, {
			"streams":	[{
					"socket":	5,
					"start":	2.00023,
					"end":	3.000469,
					"seconds":	1.0002390146255493,
					"bytes":	3750320,
					"bits_per_second":	29995390.662932493,
					"omitted":	false,
					"sender":	false
				}],
			"sum":	{
				"start":	2.00023,
				"end":	3.000469,
				"seconds":	1.0002390146255493,
				"bytes":	3750320,
				"bits_per_second":	29995390.662932493,
				"omitted":	false,
				"sender":	false
			}
		}, {
			"streams":	[{
					"socket":	5,
					"start":	3.000469,
					"end":	4.00017,
					"seconds":	0.99970102310180664,
					"bytes":	2807672,
					"bits_per_second":	22468093.440885276,
					"omitted":	false,
					"sender":	false
				}],
			"sum":	{
				"start":	3.000469,
				"end":	4.00017,
				"seconds":	0.99970102310180664,
				"bytes":	2807672,
				"bits_per_second":	22468093.440885276,
				"omitted":	false,
				"sender":	false
			}
		}, {
			"streams":	[{
					"socket":	5,
					"start":	4.00017,
					"end":	5.000438,
					"seconds":	1.00026798248291,
					"bytes":	2568752,
					"bits_per_second":	20544510.431084506,
					"omitted":	false,
					"sender":	false
				}],
			"sum":	{
				"start":	4.00017,
				"end":	5.000438,
				"seconds":	1.00026798248291,
				"bytes":	2568752,
				"bits_per_second":	20544510.431084506,
				"omitted":	false,
				"sender":	false
			}
		}, {
			"streams":	[{
					"socket":	5,
					"start":	5.000438,
					"end":	6.000301,
					"seconds":	0.999863028526306,
					"bytes":	4171688,
					"bits_per_second":	33378075.844237451,
					"omitted":	false,
					"sender":	false
				}],
			"sum":	{
				"start":	5.000438,
				"end":	6.000301,
				"seconds":	0.999863028526306,
				"bytes":	4171688,
				"bits_per_second":	33378075.844237451,
				"omitted":	false,
				"sender":	false
			}
		}, {
			"streams":	[{
					"socket":	5,
					"start":	6.000301,
					"end":	7.000224,
					"seconds":	0.9999229907989502,
					"bytes":	3774936,
					"bits_per_second":	30201813.817552343,
					"omitted":	false,
					"sender":	false
				}],
			"sum":	{
				"start":	6.000301,
				"end":	7.000224,
				"seconds":	0.9999229907989502,
				"bytes":	3774936,
				"bits_per_second":	30201813.817552343,
				"omitted":	false,
				"sender":	false
			}
		}, {
			"streams":	[{
					"socket":	5,
					"start":	7.000224,
					"end":	8.000362,
					"seconds":	1.0001380443573,
					"bytes":	3997928,
					"bits_per_second":	31979009.4781895,
					"omitted":	false,
					"sender":	false
				}],
			"sum":	{
				"start":	7.000224,
				"end":	8.000362,
				"seconds":	1.0001380443573,
				"bytes":	3997928,
				"bits_per_second":	31979009.4781895,
				"omitted":	false,
				"sender":	false
			}
		}, {
			"streams":	[{
					"socket":	5,
					"start":	8.000362,
					"end":	9.000252,
					"seconds":	0.9998900294303894,
					"bytes":	4242640,
					"bits_per_second":	33944852.9348126,
					"omitted":	false,
					"sender":	false
				}],
			"sum":	{
				"start":	8.000362,
				"end":	9.000252,
				"seconds":	0.9998900294303894,
				"bytes":	4242640,
				"bits_per_second":	33944852.9348126,
				"omitted":	false,
				"sender":	false
			}
		}, {
			"streams":	[{
					"socket":	5,
					"start":	9.000252,
					"end":	10.000245,
					"seconds":	0.99999302625656128,
					"bytes":	4087704,
					"bits_per_second":	32701860.054381989,
					"omitted":	false,
					"sender":	false
				}],
			"sum":	{
				"start":	9.000252,
				"end":	10.000245,
				"seconds":	0.99999302625656128,
				"bytes":	4087704,
				"bits_per_second":	32701860.054381989,
				"omitted":	false,
				"sender":	false
			}
		}],
	"end":	{
		"streams":	[{
				"sender":	{
					"socket":	5,
					"start":	0,
					"end":	10.274395,
					"seconds":	10.274395,
					"bytes":	35110584,
					"bits_per_second":	27338317.438642371,
					"retransmits":	1368,
					"max_snd_cwnd":	0,
					"max_rtt":	0,
					"min_rtt":	0,
					"mean_rtt":	0,
					"sender":	false
				},
				"receiver":	{
					"socket":	5,
					"start":	0,
					"end":	10.000245,
					"seconds":	10.000245,
					"bytes":	32132568,
					"bits_per_second":	25705424.617096882,
					"sender":	false
				}
			}],
		"sum_sent":	{
			"start":	0,
			"end":	10.274395,
			"seconds":	10.274395,
			"bytes":	35110584,
			"bits_per_second":	27338317.438642371,
			"retransmits":	1368,
			"sender":	false
		},
		"sum_received":	{
			"start":	0,
			"end":	10.000245,
			"seconds":	10.000245,
			"bytes":	32132568,
			"bits_per_second":	25705424.617096882,
			"sender":	false
		},
		"cpu_utilization_percent":	{
			"host_total":	3.0290264343665143,
			"host_user":	0.912938199046658,
			"host_system":	2.1161057374660568,
			"remote_total":	0.000591831933391693,
			"remote_user":	0.00021179863789107755,
			"remote_system":	0.00038000554774247436
		},
		"sender_tcp_congestion":	"cubic",
		"receiver_tcp_congestion":	"cubic"
	}
}
