{
	"start":	{
		"connected":	[{
				"socket":	5,
				"local_host":	"172.26.184.25",
				"local_port":	54556,
				"remote_host":	"188.166.241.168",
				"remote_port":	5202
			}],
		"version":	"iperf 3.9",
		"system_info":	"Linux A-Tower 5.15.90.1-microsoft-standard-WSL2 #1 SMP Fri Jan 27 02:56:13 UTC 2023 x86_64",
		"timestamp":	{
			"time":	"Sun, 01 Oct 2023 11:59:14 GMT",
			"timesecs":	1696161554
		},
		"connecting_to":	{
			"host":	"sgp1.iperf.comnet-student.eu",
			"port":	5202
		},
		"cookie":	"pw2p6iiekri4w43eyno7fbptvm6yccoywo5y",
		"tcp_mss_default":	1448,
		"sock_bufsize":	0,
		"sndbuf_actual":	16384,
		"rcvbuf_actual":	131072,
		"test_start":	{
			"protocol":	"TCP",
			"num_streams":	1,
			"blksize":	131072,
			"omit":	0,
			"duration":	10,
			"bytes":	0,
			"blocks":	0,
			"reverse":	0,
			"tos":	0
		}
	},
	"intervals":	[{
			"streams":	[{
					"socket":	5,
					"start":	0,
					"end":	1.000574,
					"seconds":	1.000573992729187,
					"bytes":	199824,
					"bits_per_second":	1597674.9461972786,
					"retransmits":	2,
					"snd_cwnd":	20272,
					"rtt":	268444,
					"rttvar":	1103,
					"pmtu":	1500,
					"omitted":	false,
					"sender":	true
				}],
			"sum":	{
				"start":	0,
				"end":	1.000574,
				"seconds":	1.000573992729187,
				"bytes":	199824,
				"bits_per_second":	1597674.9461972786,
				"retransmits":	2,
				"omitted":	false,
				"sender":	true
			}
		}, {
			"streams":	[{
					"socket":	5,
					"start":	1.000574,
					"end":	2.000466,
					"seconds":	0.999891996383667,
					"bytes":	75296,
					"bits_per_second":	602433.06494961318,
					"retransmits":	0,
					"snd_cwnd":	28960,
					"rtt":	267307,
					"rttvar":	286,
					"pmtu":	1500,
					"omitted":	false,
					"sender":	true
				}],
			"sum":	{
				"start":	1.000574,
				"end":	2.000466,
				"seconds":	0.999891996383667,
				"bytes":	75296,
				"bits_per_second":	602433.06494961318,
				"retransmits":	0,
				"omitted":	false,
				"sender":	true
			}
		}, {
			"streams":	[{
					"socket":	5,
					"start":	2.000466,
					"end":	3.000238,
					"seconds":	0.999772012233734,
					"bytes":	133216,
					"bits_per_second":	1065971.0283536585,
					"retransmits":	0,
					"snd_cwnd":	28960,
					"rtt":	269262,
					"rttvar":	1533,
					"pmtu":	1500,
					"omitted":	false,
					"sender":	true
				}],
			"sum":	{
				"start":	2.000466,
				"end":	3.000238,
				"seconds":	0.999772012233734,
				"bytes":	133216,
				"bits_per_second":	1065971.0283536585,
				"retransmits":	0,
				"omitted":	false,
				"sender":	true
			}
		}, {
			"streams":	[{
					"socket":	5,
					"start":	3.000238,
					"end":	4.000663,
					"seconds":	1.0004249811172485,
					"bytes":	62264,
					"bits_per_second":	497900.40173099388,
					"retransmits":	0,
					"snd_cwnd":	28960,
					"rtt":	266552,
					"rttvar":	113,
					"pmtu":	1500,
					"omitted":	false,
					"sender":	true
				}],
			"sum":	{
				"start":	3.000238,
				"end":	4.000663,
				"seconds":	1.0004249811172485,
				"bytes":	62264,
				"bits_per_second":	497900.40173099388,
				"retransmits":	0,
				"omitted":	false,
				"sender":	true
			}
		}, {
			"streams":	[{
					"socket":	5,
					"start":	4.000663,
					"end":	5.000895,
					"seconds":	1.0002319812774658,
					"bytes":	124528,
					"bits_per_second":	995992.94828351028,
					"retransmits":	0,
					"snd_cwnd":	30408,
					"rtt":	266423,
					"rttvar":	108,
					"pmtu":	1500,
					"omitted":	false,
					"sender":	true
				}],
			"sum":	{
				"start":	4.000663,
				"end":	5.000895,
				"seconds":	1.0002319812774658,
				"bytes":	124528,
				"bits_per_second":	995992.94828351028,
				"retransmits":	0,
				"omitted":	false,
				"sender":	true
			}
		}, {
			"streams":	[{
					"socket":	5,
					"start":	5.000895,
					"end":	6.001048,
					"seconds":	1.0001529455184937,
					"bytes":	124528,
					"bits_per_second":	996071.65530422272,
					"retransmits":	0,
					"snd_cwnd":	37648,
					"rtt":	266903,
					"rttvar":	553,
					"pmtu":	1500,
					"omitted":	false,
					"sender":	true
				}],
			"sum":	{
				"start":	5.000895,
				"end":	6.001048,
				"seconds":	1.0001529455184937,
				"bytes":	124528,
				"bits_per_second":	996071.65530422272,
				"retransmits":	0,
				"omitted":	false,
				"sender":	true
			}
		}, {
			"streams":	[{
					"socket":	5,
					"start":	6.001048,
					"end":	7.000459,
					"seconds":	0.99941098690032959,
					"bytes":	249056,
					"bits_per_second":	1993622.2696326082,
					"retransmits":	0,
					"snd_cwnd":	55024,
					"rtt":	266997,
					"rttvar":	498,
					"pmtu":	1500,
					"omitted":	false,
					"sender":	true
				}],
			"sum":	{
				"start":	6.001048,
				"end":	7.000459,
				"seconds":	0.99941098690032959,
				"bytes":	249056,
				"bits_per_second":	1993622.2696326082,
				"retransmits":	0,
				"omitted":	false,
				"sender":	true
			}
		}, {
			"streams":	[{
					"socket":	5,
					"start":	7.000459,
					"end":	8.000437,
					"seconds":	0.999978005886078,
					"bytes":	311320,
					"bits_per_second":	2490614.7788651823,
					"retransmits":	1,
					"snd_cwnd":	46336,
					"rtt":	272703,
					"rttvar":	11202,
					"pmtu":	1500,
					"omitted":	false,
					"sender":	true
				}],
			"sum":	{
				"start":	7.000459,
				"end":	8.000437,
				"seconds":	0.999978005886078,
				"bytes":	311320,
				"bits_per_second":	2490614.7788651823,
				"retransmits":	1,
				"omitted":	false,
				"sender":	true
			}
		}, {
			"streams":	[{
					"socket":	5,
					"start":	8.000437,
					"end":	9.000664,
					"seconds":	1.0002269744873047,
					"bytes":	186792,
					"bits_per_second":	1493996.9008194017,
					"retransmits":	0,
					"snd_cwnd":	59368,
					"rtt":	273559,
					"rttvar":	11715,
					"pmtu":	1500,
					"omitted":	false,
					"sender":	true
				}],
			"sum":	{
				"start":	8.000437,
				"end":	9.000664,
				"seconds":	1.0002269744873047,
				"bytes":	186792,
				"bits_per_second":	1493996.9008194017,
				"retransmits":	0,
				"omitted":	false,
				"sender":	true
			}
		}, {
			"streams":	[{
					"socket":	5,
					"start":	9.000664,
					"end":	10.000561,
					"seconds":	0.999897003173828,
					"bytes":	186792,
					"bits_per_second":	1494489.9277193008,
					"retransmits":	0,
					"snd_cwnd":	62264,
					"rtt":	268570,
					"rttvar":	3501,
					"pmtu":	1500,
					"omitted":	false,
					"sender":	true
				}],
			"sum":	{
				"start":	9.000664,
				"end":	10.000561,
				"seconds":	0.999897003173828,
				"bytes":	186792,
				"bits_per_second":	1494489.9277193008,
				"retransmits":	0,
				"omitted":	false,
				"sender":	true
			}
		}],
	"end":	{
		"streams":	[{
				"sender":	{
					"socket":	5,
					"start":	0,
					"end":	10.000561,
					"seconds":	10.000561,
					"bytes":	1653616,
					"bits_per_second":	1322818.5898771079,
					"retransmits":	3,
					"max_snd_cwnd":	62264,
					"max_rtt":	273559,
					"min_rtt":	266423,
					"mean_rtt":	268672,
					"sender":	true
				},
				"receiver":	{
					"socket":	5,
					"start":	0,
					"end":	10.266194,
					"seconds":	10.000561,
					"bytes":	1424832,
					"bits_per_second":	1110309.8188091905,
					"sender":	true
				}
			}],
		"sum_sent":	{
			"start":	0,
			"end":	10.000561,
			"seconds":	10.000561,
			"bytes":	1653616,
			"bits_per_second":	1322818.5898771079,
			"retransmits":	3,
			"sender":	true
		},
		"sum_received":	{
			"start":	0,
			"end":	10.266194,
			"seconds":	10.266194,
			"bytes":	1424832,
			"bits_per_second":	1110309.8188091905,
			"sender":	true
		},
		"cpu_utilization_percent":	{
			"host_total":	4.72999829901371,
			"host_user":	1.6540949487736027,
			"host_system":	3.07588577806768,
			"remote_total":	0.0085697697616228044,
			"remote_user":	9.4105640855258625e-05,
			"remote_system":	0.0084756641207675461
		},
		"sender_tcp_congestion":	"cubic",
		"receiver_tcp_congestion":	"cubic"
	}
}
