{
	"start":	{
		"connected":	[{
				"socket":	5,
				"local_host":	"172.26.184.25",
				"local_port":	51002,
				"remote_host":	"188.166.241.168",
				"remote_port":	5202
			}],
		"version":	"iperf 3.9",
		"system_info":	"Linux A-Tower 5.15.90.1-microsoft-standard-WSL2 #1 SMP Fri Jan 27 02:56:13 UTC 2023 x86_64",
		"timestamp":	{
			"time":	"Sun, 01 Oct 2023 20:59:35 GMT",
			"timesecs":	1696193975
		},
		"connecting_to":	{
			"host":	"sgp1.iperf.comnet-student.eu",
			"port":	5202
		},
		"cookie":	"bx4ufhk46evy7mywlpopl7ooxldgwsfiaq3f",
		"tcp_mss_default":	1448,
		"sock_bufsize":	0,
		"sndbuf_actual":	16384,
		"rcvbuf_actual":	131072,
		"test_start":	{
			"protocol":	"TCP",
			"num_streams":	1,
			"blksize":	131072,
			"omit":	0,
			"duration":	10,
			"bytes":	0,
			"blocks":	0,
			"reverse":	1,
			"tos":	0
		}
	},
	"intervals":	[{
			"streams":	[{
					"socket":	5,
					"start":	0,
					"end":	1.000392,
					"seconds":	1.000391960144043,
					"bytes":	198376,
					"bits_per_second":	1586386.1998366043,
					"omitted":	false,
					"sender":	false
				}],
			"sum":	{
				"start":	0,
				"end":	1.000392,
				"seconds":	1.000391960144043,
				"bytes":	198376,
				"bits_per_second":	1586386.1998366043,
				"omitted":	false,
				"sender":	false
			}
		}, {
			"streams":	[{
					"socket":	5,
					"start":	1.000392,
					"end":	2.000357,
					"seconds":	0.999965012073517,
					"bytes":	2269016,
					"bits_per_second":	18152763.127541773,
					"omitted":	false,
					"sender":	false
				}],
			"sum":	{
				"start":	1.000392,
				"end":	2.000357,
				"seconds":	0.999965012073517,
				"bytes":	2269016,
				"bits_per_second":	18152763.127541773,
				"omitted":	false,
				"sender":	false
			}
		}, {
			"streams":	[{
					"socket":	5,
					"start":	2.000357,
					"end":	3.000441,
					"seconds":	1.0000840425491333,
					"bytes":	1975072,
					"bits_per_second":	15799248.190907646,
					"omitted":	false,
					"sender":	false
				}],
			"sum":	{
				"start":	2.000357,
				"end":	3.000441,
				"seconds":	1.0000840425491333,
				"bytes":	1975072,
				"bits_per_second":	15799248.190907646,
				"omitted":	false,
				"sender":	false
			}
		}, {
			"streams":	[{
					"socket":	5,
					"start":	3.000441,
					"end":	4.000281,
					"seconds":	0.999840021133423,
					"bytes":	2088016,
					"bits_per_second":	16706800.735045724,
					"omitted":	false,
					"sender":	false
				}],
			"sum":	{
				"start":	3.000441,
				"end":	4.000281,
				"seconds":	0.999840021133423,
				"bytes":	2088016,
				"bits_per_second":	16706800.735045724,
				"omitted":	false,
				"sender":	false
			}
		}, {
			"streams":	[{
					"socket":	5,
					"start":	4.000281,
					"end":	5.000918,
					"seconds":	1.0006370544433594,
					"bytes":	2444224,
					"bits_per_second":	19541343.100548584,
					"omitted":	false,
					"sender":	false
				}],
			"sum":	{
				"start":	4.000281,
				"end":	5.000918,
				"seconds":	1.0006370544433594,
				"bytes":	2444224,
				"bits_per_second":	19541343.100548584,
				"omitted":	false,
				"sender":	false
			}
		}, {
			"streams":	[{
					"socket":	5,
					"start":	5.000918,
					"end":	6.000354,
					"seconds":	0.99943602085113525,
					"bytes":	4577128,
					"bits_per_second":	36637686.891469426,
					"omitted":	false,
					"sender":	false
				}],
			"sum":	{
				"start":	5.000918,
				"end":	6.000354,
				"seconds":	0.99943602085113525,
				"bytes":	4577128,
				"bits_per_second":	36637686.891469426,
				"omitted":	false,
				"sender":	false
			}
		}, {
			"streams":	[{
					"socket":	5,
					"start":	6.000354,
					"end":	7.000248,
					"seconds":	0.99989402294158936,
					"bytes":	3479544,
					"bits_per_second":	27839302.327368859,
					"omitted":	false,
					"sender":	false
				}],
			"sum":	{
				"start":	6.000354,
				"end":	7.000248,
				"seconds":	0.99989402294158936,
				"bytes":	3479544,
				"bits_per_second":	27839302.327368859,
				"omitted":	false,
				"sender":	false
			}
		}, {
			"streams":	[{
					"socket":	5,
					"start":	7.000248,
					"end":	8.00015,
					"seconds":	0.99990200996398926,
					"bytes":	3536016,
					"bits_per_second":	28290900.226331953,
					"omitted":	false,
					"sender":	false
				}],
			"sum":	{
				"start":	7.000248,
				"end":	8.00015,
				"seconds":	0.99990200996398926,
				"bytes":	3536016,
				"bits_per_second":	28290900.226331953,
				"omitted":	false,
				"sender":	false
			}
		}, {
			"streams":	[{
					"socket":	5,
					"start":	8.00015,
					"end":	9.000154,
					"seconds":	1.0000040531158447,
					"bytes":	4213680,
					"bits_per_second":	33709303.372288384,
					"omitted":	false,
					"sender":	false
				}],
			"sum":	{
				"start":	8.00015,
				"end":	9.000154,
				"seconds":	1.0000040531158447,
				"bytes":	4213680,
				"bits_per_second":	33709303.372288384,
				"omitted":	false,
				"sender":	false
			}
		}, {
			"streams":	[{
					"socket":	5,
					"start":	9.000154,
					"end":	10.000246,
					"seconds":	1.0000920295715332,
					"bytes":	3405696,
					"bits_per_second":	27243060.832784306,
					"omitted":	false,
					"sender":	false
				}],
			"sum":	{
				"start":	9.000154,
				"end":	10.000246,
				"seconds":	1.0000920295715332,
				"bytes":	3405696,
				"bits_per_second":	27243060.832784306,
				"omitted":	false,
				"sender":	false
			}
		}],
	"end":	{
		"streams":	[{
				"sender":	{
					"socket":	5,
					"start":	0,
					"end":	10.267296,
					"seconds":	10.267296,
					"bytes":	31840440,
					"bits_per_second":	24809211.695075314,
					"retransmits":	1738,
					"max_snd_cwnd":	0,
					"max_rtt":	0,
					"min_rtt":	0,
					"mean_rtt":	0,
					"sender":	false
				},
				"receiver":	{
					"socket":	5,
					"start":	0,
					"end":	10.000246,
					"seconds":	10.000246,
					"bytes":	28186768,
					"bits_per_second":	22548859.698051427,
					"sender":	false
				}
			}],
		"sum_sent":	{
			"start":	0,
			"end":	10.267296,
			"seconds":	10.267296,
			"bytes":	31840440,
			"bits_per_second":	24809211.695075314,
			"retransmits":	1738,
			"sender":	false
		},
		"sum_received":	{
			"start":	0,
			"end":	10.000246,
			"seconds":	10.000246,
			"bytes":	28186768,
			"bits_per_second":	22548859.698051427,
			"sender":	false
		},
		"cpu_utilization_percent":	{
			"host_total":	2.7917470067474692,
			"host_user":	0.79433387172932779,
			"host_system":	1.9974219165545044,
			"remote_total":	0.00079473187760990762,
			"remote_user":	0,
			"remote_system":	0.000794773393144443
		},
		"sender_tcp_congestion":	"cubic",
		"receiver_tcp_congestion":	"cubic"
	}
}
