{
	"start":	{
		"connected":	[{
				"socket":	5,
				"local_host":	"172.26.184.25",
				"local_port":	37440,
				"remote_host":	"188.166.241.168",
				"remote_port":	5200
			}],
		"version":	"iperf 3.9",
		"system_info":	"Linux A-Tower 5.15.90.1-microsoft-standard-WSL2 #1 SMP Fri Jan 27 02:56:13 UTC 2023 x86_64",
		"timestamp":	{
			"time":	"Sun, 01 Oct 2023 23:59:22 GMT",
			"timesecs":	1696204762
		},
		"connecting_to":	{
			"host":	"sgp1.iperf.comnet-student.eu",
			"port":	5200
		},
		"cookie":	"tj5fak2f225kxbjrvq32dnip7kdjuzrfpnyj",
		"tcp_mss_default":	1448,
		"sock_bufsize":	0,
		"sndbuf_actual":	16384,
		"rcvbuf_actual":	131072,
		"test_start":	{
			"protocol":	"TCP",
			"num_streams":	1,
			"blksize":	131072,
			"omit":	0,
			"duration":	10,
			"bytes":	0,
			"blocks":	0,
			"reverse":	0,
			"tos":	0
		}
	},
	"intervals":	[{
			"streams":	[{
					"socket":	5,
					"start":	0,
					"end":	1.000915,
					"seconds":	1.0009150505065918,
					"bytes":	104256,
					"bits_per_second":	833285.50167955249,
					"retransmits":	2,
					"snd_cwnd":	1448,
					"rtt":	267291,
					"rttvar":	6462,
					"pmtu":	1500,
					"omitted":	false,
					"sender":	true
				}],
			"sum":	{
				"start":	0,
				"end":	1.000915,
				"seconds":	1.0009150505065918,
				"bytes":	104256,
				"bits_per_second":	833285.50167955249,
				"retransmits":	2,
				"omitted":	false,
				"sender":	true
			}
		}, {
			"streams":	[{
					"socket":	5,
					"start":	1.000915,
					"end":	2.001217,
					"seconds":	1.0003019571304321,
					"bytes":	0,
					"bits_per_second":	0,
					"retransmits":	1,
					"snd_cwnd":	14480,
					"rtt":	279940,
					"rttvar":	19797,
					"pmtu":	1500,
					"omitted":	false,
					"sender":	true
				}],
			"sum":	{
				"start":	1.000915,
				"end":	2.001217,
				"seconds":	1.0003019571304321,
				"bytes":	0,
				"bits_per_second":	0,
				"retransmits":	1,
				"omitted":	false,
				"sender":	true
			}
		}, {
			"streams":	[{
					"socket":	5,
					"start":	2.001217,
					"end":	3.000411,
					"seconds":	0.99919402599334717,
					"bytes":	130320,
					"bits_per_second":	1043400.9540474791,
					"retransmits":	0,
					"snd_cwnd":	14480,
					"rtt":	266736,
					"rttvar":	780,
					"pmtu":	1500,
					"omitted":	false,
					"sender":	true
				}],
			"sum":	{
				"start":	2.001217,
				"end":	3.000411,
				"seconds":	0.99919402599334717,
				"bytes":	130320,
				"bits_per_second":	1043400.9540474791,
				"retransmits":	0,
				"omitted":	false,
				"sender":	true
			}
		}, {
			"streams":	[{
					"socket":	5,
					"start":	3.000411,
					"end":	4.001236,
					"seconds":	1.000825047492981,
					"bytes":	0,
					"bits_per_second":	0,
					"retransmits":	0,
					"snd_cwnd":	17376,
					"rtt":	276385,
					"rttvar":	17079,
					"pmtu":	1500,
					"omitted":	false,
					"sender":	true
				}],
			"sum":	{
				"start":	3.000411,
				"end":	4.001236,
				"seconds":	1.000825047492981,
				"bytes":	0,
				"bits_per_second":	0,
				"retransmits":	0,
				"omitted":	false,
				"sender":	true
			}
		}, {
			"streams":	[{
					"socket":	5,
					"start":	4.001236,
					"end":	5.000974,
					"seconds":	0.99973797798156738,
					"bytes":	83984,
					"bits_per_second":	672048.09139739175,
					"retransmits":	0,
					"snd_cwnd":	20272,
					"rtt":	267448,
					"rttvar":	2534,
					"pmtu":	1500,
					"omitted":	false,
					"sender":	true
				}],
			"sum":	{
				"start":	4.001236,
				"end":	5.000974,
				"seconds":	0.99973797798156738,
				"bytes":	83984,
				"bits_per_second":	672048.09139739175,
				"retransmits":	0,
				"omitted":	false,
				"sender":	true
			}
		}, {
			"streams":	[{
					"socket":	5,
					"start":	5.000974,
					"end":	6.000251,
					"seconds":	0.99927699565887451,
					"bytes":	137560,
					"bits_per_second":	1101276.2274932559,
					"retransmits":	0,
					"snd_cwnd":	26064,
					"rtt":	270153,
					"rttvar":	4327,
					"pmtu":	1500,
					"omitted":	false,
					"sender":	true
				}],
			"sum":	{
				"start":	5.000974,
				"end":	6.000251,
				"seconds":	0.99927699565887451,
				"bytes":	137560,
				"bits_per_second":	1101276.2274932559,
				"retransmits":	0,
				"omitted":	false,
				"sender":	true
			}
		}, {
			"streams":	[{
					"socket":	5,
					"start":	6.000251,
					"end":	7.000294,
					"seconds":	1.0000430345535278,
					"bytes":	249056,
					"bits_per_second":	1992362.2595796932,
					"retransmits":	0,
					"snd_cwnd":	46336,
					"rtt":	269590,
					"rttvar":	6741,
					"pmtu":	1500,
					"omitted":	false,
					"sender":	true
				}],
			"sum":	{
				"start":	6.000251,
				"end":	7.000294,
				"seconds":	1.0000430345535278,
				"bytes":	249056,
				"bits_per_second":	1992362.2595796932,
				"retransmits":	0,
				"omitted":	false,
				"sender":	true
			}
		}, {
			"streams":	[{
					"socket":	5,
					"start":	7.000294,
					"end":	8.000657,
					"seconds":	1.0003629922866821,
					"bytes":	186792,
					"bits_per_second":	1493793.7643856341,
					"retransmits":	0,
					"snd_cwnd":	75296,
					"rtt":	265876,
					"rttvar":	256,
					"pmtu":	1500,
					"omitted":	false,
					"sender":	true
				}],
			"sum":	{
				"start":	7.000294,
				"end":	8.000657,
				"seconds":	1.0003629922866821,
				"bytes":	186792,
				"bits_per_second":	1493793.7643856341,
				"retransmits":	0,
				"omitted":	false,
				"sender":	true
			}
		}, {
			"streams":	[{
					"socket":	5,
					"start":	8.000657,
					"end":	9.000346,
					"seconds":	0.999688982963562,
					"bytes":	684904,
					"bits_per_second":	5480936.6646783529,
					"retransmits":	0,
					"snd_cwnd":	124528,
					"rtt":	266069,
					"rttvar":	395,
					"pmtu":	1500,
					"omitted":	false,
					"sender":	true
				}],
			"sum":	{
				"start":	8.000657,
				"end":	9.000346,
				"seconds":	0.999688982963562,
				"bytes":	684904,
				"bits_per_second":	5480936.6646783529,
				"retransmits":	0,
				"omitted":	false,
				"sender":	true
			}
		}, {
			"streams":	[{
					"socket":	5,
					"start":	9.000346,
					"end":	10.000544,
					"seconds":	1.0001980066299438,
					"bytes":	684904,
					"bits_per_second":	5478147.29051667,
					"retransmits":	0,
					"snd_cwnd":	191136,
					"rtt":	266397,
					"rttvar":	610,
					"pmtu":	1500,
					"omitted":	false,
					"sender":	true
				}],
			"sum":	{
				"start":	9.000346,
				"end":	10.000544,
				"seconds":	1.0001980066299438,
				"bytes":	684904,
				"bits_per_second":	5478147.29051667,
				"retransmits":	0,
				"omitted":	false,
				"sender":	true
			}
		}],
	"end":	{
		"streams":	[{
				"sender":	{
					"socket":	5,
					"start":	0,
					"end":	10.000544,
					"seconds":	10.000544,
					"bytes":	2261776,
					"bits_per_second":	1809322.3728629162,
					"retransmits":	3,
					"max_snd_cwnd":	191136,
					"max_rtt":	279940,
					"min_rtt":	265876,
					"mean_rtt":	269588,
					"sender":	true
				},
				"receiver":	{
					"socket":	5,
					"start":	0,
					"end":	10.279455,
					"seconds":	10.000544,
					"bytes":	1707192,
					"bits_per_second":	1328624.523381833,
					"sender":	true
				}
			}],
		"sum_sent":	{
			"start":	0,
			"end":	10.000544,
			"seconds":	10.000544,
			"bytes":	2261776,
			"bits_per_second":	1809322.3728629162,
			"retransmits":	3,
			"sender":	true
		},
		"sum_received":	{
			"start":	0,
			"end":	10.279455,
			"seconds":	10.279455,
			"bytes":	1707192,
			"bits_per_second":	1328624.523381833,
			"sender":	true
		},
		"cpu_utilization_percent":	{
			"host_total":	4.8719887151390227,
			"host_user":	2.42657075631994,
			"host_system":	2.4453829431154137,
			"remote_total":	0.000624003785222445,
			"remote_user":	0.000232807367550256,
			"remote_system":	0.00039122023915664123
		},
		"sender_tcp_congestion":	"cubic",
		"receiver_tcp_congestion":	"cubic"
	}
}
