{
	"start":	{
		"connected":	[{
				"socket":	5,
				"local_host":	"172.26.184.25",
				"local_port":	59332,
				"remote_host":	"188.166.241.168",
				"remote_port":	5201
			}],
		"version":	"iperf 3.9",
		"system_info":	"Linux A-Tower 5.15.90.1-microsoft-standard-WSL2 #1 SMP Fri Jan 27 02:56:13 UTC 2023 x86_64",
		"timestamp":	{
			"time":	"Mon, 02 Oct 2023 01:59:37 GMT",
			"timesecs":	1696211977
		},
		"connecting_to":	{
			"host":	"sgp1.iperf.comnet-student.eu",
			"port":	5201
		},
		"cookie":	"voeqq4khjck3622iz3wwbfuvoz7x2r24haq3",
		"tcp_mss_default":	1448,
		"sock_bufsize":	0,
		"sndbuf_actual":	16384,
		"rcvbuf_actual":	131072,
		"test_start":	{
			"protocol":	"TCP",
			"num_streams":	1,
			"blksize":	131072,
			"omit":	0,
			"duration":	10,
			"bytes":	0,
			"blocks":	0,
			"reverse":	1,
			"tos":	0
		}
	},
	"intervals":	[{
			"streams":	[{
					"socket":	5,
					"start":	0,
					"end":	1.000288,
					"seconds":	1.0002880096435547,
					"bytes":	198376,
					"bits_per_second":	1586551.0579953054,
					"omitted":	false,
					"sender":	false
				}],
			"sum":	{
				"start":	0,
				"end":	1.000288,
				"seconds":	1.0002880096435547,
				"bytes":	198376,
				"bits_per_second":	1586551.0579953054,
				"omitted":	false,
				"sender":	false
			}
		}, {
			"streams":	[{
					"socket":	5,
					"start":	1.000288,
					"end":	2.00021,
					"seconds":	0.999921977519989,
					"bytes":	2406576,
					"bits_per_second":	19254110.253432378,
					"omitted":	false,
					"sender":	false
				}],
			"sum":	{
				"start":	1.000288,
				"end":	2.00021,
				"seconds":	0.999921977519989,
				"bytes":	2406576,
				"bits_per_second":	19254110.253432378,
				"omitted":	false,
				"sender":	false
			}
		}, {
			"streams":	[{
					"socket":	5,
					"start":	2.00021,
					"end":	3.000209,
					"seconds":	0.99999898672103882,
					"bytes":	3118992,
					"bits_per_second":	24951961.283297408,
					"omitted":	false,
					"sender":	false
				}],
			"sum":	{
				"start":	2.00021,
				"end":	3.000209,
				"seconds":	0.99999898672103882,
				"bytes":	3118992,
				"bits_per_second":	24951961.283297408,
				"omitted":	false,
				"sender":	false
			}
		}, {
			"streams":	[{
					"socket":	5,
					"start":	3.000209,
					"end":	4.000304,
					"seconds":	1.000095009803772,
					"bytes":	3175464,
					"bits_per_second":	25401298.62760184,
					"omitted":	false,
					"sender":	false
				}],
			"sum":	{
				"start":	3.000209,
				"end":	4.000304,
				"seconds":	1.000095009803772,
				"bytes":	3175464,
				"bits_per_second":	25401298.62760184,
				"omitted":	false,
				"sender":	false
			}
		}, {
			"streams":	[{
					"socket":	5,
					"start":	4.000304,
					"end":	5.000202,
					"seconds":	0.99989801645278931,
					"bytes":	3411488,
					"bits_per_second":	27294687.609062381,
					"omitted":	false,
					"sender":	false
				}],
			"sum":	{
				"start":	4.000304,
				"end":	5.000202,
				"seconds":	0.99989801645278931,
				"bytes":	3411488,
				"bits_per_second":	27294687.609062381,
				"omitted":	false,
				"sender":	false
			}
		}, {
			"streams":	[{
					"socket":	5,
					"start":	5.000202,
					"end":	6.000235,
					"seconds":	1.0000330209732056,
					"bytes":	2829392,
					"bits_per_second":	22634388.590460829,
					"omitted":	false,
					"sender":	false
				}],
			"sum":	{
				"start":	5.000202,
				"end":	6.000235,
				"seconds":	1.0000330209732056,
				"bytes":	2829392,
				"bits_per_second":	22634388.590460829,
				"omitted":	false,
				"sender":	false
			}
		}, {
			"streams":	[{
					"socket":	5,
					"start":	6.000235,
					"end":	7.000166,
					"seconds":	0.99993097782135,
					"bytes":	3688056,
					"bits_per_second":	29506484.601851519,
					"omitted":	false,
					"sender":	false
				}],
			"sum":	{
				"start":	6.000235,
				"end":	7.000166,
				"seconds":	0.99993097782135,
				"bytes":	3688056,
				"bits_per_second":	29506484.601851519,
				"omitted":	false,
				"sender":	false
			}
		}, {
			"streams":	[{
					"socket":	5,
					"start":	7.000166,
					"end":	8.000205,
					"seconds":	1.0000389814376831,
					"bytes":	3221800,
					"bits_per_second":	25773395.315996606,
					"omitted":	false,
					"sender":	false
				}],
			"sum":	{
				"start":	7.000166,
				"end":	8.000205,
				"seconds":	1.0000389814376831,
				"bytes":	3221800,
				"bits_per_second":	25773395.315996606,
				"omitted":	false,
				"sender":	false
			}
		}, {
			"streams":	[{
					"socket":	5,
					"start":	8.000205,
					"end":	9.000129,
					"seconds":	0.99992400407791138,
					"bytes":	3750320,
					"bits_per_second":	30004840.245501578,
					"omitted":	false,
					"sender":	false
				}],
			"sum":	{
				"start":	8.000205,
				"end":	9.000129,
				"seconds":	0.99992400407791138,
				"bytes":	3750320,
				"bits_per_second":	30004840.245501578,
				"omitted":	false,
				"sender":	false
			}
		}, {
			"streams":	[{
					"socket":	5,
					"start":	9.000129,
					"end":	10.000199,
					"seconds":	1.0000699758529663,
					"bytes":	3882088,
					"bits_per_second":	31054530.932709515,
					"omitted":	false,
					"sender":	false
				}],
			"sum":	{
				"start":	9.000129,
				"end":	10.000199,
				"seconds":	1.0000699758529663,
				"bytes":	3882088,
				"bits_per_second":	31054530.932709515,
				"omitted":	false,
				"sender":	false
			}
		}],
	"end":	{
		"streams":	[{
				"sender":	{
					"socket":	5,
					"start":	0,
					"end":	10.278164,
					"seconds":	10.278164,
					"bytes":	32636928,
					"bits_per_second":	25402924.491183445,
					"retransmits":	682,
					"max_snd_cwnd":	0,
					"max_rtt":	0,
					"min_rtt":	0,
					"mean_rtt":	0,
					"sender":	false
				},
				"receiver":	{
					"socket":	5,
					"start":	0,
					"end":	10.000199,
					"seconds":	10.000199,
					"bytes":	29682552,
					"bits_per_second":	23745569.063175641,
					"sender":	false
				}
			}],
		"sum_sent":	{
			"start":	0,
			"end":	10.278164,
			"seconds":	10.278164,
			"bytes":	32636928,
			"bits_per_second":	25402924.491183445,
			"retransmits":	682,
			"sender":	false
		},
		"sum_received":	{
			"start":	0,
			"end":	10.000199,
			"seconds":	10.000199,
			"bytes":	29682552,
			"bits_per_second":	23745569.063175641,
			"sender":	false
		},
		"cpu_utilization_percent":	{
			"host_total":	0.783516595721448,
			"host_user":	0,
			"host_system":	0.78348159777189064,
			"remote_total":	0.18012890395638534,
			"remote_user":	0.035015875842013114,
			"remote_system":	0.14511302811437221
		},
		"sender_tcp_congestion":	"cubic",
		"receiver_tcp_congestion":	"cubic"
	}
}
