{
	"start":	{
		"connected":	[{
				"socket":	5,
				"local_host":	"172.26.184.25",
				"local_port":	39870,
				"remote_host":	"188.166.241.168",
				"remote_port":	5201
			}],
		"version":	"iperf 3.9",
		"system_info":	"Linux A-Tower 5.15.90.1-microsoft-standard-WSL2 #1 SMP Fri Jan 27 02:56:13 UTC 2023 x86_64",
		"timestamp":	{
			"time":	"Sun, 01 Oct 2023 20:59:23 GMT",
			"timesecs":	1696193963
		},
		"connecting_to":	{
			"host":	"sgp1.iperf.comnet-student.eu",
			"port":	5201
		},
		"cookie":	"w5gtizmke2ymjmjjkvonbmtfdqhczuuryn54",
		"tcp_mss_default":	1448,
		"sock_bufsize":	0,
		"sndbuf_actual":	16384,
		"rcvbuf_actual":	131072,
		"test_start":	{
			"protocol":	"TCP",
			"num_streams":	1,
			"blksize":	131072,
			"omit":	0,
			"duration":	10,
			"bytes":	0,
			"blocks":	0,
			"reverse":	0,
			"tos":	0
		}
	},
	"intervals":	[{
			"streams":	[{
					"socket":	5,
					"start":	0,
					"end":	1.000352,
					"seconds":	1.0003520250320435,
					"bytes":	792056,
					"bits_per_second":	6334218.19663636,
					"retransmits":	1,
					"snd_cwnd":	111496,
					"rtt":	275939,
					"rttvar":	473,
					"pmtu":	1500,
					"omitted":	false,
					"sender":	true
				}],
			"sum":	{
				"start":	0,
				"end":	1.000352,
				"seconds":	1.0003520250320435,
				"bytes":	792056,
				"bits_per_second":	6334218.19663636,
				"retransmits":	1,
				"omitted":	false,
				"sender":	true
			}
		}, {
			"streams":	[{
					"socket":	5,
					"start":	1.000352,
					"end":	2.000472,
					"seconds":	1.0001200437545776,
					"bytes":	3175464,
					"bits_per_second":	25400662.80906764,
					"retransmits":	0,
					"snd_cwnd":	1442208,
					"rtt":	275036,
					"rttvar":	194,
					"pmtu":	1500,
					"omitted":	false,
					"sender":	true
				}],
			"sum":	{
				"start":	1.000352,
				"end":	2.000472,
				"seconds":	1.0001200437545776,
				"bytes":	3175464,
				"bits_per_second":	25400662.80906764,
				"retransmits":	0,
				"omitted":	false,
				"sender":	true
			}
		}, {
			"streams":	[{
					"socket":	5,
					"start":	2.000472,
					"end":	3.000713,
					"seconds":	1.0002410411834717,
					"bytes":	1310720,
					"bits_per_second":	10483233.109084778,
					"retransmits":	632,
					"snd_cwnd":	412680,
					"rtt":	276044,
					"rttvar":	692,
					"pmtu":	1500,
					"omitted":	false,
					"sender":	true
				}],
			"sum":	{
				"start":	2.000472,
				"end":	3.000713,
				"seconds":	1.0002410411834717,
				"bytes":	1310720,
				"bits_per_second":	10483233.109084778,
				"retransmits":	632,
				"omitted":	false,
				"sender":	true
			}
		}, {
			"streams":	[{
					"socket":	5,
					"start":	3.000713,
					"end":	4.001,
					"seconds":	1.0002870559692383,
					"bytes":	1310720,
					"bits_per_second":	10482750.863790512,
					"retransmits":	232,
					"snd_cwnd":	650152,
					"rtt":	273814,
					"rttvar":	174,
					"pmtu":	1500,
					"omitted":	false,
					"sender":	true
				}],
			"sum":	{
				"start":	3.000713,
				"end":	4.001,
				"seconds":	1.0002870559692383,
				"bytes":	1310720,
				"bits_per_second":	10482750.863790512,
				"retransmits":	232,
				"omitted":	false,
				"sender":	true
			}
		}, {
			"streams":	[{
					"socket":	5,
					"start":	4.001,
					"end":	5.000544,
					"seconds":	0.99954402446746826,
					"bytes":	3932160,
					"bits_per_second":	31471630.293382667,
					"retransmits":	22,
					"snd_cwnd":	786264,
					"rtt":	272841,
					"rttvar":	304,
					"pmtu":	1500,
					"omitted":	false,
					"sender":	true
				}],
			"sum":	{
				"start":	4.001,
				"end":	5.000544,
				"seconds":	0.99954402446746826,
				"bytes":	3932160,
				"bits_per_second":	31471630.293382667,
				"retransmits":	22,
				"omitted":	false,
				"sender":	true
			}
		}, {
			"streams":	[{
					"socket":	5,
					"start":	5.000544,
					"end":	6.000622,
					"seconds":	1.0000779628753662,
					"bytes":	2621440,
					"bits_per_second":	20969885.127459366,
					"retransmits":	0,
					"snd_cwnd":	831152,
					"rtt":	276765,
					"rttvar":	7164,
					"pmtu":	1500,
					"omitted":	false,
					"sender":	true
				}],
			"sum":	{
				"start":	5.000544,
				"end":	6.000622,
				"seconds":	1.0000779628753662,
				"bytes":	2621440,
				"bits_per_second":	20969885.127459366,
				"retransmits":	0,
				"omitted":	false,
				"sender":	true
			}
		}, {
			"streams":	[{
					"socket":	5,
					"start":	6.000622,
					"end":	7.000261,
					"seconds":	0.99963897466659546,
					"bytes":	3932160,
					"bits_per_second":	31468640.976600364,
					"retransmits":	0,
					"snd_cwnd":	863008,
					"rtt":	277555,
					"rttvar":	9418,
					"pmtu":	1500,
					"omitted":	false,
					"sender":	true
				}],
			"sum":	{
				"start":	6.000622,
				"end":	7.000261,
				"seconds":	0.99963897466659546,
				"bytes":	3932160,
				"bits_per_second":	31468640.976600364,
				"retransmits":	0,
				"omitted":	false,
				"sender":	true
			}
		}, {
			"streams":	[{
					"socket":	5,
					"start":	7.000261,
					"end":	8.00057,
					"seconds":	1.0003089904785156,
					"bytes":	2621440,
					"bits_per_second":	20965042.001639813,
					"retransmits":	0,
					"snd_cwnd":	883280,
					"rtt":	272807,
					"rttvar":	503,
					"pmtu":	1500,
					"omitted":	false,
					"sender":	true
				}],
			"sum":	{
				"start":	7.000261,
				"end":	8.00057,
				"seconds":	1.0003089904785156,
				"bytes":	2621440,
				"bits_per_second":	20965042.001639813,
				"retransmits":	0,
				"omitted":	false,
				"sender":	true
			}
		}, {
			"streams":	[{
					"socket":	5,
					"start":	8.00057,
					"end":	9.000174,
					"seconds":	0.9996039867401123,
					"bytes":	3932160,
					"bits_per_second":	31469742.435289625,
					"retransmits":	0,
					"snd_cwnd":	891968,
					"rtt":	274484,
					"rttvar":	2731,
					"pmtu":	1500,
					"omitted":	false,
					"sender":	true
				}],
			"sum":	{
				"start":	8.00057,
				"end":	9.000174,
				"seconds":	0.9996039867401123,
				"bytes":	3932160,
				"bits_per_second":	31469742.435289625,
				"retransmits":	0,
				"omitted":	false,
				"sender":	true
			}
		}, {
			"streams":	[{
					"socket":	5,
					"start":	9.000174,
					"end":	10.000383,
					"seconds":	1.0002089738845825,
					"bytes":	2621440,
					"bits_per_second":	20967138.4156367,
					"retransmits":	0,
					"snd_cwnd":	894864,
					"rtt":	272870,
					"rttvar":	383,
					"pmtu":	1500,
					"omitted":	false,
					"sender":	true
				}],
			"sum":	{
				"start":	9.000174,
				"end":	10.000383,
				"seconds":	1.0002089738845825,
				"bytes":	2621440,
				"bits_per_second":	20967138.4156367,
				"retransmits":	0,
				"omitted":	false,
				"sender":	true
			}
		}],
	"end":	{
		"streams":	[{
				"sender":	{
					"socket":	5,
					"start":	0,
					"end":	10.000383,
					"seconds":	10.000383,
					"bytes":	26249760,
					"bits_per_second":	20999003.738156829,
					"retransmits":	887,
					"max_snd_cwnd":	1442208,
					"max_rtt":	277555,
					"min_rtt":	272807,
					"mean_rtt":	274815,
					"sender":	true
				},
				"receiver":	{
					"socket":	5,
					"start":	0,
					"end":	10.266821,
					"seconds":	10.000383,
					"bytes":	24291648,
					"bits_per_second":	18928272.344477419,
					"sender":	true
				}
			}],
		"sum_sent":	{
			"start":	0,
			"end":	10.000383,
			"seconds":	10.000383,
			"bytes":	26249760,
			"bits_per_second":	20999003.738156829,
			"retransmits":	887,
			"sender":	true
		},
		"sum_received":	{
			"start":	0,
			"end":	10.266821,
			"seconds":	10.266821,
			"bytes":	24291648,
			"bits_per_second":	18928272.344477419,
			"sender":	true
		},
		"cpu_utilization_percent":	{
			"host_total":	2.5042568628421416,
			"host_user":	0.41845549678493216,
			"host_system":	2.085792590829747,
			"remote_total":	1.49791035914083,
			"remote_user":	0.40927896384046653,
			"remote_system":	1.0886606155976388
		},
		"sender_tcp_congestion":	"cubic",
		"receiver_tcp_congestion":	"cubic"
	}
}
